Class	N_detected_PMA	N_detected_non-PMA	Prevalence_PMA	Prevalence_non-PMA
BETA-LACTAM	6.0	30.0	0.1875	0.9375
QUATERNARY AMMONIUM	5.0	32.0	0.15625	1.0
LINCOSAMIDE/MACROLIDE/STREPTOGRAMIN	5.0	29.0	0.15625	0.90625
MACROLIDE/STREPTOGRAMIN	4.0	31.0	0.125	0.96875
FUSIDIC ACID	3.0	14.0	0.09375	0.4375
MACROLIDE	2.0	30.0	0.0625	0.9375
FOSFOMYCIN	2.0	29.0	0.0625	0.90625
LINCOSAMIDE	1.0	29.0	0.03125	0.90625
TETRACYCLINE	1.0	28.0	0.03125	0.875
AMINOGLYCOSIDE	1.0	20.0	0.03125	0.625
LINCOSAMIDE/MACROLIDE	1.0	13.0	0.03125	0.40625
BLEOMYCIN	1.0	6.0	0.03125	0.1875
PHENICOL	0.0	17.0	0.0	0.53125
TRIMETHOPRIM	0.0	6.0	0.0	0.1875
LINCOSAMIDE/STREPTOGRAMIN	0.0	4.0	0.0	0.125
STREPTOTHRICIN	0.0	2.0	0.0	0.0625
GLYCOPEPTIDE	0.0	1.0	0.0	0.03125
STREPTOGRAMIN	0.0	1.0	0.0	0.03125
