Run	Bracken_total_estimated_reads	Bracken_species_richness	SampleName	Pair_ID	STATUS	HostRemoved_read_pairs	Assembly_total_bp
SRR17140442	122639	282	F4_S5_P	F4_S5	PMA	198582	118405
SRR17140443	7248760	1089	F4_S6	F4_S6	non-PMA	8358448	43849510
SRR17140444	4428174	1150	F4_S5	F4_S5	non-PMA	8617463	24798247
SRR17140445	1417588	607	F6_S8	F6_S8	non-PMA	12673520	63338485
SRR17140446	607631	454	F6_S7_P	F6_S7	PMA	19315696	25689409
SRR17140447	3248923	833	F6_S7	F6_S7	non-PMA	16866871	60145571
SRR17140448	58354	218	F6_S6_P	F6_S6	PMA	493641	13926398
SRR17140449	5597211	1162	F6_S6	F6_S6	non-PMA	7597150	67718980
SRR17140450	16026812	568	F6_S5_P	F6_S5	PMA	21648137	36290014
SRR17140451	12324493	1110	F6_S5	F6_S5	non-PMA	17537836	159121804
SRR17140452	1030767	498	F4_S3	F4_S3	non-PMA	1820150	14268840
SRR17140453	2344219	456	F6_S4_P	F6_S4	PMA	3229827	26762088
SRR17140454	9118058	935	F6_S4	F6_S4	non-PMA	14480923	116590002
SRR17140455	18111200	356	F6_S3_P	F6_S3	PMA	26885590	7528017
SRR17140456	12515337	773	F6_S3	F6_S3	non-PMA	18521971	17073703
SRR17140457	202219	521	F6_S2_P	F6_S2	PMA	341088	1611398
SRR17140458	4917762	969	F6_S2	F6_S2	non-PMA	6290659	73078853
SRR17140459	635951	159	F6_S1_P	F6_S1	PMA	30173615	28815012
SRR17140460	804965	336	F6_S1	F6_S1	non-PMA	34503061	28920545
SRR17140461	242425	235	F5_S8_P	F5_S8	PMA	270054	3201513
SRR17140462	3184452	500	F5_S8	F5_S8	non-PMA	3554696	43769050
SRR17140463	11913962	462	F4_S2_P	F4_S2	PMA	12124421	10316901
SRR17140464	353055	251	F5_S7_P	F5_S7	PMA	395479	5721400
SRR17140465	42811	113	F4_S4_P	F4_S4	PMA	57855	95513
SRR17140466	53436	161	F7_S8_P	F7_S8	PMA	75212	637640
SRR17140467	4563701	1033	F7_S8	F7_S8	non-PMA	5333466	52155834
SRR17140468	19653	94	F7_S7_P	F7_S7	PMA	30111	11289
SRR17140469	6579085	912	F7_S7	F7_S7	non-PMA	8560711	62810897
SRR17140470	986143	491	F4_S4	F4_S4	non-PMA	1535938	8782784
SRR17140471	108432	213	F7_S6_P	F7_S6	PMA	150345	2323161
SRR17140472	3393428	754	F7_S6	F7_S6	non-PMA	3920743	29556277
SRR17140473	28464	154	F7_S5_P	F7_S5	PMA	54478	20164
SRR17140474	3144159	867	F7_S5	F7_S5	non-PMA	5410282	56387570
SRR17140475	132444	351	F7_S4_P	F7_S4	PMA	212040	306336
SRR17140476	5062948	1093	F7_S4	F7_S4	non-PMA	6571027	49817852
SRR17140477	357177	287	F7_S3_P	F7_S3	PMA	415685	5480573
SRR17140478	11810940	1501	F7_S3	F7_S3	non-PMA	14769515	94821941
SRR17140479	45896	246	F7_S2_P	F7_S2	PMA	76026	42100
SRR17140480	8381294	964	F7_S2	F7_S2	non-PMA	14960575	171230257
SRR17140481	304039	341	F4_S3_P	F4_S3	PMA	353823	2831404
SRR17140482	34000	147	F7_S1_P	F7_S1	PMA	64565	4401
SRR17140483	5544713	975	F7_S1	F7_S1	non-PMA	14467541	77090209
SRR17140484	1567120	332	F6_S8_P	F6_S8	PMA	24504358	90045671
SRR17140485	85685	267	F4_S1_P	F4_S1	PMA	126103	23036
SRR17140486	1554684	636	F4_S1	F4_S1	non-PMA	1795922	13304826
SRR17140487	1273641	458	F5_S7	F5_S7	non-PMA	1380254	19324465
SRR17140488	422207	501	F5_S6_P	F5_S6	PMA	782464	12209071
SRR17140489	1600699	865	F5_S6	F5_S6	non-PMA	2076451	24830643
SRR17140490	178973	268	F5_S5_P	F5_S5	PMA	395781	3510843
SRR17140491	2850595	669	F5_S5	F5_S5	non-PMA	3781829	48183217
SRR17140492	171196	437	F5_S4_P	F5_S4	PMA	498275	3456456
SRR17140493	1299077	736	F5_S4	F5_S4	non-PMA	1714849	21480290
SRR17140494	668994	707	F5_S3_P	F5_S3	PMA	873971	8565846
SRR17140495	2292189	832	F5_S3	F5_S3	non-PMA	2733611	34819645
SRR17140496	8672548	673	F4_S2	F4_S2	non-PMA	9671164	52574907
SRR17140497	207602	375	F5_S2_P	F5_S2	PMA	334157	2036148
SRR17140498	4735292	778	F5_S2	F5_S2	non-PMA	5419601	54920847
SRR17140499	89894	183	F5_S1_P	F5_S1	PMA	109518	400264
SRR17140500	2832527	748	F5_S1	F5_S1	non-PMA	3387138	41564772
SRR17140501	98857	151	F4_S8_P	F4_S8	PMA	118450	584322
SRR17140502	1639647	429	F4_S8	F4_S8	non-PMA	1742847	10202488
SRR17140503	461550	322	F4_S7_P	F4_S7	PMA	520325	3616169
SRR17140504	6207456	518	F4_S7	F4_S7	non-PMA	6474533	15649154
SRR17140505	401584	300	F4_S6_P	F4_S6	PMA	487255	2877088
