Run,SampleName,Flight,LocationCode,STATUS,Location
SRR17140447,F6_S7,F6,S7,non-PMA,Lab overhead
SRR17140446,F6_S7_P,F6,S7,PMA,Lab overhead
SRR17140445,F6_S8,F6,S8,non-PMA,Crew quarters
SRR17140484,F6_S8_P,F6,S8,PMA,Crew quarters
SRR17140442,F4_S5_P,F4,S5,PMA,Overhead 4
SRR17140451,F6_S5,F6,S5,non-PMA,Overhead 4
SRR17140452,F4_S3,F4,S3,non-PMA,Exercise platform
SRR17140449,F6_S6,F6,S6,non-PMA,PMM
SRR17140450,F6_S5_P,F6,S5,PMA,Overhead 4
SRR17140448,F6_S6_P,F6,S6,PMA,PMM
SRR17140457,F6_S2_P,F6,S2,PMA,Waste compartment
SRR17140456,F6_S3,F6,S3,non-PMA,Exercise platform
SRR17140455,F6_S3_P,F6,S3,PMA,Exercise platform
SRR17140454,F6_S4,F6,S4,non-PMA,Dining table
SRR17140453,F6_S4_P,F6,S4,PMA,Dining table
SRR17140462,F5_S8,F5,S8,non-PMA,Crew quarters
SRR17140461,F5_S8_P,F5,S8,PMA,Crew quarters
SRR17140460,F6_S1,F6,S1,non-PMA,Cupola
SRR17140459,F6_S1_P,F6,S1,PMA,Cupola
SRR17140458,F6_S2,F6,S2,non-PMA,Waste compartment
SRR17140463,F4_S2_P,F4,S2,PMA,Waste compartment
SRR17140465,F4_S4_P,F4,S4,PMA,Dining table
SRR17140444,F4_S5,F4,S5,non-PMA,Overhead 4
SRR17140467,F7_S8,F7,S8,non-PMA,Crew quarters
SRR17140466,F7_S8_P,F7,S8,PMA,Crew quarters
SRR17140472,F7_S6,F7,S6,non-PMA,PMM
SRR17140471,F7_S6_P,F7,S6,PMA,PMM
SRR17140470,F4_S4,F4,S4,non-PMA,Dining table
SRR17140469,F7_S7,F7,S7,non-PMA,Lab overhead
SRR17140468,F7_S7_P,F7,S7,PMA,Lab overhead
SRR17140477,F7_S3_P,F7,S3,PMA,Exercise platform
SRR17140476,F7_S4,F7,S4,non-PMA,Dining table
SRR17140475,F7_S4_P,F7,S4,PMA,Dining table
SRR17140474,F7_S5,F7,S5,non-PMA,Overhead 4
SRR17140473,F7_S5_P,F7,S5,PMA,Overhead 4
SRR17140482,F7_S1_P,F7,S1,PMA,Cupola
SRR17140481,F4_S3_P,F4,S3,PMA,Exercise platform
SRR17140480,F7_S2,F7,S2,non-PMA,Waste compartment
SRR17140479,F7_S2_P,F7,S2,PMA,Waste compartment
SRR17140478,F7_S3,F7,S3,non-PMA,Exercise platform
SRR17140464,F5_S7_P,F5,S7,PMA,Lab overhead
SRR17140486,F4_S1,F4,S1,non-PMA,Cupola
SRR17140485,F4_S1_P,F4,S1,PMA,Cupola
SRR17140443,F4_S6,F4,S6,non-PMA,PMM
SRR17140483,F7_S1,F7,S1,non-PMA,Cupola
SRR17140491,F5_S5,F5,S5,non-PMA,Overhead 4
SRR17140490,F5_S5_P,F5,S5,PMA,Overhead 4
SRR17140489,F5_S6,F5,S6,non-PMA,PMM
SRR17140488,F5_S6_P,F5,S6,PMA,PMM
SRR17140487,F5_S7,F5,S7,non-PMA,Lab overhead
SRR17140496,F4_S2,F4,S2,non-PMA,Waste compartment
SRR17140495,F5_S3,F5,S3,non-PMA,Exercise platform
SRR17140494,F5_S3_P,F5,S3,PMA,Exercise platform
SRR17140493,F5_S4,F5,S4,non-PMA,Dining table
SRR17140492,F5_S4_P,F5,S4,PMA,Dining table
SRR17140501,F4_S8_P,F4,S8,PMA,Crew quarters
SRR17140500,F5_S1,F5,S1,non-PMA,Cupola
SRR17140499,F5_S1_P,F5,S1,PMA,Cupola
SRR17140498,F5_S2,F5,S2,non-PMA,Waste compartment
SRR17140497,F5_S2_P,F5,S2,PMA,Waste compartment
SRR17140505,F4_S6_P,F4,S6,PMA,PMM
SRR17140503,F4_S7_P,F4,S7,PMA,Lab overhead
SRR17140504,F4_S7,F4,S7,non-PMA,Lab overhead
SRR17140502,F4_S8,F4,S8,non-PMA,Crew quarters
