Run	SampleName	Flight	LocationCode	STATUS	Location	Pair_ID	QC_R1_reads	QC_R2_reads	QC_total_reads	QC_read_pairs	HostRemoved_R1_reads	HostRemoved_R2_reads	HostRemoved_total_reads	HostRemoved_read_pairs	HostRemoved_fraction	Assembly_contigs	Assembly_total_bp	Assembly_N50	Assembly_max_contig	Assembly_mean_contig	AMRFinder_hits	KEGG_file_rows	KEGG_valid_assignments	KEGG_unique_KOs	log10_HostRemoved_pairs	log10_Assembly_bp	log10_Assembly_contigs	log10_KEGG_assignments	log10_AMRFinder_hits
SRR17140447	F6_S7	F6	S7	non-PMA	Lab overhead	F6_S7	16868208	16868208	33736416	16868208	16866871	16866871	33733742	16866871	0.9999207384684846	32640	60145571	6660	314423	1842.6951899509804	25	41580	41580	4748	7.227034549151213	7.779203659493766	4.513763455468749	4.618894929662588	1.414973347970818
SRR17140446	F6_S7_P	F6	S7	PMA	Lab overhead	F6_S7	19316760	19316760	38633520	19316760	19315696	19315696	38631392	19315696	0.999944918298928	8068	25689409	49637	369148	3184.111179970253	2	7740	7740	2902	7.285910384124243	7.409754130086248	3.9068197154665456	3.888797067456681	0.47712125471966244
SRR17140445	F6_S8	F6	S8	non-PMA	Crew quarters	F6_S8	12674682	12674682	25349364	12674682	12673520	12673520	25347040	12673520	0.9999083211712924	27640	63338485	21600	322718	2291.551555716353	4	24728	24728	4591	7.102897288793008	7.801667678080667	4.441553750953457	4.393206554563365	0.6989700043360189
SRR17140484	F6_S8_P	F6	S8	PMA	Crew quarters	F6_S8	24505132	24505132	49010264	24505132	24504358	24504358	49008716	24504358	0.999968414779402	41154	90045671	4185	311113	2188.0174709627254	1	27277	27277	4688	7.389243346456731	7.9544628435110365	4.6144226060244975	4.4358125250458365	0.3010299956639812
SRR17140442	F4_S5_P	F4	S5	PMA	Overhead 4	F4_S5	198625	198625	397250	198625	198582	198582	397164	198582	0.9997835116425424	181	118405	621	1826	654.171270718232	0	191	191	163	5.297942067310419	5.073373709995593	2.2600713879850747	2.2833012287035497	0.0
SRR17140451	F6_S5	F6	S5	non-PMA	Overhead 4	F6_S5	17538388	17538388	35076776	17538388	17537836	17537836	35075672	17537836	0.9999685261838204	95629	159121804	2813	301119	1663.9492622530822	32	116914	116914	6727	7.243976029344141	8.201729696568703	4.98059415577622	5.067870233996025	1.5185139398778875
SRR17140452	F4_S3	F4	S3	non-PMA	Exercise platform	F4_S3	1820744	1820744	3641488	1820744	1820150	1820150	3640300	1820150	0.9996737597377776	13895	14268840	1024	32885	1026.9046419575386	15	16318	16318	2871	6.260107418615016	7.154388698570401	4.142889805439042	4.212693542421026	1.2041199826559248
SRR17140449	F6_S6	F6	S6	non-PMA	PMM	F6_S6	7597927	7597927	15195854	7597927	7597150	7597150	15194300	7597150	0.9998977352638424	40974	67718980	2876	822225	1652.7305120320202	35	50764	50764	4856	6.880650758471555	7.830710414448613	4.612518962242537	4.705564390520156	1.5563025007672873
SRR17140450	F6_S5_P	F6	S5	PMA	Overhead 4	F6_S5	21648779	21648779	43297558	21648779	21648137	21648137	43296274	21648137	0.9999703447478492	2271	36290014	85839	334407	15979.750770585644	0	6632	6632	2526	7.335420547751676	7.559787147710501	3.3564083270389813	3.8217099972983766	0.0
SRR17140448	F6_S6_P	F6	S6	PMA	PMM	F6_S6	493697	493697	987394	493697	493641	493641	987282	493641	0.9998865701027148	12154	13926398	1277	40279	1145.8283692611485	0	2348	2348	1272	5.693412103197502	7.1438388338250505	4.084754963179354	3.370883016777606	0.0
SRR17140457	F6_S2_P	F6	S2	PMA	Waste compartment	F6_S2	341944	341944	683888	341944	341088	341088	682176	341088	0.9974966661207684	1997	1611398	791	15577	806.9093640460691	2	2063	2063	1241	5.532867713789302	6.207203089794181	3.3005954838899636	3.314709692955174	0.47712125471966244
SRR17140456	F6_S3	F6	S3	non-PMA	Exercise platform	F6_S3	18523051	18523051	37046102	18523051	18521971	18521971	37043942	18521971	0.9999416942705605	8617	17073703	6834	344385	1981.3975861668796	11	14543	14543	3511	7.267687223335414	7.232327747960613	3.935406489752349	4.162683865877892	1.0791812460476249
SRR17140455	F6_S3_P	F6	S3	PMA	Exercise platform	F6_S3	26885792	26885792	53771584	26885792	26885590	26885590	53771180	26885590	0.9999924867379768	734	7528017	81747	315036	10256.153950953678	0	4505	4505	2416	7.42951958759453	6.876680648847911	2.8662873390841948	3.653791187387812	0.0
SRR17140454	F6_S4	F6	S4	non-PMA	Dining table	F6_S4	14484175	14484175	28968350	14484175	14480923	14480923	28961846	14480923	0.9997754791004664	75494	116590002	2302	390310	1544.3611677749225	21	80302	80302	6356	7.160796274243607	8.066661313475592	4.877918189452821	4.9047317701741795	1.3424226808222062
SRR17140453	F6_S4_P	F6	S4	PMA	Dining table	F6_S4	3234922	3234922	6469844	3234922	3229827	3229827	6459654	3229827	0.998425000664622	10451	26762088	3777	248118	2560.720313845565	0	8557	8557	3678	6.509179395198026	7.427520010656435	4.019199401055288	3.932372282147914	0.0
SRR17140462	F5_S8	F5	S8	non-PMA	Crew quarters	F5_S8	3554853	3554853	7109706	3554853	3554696	3554696	7109392	3554696	0.9999558350232768	24168	43769050	2672	169603	1811.0331843760343	14	38821	38821	4275	6.550802587671627	7.641167130347833	4.383258681708175	4.5890779052561	1.1760912590556813
SRR17140461	F5_S8_P	F5	S8	PMA	Crew quarters	F5_S8	270139	270139	540278	270139	270054	270054	540108	270054	0.999685347173122	1048	3201513	5790	32237	3054.8788167938933	0	2578	2578	1360	5.431452222544105	6.505355405304167	3.020775488193558	3.4114513421379375	0.0
SRR17140460	F6_S1	F6	S1	non-PMA	Cupola	F6_S1	34503760	34503760	69007520	34503760	34503061	34503061	69006122	34503061	0.9999797413383352	457	28920545	266166	1199407	63283.4682713348	1	4682	4682	1979	7.537857638571661	7.461206487880748	2.660865478003869	3.67052415778208	0.3010299956639812
SRR17140459	F6_S1_P	F6	S1	PMA	Cupola	F6_S1	30174083	30174083	60348166	30174083	30173615	30173615	60347230	30173615	0.9999844900009056	332	28815012	294232	1084089	86792.2048192771	0	4580	4580	1924	7.479627359056131	7.459618819850986	2.5224442335063197	3.6609602917760835	0.0
SRR17140458	F6_S2	F6	S2	non-PMA	Waste compartment	F6_S2	6292707	6292707	12585414	6292707	6290659	6290659	12581318	6290659	0.9996745438807176	58979	73078853	1387	341425	1239.065650485766	37	71634	71634	4719	6.798696212904897	7.863791728262074	4.770704768215779	4.8551252652257055	1.5797835966168101
SRR17140463	F4_S2_P	F4	S2	PMA	Waste compartment	F4_S2	12124508	12124508	24249016	12124508	12124421	12124421	24248842	12124421	0.9999928244511036	5309	10316901	5215	643251	1943.285176116029	18	9664	9664	2457	7.083661043918107	7.013549305208597	3.725094521081469	3.985201858364572	1.2787536009528289
SRR17140465	F4_S4_P	F4	S4	PMA	Dining table	F4_S4	57855	57855	115710	57855	57855	57855	115710	57855	1.0	137	95513	651	3448	697.1751824817518	0	146	146	133	4.76234840445925	4.980067033124341	2.1398790864012365	2.167317334748176	0.0
SRR17140444	F4_S5	F4	S5	non-PMA	Overhead 4	F4_S5	8618140	8618140	17236280	8618140	8617463	8617463	17234926	8617463	0.999921444766504	22152	24798247	1078	232810	1119.458604189238	23	22905	22905	3633	6.9353794777911535	7.394420998938719	4.345432547499147	4.3599492563828655	1.3802112417116061
SRR17140467	F7_S8	F7	S8	non-PMA	Crew quarters	F7_S8	5334640	5334640	10669280	5334640	5333466	5333466	10666932	5333466	0.9997799289174152	35982	52155834	1940	258536	1449.497915624479	16	49890	49890	4668	6.727009612305321	7.71730290272503	4.5560973688242	4.698022208892668	1.2304489213782739
SRR17140466	F7_S8_P	F7	S8	PMA	Crew quarters	F7_S8	75313	75313	150626	75313	75212	75212	150424	75212	0.9986589300651946	880	637640	707	4196	724.5909090909091	0	859	859	649	4.876292911606499	5.80457623420563	2.944975908412048	2.934498451243568	0.0
SRR17140472	F7_S6	F7	S6	non-PMA	PMM	F7_S6	3921162	3921162	7842324	3921162	3920743	3920743	7841486	3920743	0.9998931439200932	18340	29556277	2307	280778	1611.5745365321702	23	27173	27173	3141	6.593368486519297	7.4706497427865175	4.263423010867386	4.4341535710666005	1.3802112417116061
SRR17140471	F7_S6_P	F7	S6	PMA	PMM	F7_S6	150413	150413	300826	150413	150345	150345	300690	150345	0.9995479114172312	2737	2323161	850	5336	848.7983193277311	1	2883	2883	1387	5.177091878056514	6.366079495315935	3.437433443797971	3.4599952560473914	0.3010299956639812
SRR17140470	F4_S4	F4	S4	non-PMA	Dining table	F4_S4	1535957	1535957	3071914	1535957	1535938	1535938	3071876	1535938	0.999987629862034	7701	8782784	1247	27269	1140.4731853006103	7	9218	9218	2407	6.186373967981004	6.943632251480755	3.8866035142867124	3.964683814976041	0.9030899869919435
SRR17140469	F7_S7	F7	S7	non-PMA	Lab overhead	F7_S7	8561920	8561920	17123840	8561920	8560711	8560711	17121422	8560711	0.9998587933547616	43606	62810897	1990	492522	1440.4186809154703	24	40871	40871	4389	6.9325098867346115	7.79803500250544	4.639556209850188	4.611425889674207	1.3979400086720377
SRR17140468	F7_S7_P	F7	S7	PMA	Lab overhead	F7_S7	30194	30194	60388	30194	30111	30111	60222	30111	0.997251109491952	19	11289	557	1021	594.1578947368421	0	15	15	14	4.478739601747163	4.052693941924968	1.3010299956639813	1.2041199826559248	0.0
SRR17140477	F7_S3_P	F7	S3	PMA	Exercise platform	F7_S3	415895	415895	831790	415895	415685	415685	831370	415685	0.999495064860121	4112	5480573	1752	53114	1332.824173151751	8	5559	5559	2160	5.618765398032478	6.738826046071578	3.614158709509175	3.7450747915820575	0.9542425094393249
SRR17140476	F7_S4	F7	S4	non-PMA	Dining table	F7_S4	6571703	6571703	13143406	6571703	6571027	6571027	13142054	6571027	0.9998971347305255	36185	49817852	1662	123896	1376.7542351803231	20	36441	36441	5006	6.8176333177794035	7.697385006814602	4.558540578854596	4.561602203787474	1.3222192947339193
SRR17140475	F7_S4_P	F7	S4	PMA	Dining table	F7_S4	215387	215387	430774	215387	212040	212040	424080	212040	0.9844605291869984	426	306336	649	29470	719.0985915492957	0	368	368	312	5.326419843721989	5.486199454937081	2.630427875025024	2.56702636615906	0.0
SRR17140474	F7_S5	F7	S5	non-PMA	Overhead 4	F7_S5	5411152	5411152	10822304	5411152	5410282	5410282	10820564	5410282	0.9998392209274476	32585	56387570	3031	139474	1730.476292772748	20	37593	37593	4727	6.73321998268954	7.7511833869448505	4.513031053176271	4.575118537086691	1.3222192947339193
SRR17140473	F7_S5_P	F7	S5	PMA	Overhead 4	F7_S5	54567	54567	109134	54567	54478	54478	108956	54478	0.9983689775871863	34	20164	569	849	593.0588235294117	0	24	24	24	4.736229127200107	4.3045982263436375	1.5440680443502757	1.3979400086720377	0.0
SRR17140482	F7_S1_P	F7	S1	PMA	Cupola	F7_S1	64682	64682	129364	64682	64565	64565	129130	64565	0.998191150551931	8	4401	565	586	550.125	0	10	10	10	4.810003881779273	3.6436500382173294	0.9542425094393249	1.0413926851582251	0.0
SRR17140481	F4_S3_P	F4	S3	PMA	Exercise platform	F4_S3	355301	355301	710602	355301	353823	353823	707646	353823	0.9958401468051032	2422	2831404	1359	17060	1169.0355078447565	0	3138	3138	1370	5.548787287912477	6.452001994651257	3.3843534141375065	3.4967913157000425	0.0
SRR17140480	F7_S2	F7	S2	non-PMA	Waste compartment	F7_S2	14961004	14961004	29922008	14961004	14960575	14960575	29921150	14960575	0.9999713254538264	100432	171230257	2753	403943	1704.9372411183683	41	138230	138230	5143	7.174948314705309	8.233580511049698	5.001876435549106	5.140605449834056	1.6232492903979006
SRR17140479	F7_S2_P	F7	S2	PMA	Waste compartment	F7_S2	76065	76065	152130	76065	76026	76026	152052	76026	0.9994872806152632	67	42100	605	1169	628.3582089552239	0	59	59	54	4.88096785370981	4.624292411496573	1.8325089127062364	1.7781512503836436	0.0
SRR17140478	F7_S3	F7	S3	non-PMA	Exercise platform	F7_S3	14770849	14770849	29541698	14770849	14769515	14769515	29539030	14769515	0.999909686978724	59477	94821941	2469	351547	1594.2623367015822	51	81940	81940	5512	7.169366263627905	7.9769088456385715	4.774356356561968	4.913501259737112	1.7160033436347992
SRR17140464	F5_S7_P	F5	S7	PMA	Lab overhead	F5_S7	395488	395488	790976	395488	395479	395479	790958	395479	0.9999772433044744	4333	5721400	1606	48626	1320.42464804985	4	5834	5834	2012	5.597124525484104	6.75750238754615	3.636888906983799	3.766040860381389	0.6989700043360189
SRR17140486	F4_S1	F4	S1	non-PMA	Cupola	F4_S1	1796662	1796662	3593324	1796662	1795922	1795922	3591844	1795922	0.9995881250897498	10675	13304826	1373	59060	1246.3537236533955	18	14108	14108	2554	6.254287712402567	7.124009231879979	4.02840856511547	4.149496233465742	1.2787536009528289
SRR17140485	F4_S1_P	F4	S1	PMA	Cupola	F4_S1	126144	126144	252288	126144	126103	126103	252206	126103	0.9996749746321664	35	23036	622	1485	658.1714285714286	0	27	27	26	5.100728862547514	4.36242592230863	1.5563025007672873	1.4471580313422192	0.0
SRR17140443	F4_S6	F4	S6	non-PMA	PMM	F4_S6	8358661	8358661	16717322	8358661	8358448	8358448	16716896	8358448	0.999974517449625	30902	43849510	1792	270055	1418.9861497637694	39	41959	41959	3678	6.922125696908686	7.641964754573535	4.490000641890952	4.6228354795215205	1.6020599913279625
SRR17140483	F7_S1	F7	S1	non-PMA	Cupola	F7_S1	14468486	14468486	28936972	14468486	14467541	14467541	28935082	14467541	0.9999346856333136	29577	77090209	18804	639820	2606.42421476147	33	45154	45154	4496	7.160394751816076	7.88699922872619	4.470968804605796	4.654705846613685	1.5314789170422551
SRR17140491	F5_S5	F5	S5	non-PMA	Overhead 4	F5_S5	3781942	3781942	7563884	3781942	3781829	3781829	7563658	3781829	0.999970121170552	37704	48183217	1500	251922	1277.9338266496925	24	48126	48126	4516	6.577702002636653	7.682895801743116	4.576398945124239	4.682388790743377	1.3979400086720377
SRR17140490	F5_S5_P	F5	S5	PMA	Overhead 4	F5_S5	395813	395813	791626	395813	395781	395781	791562	395781	0.9999191537417922	2232	3510843	2670	33741	1572.9583333333333	1	2801	2801	1488	5.597456038787923	6.5454115325572495	3.348888723071438	3.4474681309497557	0.3010299956639812
SRR17140489	F5_S6	F5	S6	non-PMA	PMM	F5_S6	2076565	2076565	4153130	2076565	2076451	2076451	4152902	2076451	0.9999451016462284	22951	24830643	1077	37486	1081.8980872293146	27	26304	26304	4049	6.317321896256842	7.394987983429691	4.360820535237942	4.420038306133178	1.4471580313422192
SRR17140488	F5_S6_P	F5	S6	PMA	PMM	F5_S6	782470	782470	1564940	782470	782464	782464	1564928	782464	0.9999923319743887	14295	12209071	833	7278	854.0798181182231	0	14981	14981	3282	5.893464920471752	7.086682654887094	4.155214539497588	4.175569792734992	0.0
SRR17140487	F5_S7	F5	S7	non-PMA	Lab overhead	F5_S7	1380266	1380266	2760532	1380266	1380254	1380254	2760508	1380254	0.9999913060236216	13516	19324465	1801	142402	1429.747336490086	20	19012	19012	2769	6.13995932905505	7.2861075017387416	4.130880313793652	4.279050648199026	1.3222192947339193
SRR17140496	F4_S2	F4	S2	non-PMA	Waste compartment	F4_S2	9671311	9671311	19342622	9671311	9671164	9671164	19342328	9671164	0.999984800406067	25020	52574907	4337	428152	2101.315227817746	40	44148	44148	4196	6.985478792862354	7.720778521393979	4.398304662903492	4.644920871007576	1.6127838567197355
SRR17140495	F5_S3	F5	S3	non-PMA	Exercise platform	F5_S3	2734218	2734218	5468436	2734218	2733611	2733611	5467222	2733611	0.99977799868189	25424	34819645	1799	147591	1369.5580947136564	33	33881	33881	3741	6.4367368722592255	7.541824351473211	4.405260961594783	4.529969038120523	1.5314789170422551
SRR17140494	F5_S3_P	F5	S3	PMA	Exercise platform	F5_S3	874331	874331	1748662	874331	873971	873971	1747942	873971	0.9995882566213482	7449	8565846	1223	38941	1149.9323399113975	12	9664	9664	2388	5.941497519087167	6.932770312921962	3.8721562727482928	3.985201858364572	1.1139433523068367
SRR17140493	F5_S4	F5	S4	non-PMA	Dining table	F5_S4	1714965	1714965	3429930	1714965	1714849	1714849	3429698	1714849	0.9999323601356296	17138	21480290	1449	59831	1253.3720387443109	17	22441	22441	3544	6.234226137777435	7.332040160586092	4.233985478780212	4.351061558032383	1.255272505103306
SRR17140492	F5_S4_P	F5	S4	PMA	Dining table	F5_S4	498312	498312	996624	498312	498275	498275	996550	498275	0.9999257493297372	3383	3456456	1081	18049	1021.7132722435708	0	2420	2420	1326	5.69746996941352	6.538631158418255	3.529430354366986	3.383994789441733	0.0
SRR17140501	F4_S8_P	F4	S8	PMA	Crew quarters	F4_S8	118700	118700	237400	118700	118450	118450	236900	118450	0.997893850042123	778	584322	702	13867	751.0565552699229	0	767	767	582	5.073538731522682	5.76665298125549	2.8915374576725643	2.885361220031512	0.0
SRR17140500	F5_S1	F5	S1	non-PMA	Cupola	F5_S1	3387267	3387267	6774534	3387267	3387138	3387138	6774276	3387138	0.9999619161996972	29201	41564772	1945	209416	1423.4023492346153	27	40550	40550	4307	6.529833019406459	7.61872541300785	4.46541259662715	4.608001568513314	1.4471580313422192
SRR17140499	F5_S1_P	F5	S1	PMA	Cupola	F5_S1	109521	109521	219042	109521	109518	109518	219036	109518	0.9999726079929876	614	400264	623	3048	651.8957654723127	0	591	591	479	5.039489469672458	5.602347616157015	2.788875115775417	2.77232170672292	0.0
SRR17140498	F5_S2	F5	S2	non-PMA	Waste compartment	F5_S2	5419908	5419908	10839816	5419908	5419601	5419601	10839202	5419601	0.999943356972111	42962	54920847	1430	650713	1278.3587123504492	34	54129	54129	4483	6.7339673943704135	7.739737234298101	4.6330945994595645	4.733438027091061	1.5440680443502757
SRR17140497	F5_S2_P	F5	S2	PMA	Waste compartment	F5_S2	334251	334251	668502	334251	334157	334157	668314	334157	0.9997187742145872	2448	2036148	807	15435	831.7598039215686	4	2515	2515	1228	5.52395186292871	6.308809555349445	3.388988785124714	3.400710636773231	0.6989700043360189
SRR17140505	F4_S6_P	F4	S6	PMA	PMM	F4_S6	487277	487277	974554	487277	487255	487255	974510	487255	0.9999548511421636	555	2877088	21443	114625	5183.942342342342	0	2075	2075	1427	5.687757195662102	6.458953296583078	2.7450747915820575	3.31722734917642	0.0
SRR17140503	F4_S7_P	F4	S7	PMA	Lab overhead	F4_S7	520332	520332	1040664	520332	520325	520325	1040650	520325	0.9999865470507292	1328	3616169	25685	160774	2723.0188253012047	0	2728	2728	1708	5.716275527557405	6.558248838929012	3.123524980942732	3.4360035356698964	0.0
SRR17140504	F4_S7	F4	S7	non-PMA	Lab overhead	F4_S7	6474730	6474730	12949460	6474730	6474533	6474533	12949066	6474533	0.9999695740208472	7148	15649154	7929	166192	2189.3052602126468	18	13454	13454	2558	6.811208515840314	7.194490892122415	3.8542452970661185	4.128883702099773	1.2787536009528289
SRR17140502	F4_S8	F4	S8	non-PMA	Crew quarters	F4_S8	1743184	1743184	3486368	1743184	1742847	1742847	3485694	1742847	0.9998066756005104	6001	10202488	2653	178479	1700.131311448092	8	9976	9976	2408	6.241259512388381	7.0087061352030275	3.778295991088834	3.9989999722183205	0.9542425094393249
