Pair_ID,Flight,LocationCode,Location,PMA,non-PMA
F4_S1,F4,S1,Cupola,SRR17140485,SRR17140486
F4_S2,F4,S2,Waste compartment,SRR17140463,SRR17140496
F4_S3,F4,S3,Exercise platform,SRR17140481,SRR17140452
F4_S4,F4,S4,Dining table,SRR17140465,SRR17140470
F4_S5,F4,S5,Overhead 4,SRR17140442,SRR17140444
F4_S6,F4,S6,PMM,SRR17140505,SRR17140443
F4_S7,F4,S7,Lab overhead,SRR17140503,SRR17140504
F4_S8,F4,S8,Crew quarters,SRR17140501,SRR17140502
F5_S1,F5,S1,Cupola,SRR17140499,SRR17140500
F5_S2,F5,S2,Waste compartment,SRR17140497,SRR17140498
F5_S3,F5,S3,Exercise platform,SRR17140494,SRR17140495
F5_S4,F5,S4,Dining table,SRR17140492,SRR17140493
F5_S5,F5,S5,Overhead 4,SRR17140490,SRR17140491
F5_S6,F5,S6,PMM,SRR17140488,SRR17140489
F5_S7,F5,S7,Lab overhead,SRR17140464,SRR17140487
F5_S8,F5,S8,Crew quarters,SRR17140461,SRR17140462
F6_S1,F6,S1,Cupola,SRR17140459,SRR17140460
F6_S2,F6,S2,Waste compartment,SRR17140457,SRR17140458
F6_S3,F6,S3,Exercise platform,SRR17140455,SRR17140456
F6_S4,F6,S4,Dining table,SRR17140453,SRR17140454
F6_S5,F6,S5,Overhead 4,SRR17140450,SRR17140451
F6_S6,F6,S6,PMM,SRR17140448,SRR17140449
F6_S7,F6,S7,Lab overhead,SRR17140446,SRR17140447
F6_S8,F6,S8,Crew quarters,SRR17140484,SRR17140445
F7_S1,F7,S1,Cupola,SRR17140482,SRR17140483
F7_S2,F7,S2,Waste compartment,SRR17140479,SRR17140480
F7_S3,F7,S3,Exercise platform,SRR17140477,SRR17140478
F7_S4,F7,S4,Dining table,SRR17140475,SRR17140476
F7_S5,F7,S5,Overhead 4,SRR17140473,SRR17140474
F7_S6,F7,S6,PMM,SRR17140471,SRR17140472
F7_S7,F7,S7,Lab overhead,SRR17140468,SRR17140469
F7_S8,F7,S8,Crew quarters,SRR17140466,SRR17140467
