ARG-category	ReadCount	16s-NormalizedReadCount	Run	STATUS	SampleName	Pair_ID	Flight	LocationCode	Location
fluoroquinolone	18	0.275655558883	SRR17140442	PMA	F4_S5_P	F4_S5	F4	S5	Overhead 4
aminoglycoside	6	0.130591400301	SRR17140442	PMA	F4_S5_P	F4_S5	F4	S5	Overhead 4
tetracycline	7	0.063308007604	SRR17140442	PMA	F4_S5_P	F4_S5	F4	S5	Overhead 4
peptide	2	0.0306283954314	SRR17140442	PMA	F4_S5_P	F4_S5	F4	S5	Overhead 4
rifamycin	1	0.0521220062605	SRR17140442	PMA	F4_S5_P	F4_S5	F4	S5	Overhead 4
pleuromutilin	1	0.00916961221249	SRR17140442	PMA	F4_S5_P	F4_S5	F4	S5	Overhead 4
bacitracin	6	0.130591400301	SRR17140442	PMA	F4_S5_P	F4_S5	F4	S5	Overhead 4
multidrug	94	1.43583398223	SRR17140442	PMA	F4_S5_P	F4_S5	F4	S5	Overhead 4
unclassified	4	0.145813710765	SRR17140442	PMA	F4_S5_P	F4_S5	F4	S5	Overhead 4
MLS	47	1.73459446921	SRR17140442	PMA	F4_S5_P	F4_S5	F4	S5	Overhead 4
phenicol	3	0.0375278445075	SRR17140442	PMA	F4_S5_P	F4_S5	F4	S5	Overhead 4
beta-lactam	71	0.562500691563	SRR17140442	PMA	F4_S5_P	F4_S5	F4	S5	Overhead 4
triclosan	3	0.0175622917646	SRR17140442	PMA	F4_S5_P	F4_S5	F4	S5	Overhead 4
fluoroquinolone	20	0.0497579857745	SRR17140446	PMA	F6_S7_P	F6_S7	F6	S7	Lab overhead
fosfomycin	3	0.0246463116588	SRR17140446	PMA	F6_S7_P	F6_S7	F6	S7	Lab overhead
tetracycline	18	0.0321674865782	SRR17140446	PMA	F6_S7_P	F6_S7	F6	S7	Lab overhead
peptide	1	0.00294315921012	SRR17140446	PMA	F6_S7_P	F6_S7	F6	S7	Lab overhead
rifamycin	2	0.0200341363776	SRR17140446	PMA	F6_S7_P	F6_S7	F6	S7	Lab overhead
mupirocin	2	0.00223036283892	SRR17140446	PMA	F6_S7_P	F6_S7	F6	S7	Lab overhead
bacitracin	28	0.117122643438	SRR17140446	PMA	F6_S7_P	F6_S7	F6	S7	Lab overhead
multidrug	350	0.275262410974	SRR17140446	PMA	F6_S7_P	F6_S7	F6	S7	Lab overhead
aminoglycoside	2	0.0090272393164	SRR17140446	PMA	F6_S7_P	F6_S7	F6	S7	Lab overhead
MLS	68	0.316948214693	SRR17140446	PMA	F6_S7_P	F6_S7	F6	S7	Lab overhead
diaminopyrimidine	12	0.0851139706975	SRR17140446	PMA	F6_S7_P	F6_S7	F6	S7	Lab overhead
phenicol	2	0.0106227513816	SRR17140446	PMA	F6_S7_P	F6_S7	F6	S7	Lab overhead
beta-lactam	145	0.24787745084	SRR17140446	PMA	F6_S7_P	F6_S7	F6	S7	Lab overhead
pleuromutilin	1	0.00176226199618	SRR17140446	PMA	F6_S7_P	F6_S7	F6	S7	Lab overhead
unclassified	11	0.0573580068894	SRR17140446	PMA	F6_S7_P	F6_S7	F6	S7	Lab overhead
glycopeptide	5	0.0249333138324	SRR17140446	PMA	F6_S7_P	F6_S7	F6	S7	Lab overhead
fluoroquinolone	3	0.0632695139912	SRR17140448	PMA	F6_S6_P	F6_S6	F6	S6	PMM
aminoglycoside	3	0.0512496271995	SRR17140448	PMA	F6_S6_P	F6_S6	F6	S6	PMM
peptide	2	0.0421796759941	SRR17140448	PMA	F6_S6_P	F6_S6	F6	S6	PMM
tetracycline	12	0.169592894152	SRR17140448	PMA	F6_S6_P	F6_S6	F6	S6	PMM
bacitracin	5	0.149869178441	SRR17140448	PMA	F6_S6_P	F6_S6	F6	S6	PMM
aminoglycoside:aminocoumarin	4	0.0716223819944	SRR17140448	PMA	F6_S6_P	F6_S6	F6	S6	PMM
multidrug	79	1.66181417554	SRR17140448	PMA	F6_S6_P	F6_S6	F6	S6	PMM
unclassified	2	0.100403155127	SRR17140448	PMA	F6_S6_P	F6_S6	F6	S6	PMM
MLS	10	0.508251996451	SRR17140448	PMA	F6_S6_P	F6_S6	F6	S6	PMM
diaminopyrimidine	2	0.10165039929	SRR17140448	PMA	F6_S6_P	F6_S6	F6	S6	PMM
beta-lactam	19	0.207299047619	SRR17140448	PMA	F6_S6_P	F6_S6	F6	S6	PMM
nitroimidazole	2	0.0281197839961	SRR17140448	PMA	F6_S6_P	F6_S6	F6	S6	PMM
triclosan	1	0.0213651622529	SRR17140448	PMA	F6_S6_P	F6_S6	F6	S6	PMM
glycopeptide	2	0.081018387553	SRR17140448	PMA	F6_S6_P	F6_S6	F6	S6	PMM
fluoroquinolone	2	0.0105298763181	SRR17140450	PMA	F6_S5_P	F6_S5	F6	S5	Overhead 4
aminoglycoside	5	0.0453954667935	SRR17140450	PMA	F6_S5_P	F6_S5	F6	S5	Overhead 4
peptide	6	0.0315896289542	SRR17140450	PMA	F6_S5_P	F6_S5	F6	S5	Overhead 4
MLS	47	0.39188331538	SRR17140450	PMA	F6_S5_P	F6_S5	F6	S5	Overhead 4
pleuromutilin	1	0.00315246297177	SRR17140450	PMA	F6_S5_P	F6_S5	F6	S5	Overhead 4
bacitracin	6	0.04489661551	SRR17140450	PMA	F6_S5_P	F6_S5	F6	S5	Overhead 4
multidrug	1562	2.19755327887	SRR17140450	PMA	F6_S5_P	F6_S5	F6	S5	Overhead 4
unclassified	5	0.0466391782125	SRR17140450	PMA	F6_S5_P	F6_S5	F6	S5	Overhead 4
tetracycline	35	0.343739712499	SRR17140450	PMA	F6_S5_P	F6_S5	F6	S5	Overhead 4
phenicol	2	0.0190027535415	SRR17140450	PMA	F6_S5_P	F6_S5	F6	S5	Overhead 4
rifamycin	2	0.0272372800761	SRR17140450	PMA	F6_S5_P	F6_S5	F6	S5	Overhead 4
beta-lactam	18	0.0490271041369	SRR17140450	PMA	F6_S5_P	F6_S5	F6	S5	Overhead 4
fosmidomycin	3	0.0149472878466	SRR17140450	PMA	F6_S5_P	F6_S5	F6	S5	Overhead 4
triclosan	1	0.00201260690217	SRR17140450	PMA	F6_S5_P	F6_S5	F6	S5	Overhead 4
aminoglycoside	1	0.000245931693846	SRR17140453	PMA	F6_S4_P	F6_S4	F6	S4	Dining table
tetracycline	6	0.00239465884055	SRR17140453	PMA	F6_S4_P	F6_S4	F6	S4	Dining table
peptide	9	0.00419612522608	SRR17140453	PMA	F6_S4_P	F6_S4	F6	S4	Dining table
rifamycin	1	0.00223711549577	SRR17140453	PMA	F6_S4_P	F6_S4	F6	S4	Dining table
mupirocin	1	0.000249053873553	SRR17140453	PMA	F6_S4_P	F6_S4	F6	S4	Dining table
bacitracin	606	0.566113138865	SRR17140453	PMA	F6_S4_P	F6_S4	F6	S4	Dining table
multidrug	6164	6.89478995798	SRR17140453	PMA	F6_S4_P	F6_S4	F6	S4	Dining table
unclassified	52	0.0813596359445	SRR17140453	PMA	F6_S4_P	F6_S4	F6	S4	Dining table
MLS	153	0.0961078041313	SRR17140453	PMA	F6_S4_P	F6_S4	F6	S4	Dining table
diaminopyrimidine	1	0.00158404451254	SRR17140453	PMA	F6_S4_P	F6_S4	F6	S4	Dining table
beta-lactam	7	0.0023802908875	SRR17140453	PMA	F6_S4_P	F6_S4	F6	S4	Dining table
fosmidomycin	8	0.00497621788328	SRR17140453	PMA	F6_S4_P	F6_S4	F6	S4	Dining table
nitroimidazole	72	0.0315502474043	SRR17140453	PMA	F6_S4_P	F6_S4	F6	S4	Dining table
polymyxin	1	0.000385243453955	SRR17140453	PMA	F6_S4_P	F6_S4	F6	S4	Dining table
fluoroquinolone/multidrug	13	0.006994525664	SRR17140453	PMA	F6_S4_P	F6_S4	F6	S4	Dining table
triclosan	996	0.526993862764	SRR17140453	PMA	F6_S4_P	F6_S4	F6	S4	Dining table
glycopeptide	1	0.00111367321624	SRR17140453	PMA	F6_S4_P	F6_S4	F6	S4	Dining table
peptide	2	0.000179807154316	SRR17140455	PMA	F6_S3_P	F6_S3	F6	S3	Exercise platform
tetracycline	3	0.000232550586248	SRR17140455	PMA	F6_S3_P	F6_S3	F6	S3	Exercise platform
bacitracin	3277	0.418718830294	SRR17140455	PMA	F6_S3_P	F6_S3	F6	S3	Exercise platform
multidrug	13992	1.25469709619	SRR17140455	PMA	F6_S3_P	F6_S3	F6	S3	Exercise platform
unclassified	202	0.0321748071385	SRR17140455	PMA	F6_S3_P	F6_S3	F6	S3	Exercise platform
MLS	412	0.0589001075006	SRR17140455	PMA	F6_S3_P	F6_S3	F6	S3	Exercise platform
diaminopyrimidine	2	0.000433324073755	SRR17140455	PMA	F6_S3_P	F6_S3	F6	S3	Exercise platform
rifamycin	12	0.000875713504701	SRR17140455	PMA	F6_S3_P	F6_S3	F6	S3	Exercise platform
beta-lactam	18	0.00215768585179	SRR17140455	PMA	F6_S3_P	F6_S3	F6	S3	Exercise platform
nitroimidazole	206	0.0123467579297	SRR17140455	PMA	F6_S3_P	F6_S3	F6	S3	Exercise platform
triclosan	1324	0.0455020161861	SRR17140455	PMA	F6_S3_P	F6_S3	F6	S3	Exercise platform
fluoroquinolone	7	0.0353794894963	SRR17140457	PMA	F6_S2_P	F6_S2	F6	S2	Waste compartment
aminoglycoside	8	0.0724696356275	SRR17140457	PMA	F6_S2_P	F6_S2	F6	S2	Waste compartment
tetracycline	55	0.197168148682	SRR17140457	PMA	F6_S2_P	F6_S2	F6	S2	Waste compartment
peptide	14	0.0849837221921	SRR17140457	PMA	F6_S2_P	F6_S2	F6	S2	Waste compartment
rifamycin	2	0.0413204062789	SRR17140457	PMA	F6_S2_P	F6_S2	F6	S2	Waste compartment
pleuromutilin	1	0.00363466536712	SRR17140457	PMA	F6_S2_P	F6_S2	F6	S2	Waste compartment
bacitracin	19	0.163919413919	SRR17140457	PMA	F6_S2_P	F6_S2	F6	S2	Waste compartment
multidrug	260	2.68582640813	SRR17140457	PMA	F6_S2_P	F6_S2	F6	S2	Waste compartment
unclassified	13	0.139810141793	SRR17140457	PMA	F6_S2_P	F6_S2	F6	S2	Waste compartment
MLS	108	1.57992808107	SRR17140457	PMA	F6_S2_P	F6_S2	F6	S2	Waste compartment
diaminopyrimidine	11	0.16091860085	SRR17140457	PMA	F6_S2_P	F6_S2	F6	S2	Waste compartment
beta-lactam	53	0.444231129425	SRR17140457	PMA	F6_S2_P	F6_S2	F6	S2	Waste compartment
fosmidomycin	1	0.00433750121159	SRR17140457	PMA	F6_S2_P	F6_S2	F6	S2	Waste compartment
polymyxin	3	0.0106733979965	SRR17140457	PMA	F6_S2_P	F6_S2	F6	S2	Waste compartment
fusaric-acid	1	0.0110575735112	SRR17140457	PMA	F6_S2_P	F6_S2	F6	S2	Waste compartment
triclosan	3	0.00696136893959	SRR17140457	PMA	F6_S2_P	F6_S2	F6	S2	Waste compartment
sulfonamide	4	0.0332899386275	SRR17140457	PMA	F6_S2_P	F6_S2	F6	S2	Waste compartment
glycopeptide	7	0.0368833156717	SRR17140457	PMA	F6_S2_P	F6_S2	F6	S2	Waste compartment
nitroimidazole	4	0.115787345866	SRR17140459	PMA	F6_S1_P	F6_S1	F6	S1	Cupola
MLS	1	0.0563446783396	SRR17140459	PMA	F6_S1_P	F6_S1	F6	S1	Cupola
sulfonamide	1	0.0595302431927	SRR17140459	PMA	F6_S1_P	F6_S1	F6	S1	Cupola
multidrug	956	11.0921406579	SRR17140459	PMA	F6_S1_P	F6_S1	F6	S1	Cupola
fluoroquinolone	1	0.00795414148596	SRR17140461	PMA	F5_S8_P	F5_S8	F5	S8	Crew quarters
aminoglycoside	1	0.0113882173304	SRR17140461	PMA	F5_S8_P	F5_S8	F5	S8	Crew quarters
peptide	6	0.0477248489157	SRR17140461	PMA	F5_S8_P	F5_S8	F5	S8	Crew quarters
tetracycline	13	0.0610664987141	SRR17140461	PMA	F5_S8_P	F5_S8	F5	S8	Crew quarters
bacitracin	3	0.0339143615006	SRR17140461	PMA	F5_S8_P	F5_S8	F5	S8	Crew quarters
multidrug	107	0.882952240457	SRR17140461	PMA	F5_S8_P	F5_S8	F5	S8	Crew quarters
unclassified	1	0.014092268934	SRR17140461	PMA	F5_S8_P	F5_S8	F5	S8	Crew quarters
MLS	20	0.252967778406	SRR17140461	PMA	F5_S8_P	F5_S8	F5	S8	Crew quarters
diaminopyrimidine	1	0.0191689869351	SRR17140461	PMA	F5_S8_P	F5_S8	F5	S8	Crew quarters
beta-lactam	4	0.0376366694701	SRR17140461	PMA	F5_S8_P	F5_S8	F5	S8	Crew quarters
fluoroquinolone	10	0.00112802340995	SRR17140463	PMA	F4_S2_P	F4_S2	F4	S2	Waste compartment
aminoglycoside	762	0.150583491987	SRR17140463	PMA	F4_S2_P	F4_S2	F4	S2	Waste compartment
tetracycline	119	0.00952106699779	SRR17140463	PMA	F4_S2_P	F4_S2	F4	S2	Waste compartment
peptide	638	0.0864356659706	SRR17140463	PMA	F4_S2_P	F4_S2	F4	S2	Waste compartment
rifamycin	4	0.00184441722469	SRR17140463	PMA	F4_S2_P	F4_S2	F4	S2	Waste compartment
mupirocin	31	0.00159135021291	SRR17140463	PMA	F4_S2_P	F4_S2	F4	S2	Waste compartment
bacitracin	282	0.0542988323621	SRR17140463	PMA	F4_S2_P	F4_S2	F4	S2	Waste compartment
multidrug	8936	0.812679586706	SRR17140463	PMA	F4_S2_P	F4_S2	F4	S2	Waste compartment
unclassified	137	0.0328836851772	SRR17140463	PMA	F4_S2_P	F4_S2	F4	S2	Waste compartment
MLS	2151	0.653579371873	SRR17140463	PMA	F4_S2_P	F4_S2	F4	S2	Waste compartment
diaminopyrimidine	89	0.0290581632946	SRR17140463	PMA	F4_S2_P	F4_S2	F4	S2	Waste compartment
phenicol	9	0.000995985301334	SRR17140463	PMA	F4_S2_P	F4_S2	F4	S2	Waste compartment
beta-lactam	714	0.133566000375	SRR17140463	PMA	F4_S2_P	F4_S2	F4	S2	Waste compartment
fosfomycin	12	0.00453806252406	SRR17140463	PMA	F4_S2_P	F4_S2	F4	S2	Waste compartment
polymyxin/peptide	3	0.000238214007117	SRR17140463	PMA	F4_S2_P	F4_S2	F4	S2	Waste compartment
fusaric-acid	12	0.00296145864246	SRR17140463	PMA	F4_S2_P	F4_S2	F4	S2	Waste compartment
pleuromutilin	29	0.00235248585835	SRR17140463	PMA	F4_S2_P	F4_S2	F4	S2	Waste compartment
sulfonamide	1	0.00018574519754	SRR17140463	PMA	F4_S2_P	F4_S2	F4	S2	Waste compartment
glycopeptide	242	0.0555499807804	SRR17140463	PMA	F4_S2_P	F4_S2	F4	S2	Waste compartment
fluoroquinolone	1	0.00431663350817	SRR17140464	PMA	F5_S7_P	F5_S7	F5	S7	Lab overhead
fosfomycin	12	0.144591695065	SRR17140464	PMA	F5_S7_P	F5_S7	F5	S7	Lab overhead
nucleoside	1	0.00930474333983	SRR17140464	PMA	F5_S7_P	F5_S7	F5	S7	Lab overhead
peptide	14	0.0604328691144	SRR17140464	PMA	F5_S7_P	F5_S7	F5	S7	Lab overhead
fusidic-acid	1	0.00786316338577	SRR17140464	PMA	F5_S7_P	F5_S7	F5	S7	Lab overhead
tetracycline	17	0.0491753274955	SRR17140464	PMA	F5_S7_P	F5_S7	F5	S7	Lab overhead
unclassified	22	0.168250153542	SRR17140464	PMA	F5_S7_P	F5_S7	F5	S7	Lab overhead
bacitracin	33	0.202454855086	SRR17140464	PMA	F5_S7_P	F5_S7	F5	S7	Lab overhead
multidrug	334	1.43804927915	SRR17140464	PMA	F5_S7_P	F5_S7	F5	S7	Lab overhead
aminoglycoside	3	0.0198599264961	SRR17140464	PMA	F5_S7_P	F5_S7	F5	S7	Lab overhead
MLS	59	0.404985140447	SRR17140464	PMA	F5_S7_P	F5_S7	F5	S7	Lab overhead
diaminopyrimidine	12	0.12483382369	SRR17140464	PMA	F5_S7_P	F5_S7	F5	S7	Lab overhead
rifamycin	2	0.0223313840156	SRR17140464	PMA	F5_S7_P	F5_S7	F5	S7	Lab overhead
beta-lactam	56	0.333778693472	SRR17140464	PMA	F5_S7_P	F5_S7	F5	S7	Lab overhead
fosmidomycin	1	0.00308444530602	SRR17140464	PMA	F5_S7_P	F5_S7	F5	S7	Lab overhead
sulfonamide	6	0.0355092678693	SRR17140464	PMA	F5_S7_P	F5_S7	F5	S7	Lab overhead
glycopeptide	10	0.0374687651268	SRR17140464	PMA	F5_S7_P	F5_S7	F5	S7	Lab overhead
aminoglycoside	1	0.0394338271741	SRR17140465	PMA	F4_S4_P	F4_S4	F4	S4	Dining table
peptide	1	0.0275426988768	SRR17140465	PMA	F4_S4_P	F4_S4	F4	S4	Dining table
MLS	2	0.0322857014024	SRR17140465	PMA	F4_S4_P	F4_S4	F4	S4	Dining table
bacitracin	3	0.117434804002	SRR17140465	PMA	F4_S4_P	F4_S4	F4	S4	Dining table
multidrug	29	0.796684955684	SRR17140465	PMA	F4_S4_P	F4_S4	F4	S4	Dining table
unclassified	1	0.0655617617434	SRR17140465	PMA	F4_S4_P	F4_S4	F4	S4	Dining table
tetracycline	15	0.250858384136	SRR17140465	PMA	F4_S4_P	F4_S4	F4	S4	Dining table
diaminopyrimidine	1	0.0663761935663	SRR17140465	PMA	F4_S4_P	F4_S4	F4	S4	Dining table
beta-lactam	9	0.342274393159	SRR17140465	PMA	F4_S4_P	F4_S4	F4	S4	Dining table
aminoglycoside	1	0.0548406862745	SRR17140466	PMA	F7_S8_P	F7_S8	F7	S8	Crew quarters
MLS	2	0.11791831357	SRR17140466	PMA	F7_S8_P	F7_S8	F7	S8	Crew quarters
peptide	3	0.0818098720293	SRR17140466	PMA	F7_S8_P	F7_S8	F7	S8	Crew quarters
fosfomycin	1	0.107314148681	SRR17140466	PMA	F7_S8_P	F7_S8	F7	S8	Crew quarters
bacitracin	5	0.273199023199	SRR17140466	PMA	F7_S8_P	F7_S8	F7	S8	Crew quarters
multidrug	33	1.26542416452	SRR17140466	PMA	F7_S8_P	F7_S8	F7	S8	Crew quarters
tetracycline	1	0.0348520249221	SRR17140466	PMA	F7_S8_P	F7_S8	F7	S8	Crew quarters
beta-lactam	4	0.0710317460317	SRR17140466	PMA	F7_S8_P	F7_S8	F7	S8	Crew quarters
fosmidomycin	1	0.0363821138211	SRR17140466	PMA	F7_S8_P	F7_S8	F7	S8	Crew quarters
fluoroquinolone	1	0.115335051546	SRR17140468	PMA	F7_S7_P	F7_S7	F7	S7	Lab overhead
aminoglycoside	1	0.176877470356	SRR17140468	PMA	F7_S7_P	F7_S7	F7	S7	Lab overhead
MLS	3	0.275102459016	SRR17140468	PMA	F7_S7_P	F7_S7	F7	S7	Lab overhead
multidrug	9	1.0353470437	SRR17140468	PMA	F7_S7_P	F7_S7	F7	S7	Lab overhead
tetracycline	2	0.155923344948	SRR17140468	PMA	F7_S7_P	F7_S7	F7	S7	Lab overhead
beta-lactam	1	0.0532738095238	SRR17140468	PMA	F7_S7_P	F7_S7	F7	S7	Lab overhead
fluoroquinolone	2	0.0247819465596	SRR17140471	PMA	F7_S6_P	F7_S6	F7	S6	PMM
fosfomycin	1	0.0415409607798	SRR17140471	PMA	F7_S6_P	F7_S6	F7	S6	PMM
peptide	5	0.0744097106751	SRR17140471	PMA	F7_S6_P	F7_S6	F7	S6	PMM
aminoglycoside	1	0.0220389066732	SRR17140471	PMA	F7_S6_P	F7_S6	F7	S6	PMM
tetracycline	4	0.0361451865314	SRR17140471	PMA	F7_S6_P	F7_S6	F7	S6	PMM
bacitracin	6	0.126905352712	SRR17140471	PMA	F7_S6_P	F7_S6	F7	S6	PMM
aminoglycoside:aminocoumarin	1	0.0126349968236	SRR17140471	PMA	F7_S6_P	F7_S6	F7	S6	PMM
multidrug	113	1.67733642922	SRR17140471	PMA	F7_S6_P	F7_S6	F7	S6	PMM
unclassified	4	0.105464722345	SRR17140471	PMA	F7_S6_P	F7_S6	F7	S6	PMM
MLS	36	0.821624378427	SRR17140471	PMA	F7_S6_P	F7_S6	F7	S6	PMM
diaminopyrimidine	2	0.0717291124023	SRR17140471	PMA	F7_S6_P	F7_S6	F7	S6	PMM
beta-lactam	10	0.0926836845648	SRR17140471	PMA	F7_S6_P	F7_S6	F7	S6	PMM
aminoglycoside	4	0.315470617393	SRR17140473	PMA	F7_S5_P	F7_S5	F7	S5	Overhead 4
tetracycline	2	0.0668955691028	SRR17140473	PMA	F7_S5_P	F7_S5	F7	S5	Overhead 4
bacitracin	5	0.391449346673	SRR17140473	PMA	F7_S5_P	F7_S5	F7	S5	Overhead 4
multidrug	31	1.4157418038	SRR17140473	PMA	F7_S5_P	F7_S5	F7	S5	Overhead 4
unclassified	3	0.292782662032	SRR17140473	PMA	F7_S5_P	F7_S5	F7	S5	Overhead 4
MLS	8	0.595766810547	SRR17140473	PMA	F7_S5_P	F7_S5	F7	S5	Overhead 4
diaminopyrimidine	1	0.132752387133	SRR17140473	PMA	F7_S5_P	F7_S5	F7	S5	Overhead 4
phenicol	1	0.0994099271086	SRR17140473	PMA	F7_S5_P	F7_S5	F7	S5	Overhead 4
rifamycin	1	0.0247088258131	SRR17140473	PMA	F7_S5_P	F7_S5	F7	S5	Overhead 4
beta-lactam	8	0.274454373398	SRR17140473	PMA	F7_S5_P	F7_S5	F7	S5	Overhead 4
fosmidomycin	1	0.0521295959228	SRR17140473	PMA	F7_S5_P	F7_S5	F7	S5	Overhead 4
fluoroquinolone	1	0.113560666138	SRR17140475	PMA	F7_S4_P	F7_S4	F7	S4	Dining table
aminoglycoside	7	0.107870778899	SRR17140475	PMA	F7_S4_P	F7_S4	F7	S4	Dining table
tetracycline	8	0.0924124356678	SRR17140475	PMA	F7_S4_P	F7_S4	F7	S4	Dining table
rifamycin	4	0.25899801049	SRR17140475	PMA	F7_S4_P	F7_S4	F7	S4	Dining table
multidrug	114	2.16319932155	SRR17140475	PMA	F7_S4_P	F7_S4	F7	S4	Dining table
bacitracin	6	0.162229523054	SRR17140475	PMA	F7_S4_P	F7_S4	F7	S4	Dining table
antibacterial_free_fatty_acids	5	0.0726520009741	SRR17140475	PMA	F7_S4_P	F7_S4	F7	S4	Dining table
unclassified	2	0.0905698564291	SRR17140475	PMA	F7_S4_P	F7_S4	F7	S4	Dining table
MLS	36	1.65050906064	SRR17140475	PMA	F7_S4_P	F7_S4	F7	S4	Dining table
diaminopyrimidine	3	0.13754242172	SRR17140475	PMA	F7_S4_P	F7_S4	F7	S4	Dining table
beta-lactam	18	0.413912708353	SRR17140475	PMA	F7_S4_P	F7_S4	F7	S4	Dining table
glycopeptide	1	0.0165132959708	SRR17140475	PMA	F7_S4_P	F7_S4	F7	S4	Dining table
fluoroquinolone	13	0.0609649065353	SRR17140477	PMA	F7_S3_P	F7_S3	F7	S3	Exercise platform
fosfomycin	3	0.0392712513598	SRR17140477	PMA	F7_S3_P	F7_S3	F7	S3	Exercise platform
tetracycline	45	0.178389017615	SRR17140477	PMA	F7_S3_P	F7_S3	F7	S3	Exercise platform
peptide	7	0.0328272573652	SRR17140477	PMA	F7_S3_P	F7_S3	F7	S3	Exercise platform
aminoglycoside	5	0.0334479408028	SRR17140477	PMA	F7_S3_P	F7_S3	F7	S3	Exercise platform
mupirocin	1	0.00177692185515	SRR17140477	PMA	F7_S3_P	F7_S3	F7	S3	Exercise platform
bacitracin	33	0.219947777762	SRR17140477	PMA	F7_S3_P	F7_S3	F7	S3	Exercise platform
multidrug	484	2.26393548113	SRR17140477	PMA	F7_S3_P	F7_S3	F7	S3	Exercise platform
unclassified	25	0.207713239688	SRR17140477	PMA	F7_S3_P	F7_S3	F7	S3	Exercise platform
MLS	255	1.7377896435	SRR17140477	PMA	F7_S3_P	F7_S3	F7	S3	Exercise platform
diaminopyrimidine	17	0.19212829599	SRR17140477	PMA	F7_S3_P	F7_S3	F7	S3	Exercise platform
phenicol	4	0.0153226777235	SRR17140477	PMA	F7_S3_P	F7_S3	F7	S3	Exercise platform
beta-lactam	108	0.699335735958	SRR17140477	PMA	F7_S3_P	F7_S3	F7	S3	Exercise platform
polymyxin	2	0.00549718422861	SRR17140477	PMA	F7_S3_P	F7_S3	F7	S3	Exercise platform
glycopeptide	2	0.010609725829	SRR17140477	PMA	F7_S3_P	F7_S3	F7	S3	Exercise platform
pleuromutilin	1	0.00280797527727	SRR17140477	PMA	F7_S3_P	F7_S3	F7	S3	Exercise platform
fusaric-acid	5	0.0427128633725	SRR17140477	PMA	F7_S3_P	F7_S3	F7	S3	Exercise platform
fluoroquinolone	3	0.160466158673	SRR17140479	PMA	F7_S2_P	F7_S2	F7	S2	Waste compartment
aminoglycoside	4	0.350272121323	SRR17140479	PMA	F7_S2_P	F7_S2	F7	S2	Waste compartment
peptide	1	0.0534887195577	SRR17140479	PMA	F7_S2_P	F7_S2	F7	S2	Waste compartment
tetracycline	4	0.1299131342	SRR17140479	PMA	F7_S2_P	F7_S2	F7	S2	Waste compartment
bacitracin	6	0.456123586558	SRR17140479	PMA	F7_S2_P	F7_S2	F7	S2	Waste compartment
multidrug	24	1.28042919414	SRR17140479	PMA	F7_S2_P	F7_S2	F7	S2	Waste compartment
MLS	12	0.984361574154	SRR17140479	PMA	F7_S2_P	F7_S2	F7	S2	Waste compartment
beta-lactam	8	0.590850482232	SRR17140479	PMA	F7_S2_P	F7_S2	F7	S2	Waste compartment
fosmidomycin	1	0.0506185931425	SRR17140479	PMA	F7_S2_P	F7_S2	F7	S2	Waste compartment
glycopeptide	2	0.18125435099	SRR17140479	PMA	F7_S2_P	F7_S2	F7	S2	Waste compartment
fluoroquinolone	1	0.00786934253621	SRR17140481	PMA	F4_S3_P	F4_S3	F4	S3	Exercise platform
fosfomycin	4	0.0878648893252	SRR17140481	PMA	F4_S3_P	F4_S3	F4	S3	Exercise platform
peptide	16	0.0570711197019	SRR17140481	PMA	F4_S3_P	F4_S3	F4	S3	Exercise platform
tetracycline	18	0.119737447218	SRR17140481	PMA	F4_S3_P	F4_S3	F4	S3	Exercise platform
bacitracin	7	0.0782898693346	SRR17140481	PMA	F4_S3_P	F4_S3	F4	S3	Exercise platform
aminoglycoside:aminocoumarin	2	0.0133623847004	SRR17140481	PMA	F4_S3_P	F4_S3	F4	S3	Exercise platform
multidrug	228	1.86137304311	SRR17140481	PMA	F4_S3_P	F4_S3	F4	S3	Exercise platform
aminoglycoside	10	0.112253856767	SRR17140481	PMA	F4_S3_P	F4_S3	F4	S3	Exercise platform
MLS	62	0.384766065145	SRR17140481	PMA	F4_S3_P	F4_S3	F4	S3	Exercise platform
diaminopyrimidine	6	0.113787760399	SRR17140481	PMA	F4_S3_P	F4_S3	F4	S3	Exercise platform
phenicol	1	0.00642801032432	SRR17140481	PMA	F4_S3_P	F4_S3	F4	S3	Exercise platform
rifamycin	4	0.081421464108	SRR17140481	PMA	F4_S3_P	F4_S3	F4	S3	Exercise platform
beta-lactam	53	0.215766879886	SRR17140481	PMA	F4_S3_P	F4_S3	F4	S3	Exercise platform
fosmidomycin	2	0.0112460585785	SRR17140481	PMA	F4_S3_P	F4_S3	F4	S3	Exercise platform
triclosan	3	0.0190039724319	SRR17140481	PMA	F4_S3_P	F4_S3	F4	S3	Exercise platform
unclassified	15	0.20913047288	SRR17140481	PMA	F4_S3_P	F4_S3	F4	S3	Exercise platform
glycopeptide	1	0.0331880967832	SRR17140481	PMA	F4_S3_P	F4_S3	F4	S3	Exercise platform
fluoroquinolone	1	0.0997492337699	SRR17140482	PMA	F7_S1_P	F7_S1	F7	S1	Cupola
aminoglycoside	1	0.152975109497	SRR17140482	PMA	F7_S1_P	F7_S1	F7	S1	Cupola
tetracycline	1	0.086006006006	SRR17140482	PMA	F7_S1_P	F7_S1	F7	S1	Cupola
rifamycin	1	0.258018018018	SRR17140482	PMA	F7_S1_P	F7_S1	F7	S1	Cupola
bacitracin	2	0.283536283536	SRR17140482	PMA	F7_S1_P	F7_S1	F7	S1	Cupola
multidrug	35	3.48224831515	SRR17140482	PMA	F7_S1_P	F7_S1	F7	S1	Cupola
unclassified	1	0.176724669875	SRR17140482	PMA	F7_S1_P	F7_S1	F7	S1	Cupola
MLS	12	1.90341160833	SRR17140482	PMA	F7_S1_P	F7_S1	F7	S1	Cupola
phenicol	3	0.540037712131	SRR17140482	PMA	F7_S1_P	F7_S1	F7	S1	Cupola
beta-lactam	4	0.206414414414	SRR17140482	PMA	F7_S1_P	F7_S1	F7	S1	Cupola
fluoroquinolone	7	0.0197063703634	SRR17140484	PMA	F6_S8_P	F6_S8	F6	S8	Crew quarters
aminoglycoside	4	0.0160043363705	SRR17140484	PMA	F6_S8_P	F6_S8	F6	S8	Crew quarters
peptide	3	0.00844558729859	SRR17140484	PMA	F6_S8_P	F6_S8	F6	S8	Crew quarters
tetracycline	148	0.377709817005	SRR17140484	PMA	F6_S8_P	F6_S8	F6	S8	Crew quarters
pleuromutilin	1	0.00168564190939	SRR17140484	PMA	F6_S8_P	F6_S8	F6	S8	Crew quarters
bacitracin	8	0.0320086727409	SRR17140484	PMA	F6_S8_P	F6_S8	F6	S8	Crew quarters
aminoglycoside:aminocoumarin	1	0.00239014432666	SRR17140484	PMA	F6_S8_P	F6_S8	F6	S8	Crew quarters
multidrug	1955	1.47068773863	SRR17140484	PMA	F6_S8_P	F6_S8	F6	S8	Crew quarters
unclassified	1	0.00470817222967	SRR17140484	PMA	F6_S8_P	F6_S8	F6	S8	Crew quarters
MLS	8	0.035812982206	SRR17140484	PMA	F6_S8_P	F6_S8	F6	S8	Crew quarters
diaminopyrimidine	3	0.020353340819	SRR17140484	PMA	F6_S8_P	F6_S8	F6	S8	Crew quarters
phenicol	18	0.041392267855	SRR17140484	PMA	F6_S8_P	F6_S8	F6	S8	Crew quarters
rifamycin	19	0.138357487923	SRR17140484	PMA	F6_S8_P	F6_S8	F6	S8	Crew quarters
beta-lactam	9	0.026285196833	SRR17140484	PMA	F6_S8_P	F6_S8	F6	S8	Crew quarters
fosmidomycin	4	0.0106565459247	SRR17140484	PMA	F6_S8_P	F6_S8	F6	S8	Crew quarters
triclosan	4	0.00430461460999	SRR17140484	PMA	F6_S8_P	F6_S8	F6	S8	Crew quarters
glycopeptide	72	0.175940288422	SRR17140484	PMA	F6_S8_P	F6_S8	F6	S8	Crew quarters
aminoglycoside	4	0.0171087727263	SRR17140485	PMA	F4_S1_P	F4_S1	F4	S1	Cupola
peptide	2	0.00579846292142	SRR17140485	PMA	F4_S1_P	F4_S1	F4	S1	Cupola
tetracycline	2	0.00352081942647	SRR17140485	PMA	F4_S1_P	F4_S1	F4	S1	Cupola
bacitracin	8	0.0329641555093	SRR17140485	PMA	F4_S1_P	F4_S1	F4	S1	Cupola
multidrug	101	0.292069620777	SRR17140485	PMA	F4_S1_P	F4_S1	F4	S1	Cupola
MLS	19	0.132752387133	SRR17140485	PMA	F4_S1_P	F4_S1	F4	S1	Cupola
diaminopyrimidine	1	0.00698696774382	SRR17140485	PMA	F4_S1_P	F4_S1	F4	S1	Cupola
beta-lactam	11	0.0377253654705	SRR17140485	PMA	F4_S1_P	F4_S1	F4	S1	Cupola
fosmidomycin	3	0.00621492710915	SRR17140485	PMA	F4_S1_P	F4_S1	F4	S1	Cupola
aminoglycoside	2	0.0107776949882	SRR17140488	PMA	F5_S6_P	F5_S6	F5	S6	PMM
peptide	5	0.0184720803278	SRR17140488	PMA	F5_S6_P	F5_S6	F5	S6	PMM
tetracycline	53	0.177504607411	SRR17140488	PMA	F5_S6_P	F5_S6	F5	S6	PMM
mupirocin	1	0.00139983733734	SRR17140488	PMA	F5_S6_P	F5_S6	F5	S6	PMM
bacitracin	4	0.0210026876694	SRR17140488	PMA	F5_S6_P	F5_S6	F5	S6	PMM
multidrug	324	1.19391370805	SRR17140488	PMA	F5_S6_P	F5_S6	F5	S6	PMM
tetracenomycin_C	5	0.0133218720579	SRR17140488	PMA	F5_S6_P	F5_S6	F5	S6	PMM
unclassified	6	0.0392721488612	SRR17140488	PMA	F5_S6_P	F5_S6	F5	S6	PMM
MLS	21	0.122865722866	SRR17140488	PMA	F5_S6_P	F5_S6	F5	S6	PMM
diaminopyrimidine	3	0.0267099397534	SRR17140488	PMA	F5_S6_P	F5_S6	F5	S6	PMM
phenicol	4	0.0266685289941	SRR17140488	PMA	F5_S6_P	F5_S6	F5	S6	PMM
rifamycin	23	0.21979312646	SRR17140488	PMA	F5_S6_P	F5_S6	F5	S6	PMM
beta-lactam	12	0.0204776204776	SRR17140488	PMA	F5_S6_P	F5_S6	F5	S6	PMM
fosmidomycin	1	0.00263984057723	SRR17140488	PMA	F5_S6_P	F5_S6	F5	S6	PMM
sulfonamide	2	0.0101302716144	SRR17140488	PMA	F5_S6_P	F5_S6	F5	S6	PMM
glycopeptide	19	0.0609289378864	SRR17140488	PMA	F5_S6_P	F5_S6	F5	S6	PMM
fluoroquinolone	3	0.0233589977815	SRR17140490	PMA	F5_S5_P	F5_S5	F5	S5	Overhead 4
tetracycline	4	0.0268541959681	SRR17140490	PMA	F5_S5_P	F5_S5	F5	S5	Overhead 4
peptide	2	0.0155726651877	SRR17140490	PMA	F5_S5_P	F5_S5	F5	S5	Overhead 4
rifamycin	3	0.079502553853	SRR17140490	PMA	F5_S5_P	F5_S5	F5	S5	Overhead 4
mupirocin	1	0.00295029008439	SRR17140490	PMA	F5_S5_P	F5_S5	F5	S5	Overhead 4
bacitracin	5	0.0553314477365	SRR17140490	PMA	F5_S5_P	F5_S5	F5	S5	Overhead 4
multidrug	161	0.334983901152	SRR17140490	PMA	F5_S5_P	F5_S5	F5	S5	Overhead 4
unclassified	12	0.165539564187	SRR17140490	PMA	F5_S5_P	F5_S5	F5	S5	Overhead 4
MLS	104	1.28242486868	SRR17140490	PMA	F5_S5_P	F5_S5	F5	S5	Overhead 4
diaminopyrimidine	1	0.018764577928	SRR17140490	PMA	F5_S5_P	F5_S5	F5	S5	Overhead 4
beta-lactam	23	0.09264697609	SRR17140490	PMA	F5_S5_P	F5_S5	F5	S5	Overhead 4
triclosan	2	0.00595290058407	SRR17140490	PMA	F5_S5_P	F5_S5	F5	S5	Overhead 4
glycopeptide	1	0.0131925635215	SRR17140490	PMA	F5_S5_P	F5_S5	F5	S5	Overhead 4
fluoroquinolone	8	0.0573315984386	SRR17140492	PMA	F5_S4_P	F5_S4	F5	S4	Dining table
fosfomycin	1	0.0205969075872	SRR17140492	PMA	F5_S4_P	F5_S4	F5	S4	Dining table
peptide	9	0.0644980482434	SRR17140492	PMA	F5_S4_P	F5_S4	F5	S4	Dining table
aminoglycoside	2	0.021145114253	SRR17140492	PMA	F5_S4_P	F5_S4	F5	S4	Dining table
MLS	26	0.297510887371	SRR17140492	PMA	F5_S4_P	F5_S4	F5	S4	Dining table
bacitracin	6	0.0611117038302	SRR17140492	PMA	F5_S4_P	F5_S4	F5	S4	Dining table
multidrug	149	0.356546296142	SRR17140492	PMA	F5_S4_P	F5_S4	F5	S4	Dining table
unclassified	9	0.114270514696	SRR17140492	PMA	F5_S4_P	F5_S4	F5	S4	Dining table
tetracycline	17	0.227259148618	SRR17140492	PMA	F5_S4_P	F5_S4	F5	S4	Dining table
diaminopyrimidine	3	0.0518120967256	SRR17140492	PMA	F5_S4_P	F5_S4	F5	S4	Dining table
rifamycin	1	0.0031454553442	SRR17140492	PMA	F5_S4_P	F5_S4	F5	S4	Dining table
beta-lactam	26	0.587765411635	SRR17140492	PMA	F5_S4_P	F5_S4	F5	S4	Dining table
triclosan	1	0.00576884341135	SRR17140492	PMA	F5_S4_P	F5_S4	F5	S4	Dining table
sulfonamide	1	0.0102604521191	SRR17140492	PMA	F5_S4_P	F5_S4	F5	S4	Dining table
glycopeptide	1	0.0121422817654	SRR17140492	PMA	F5_S4_P	F5_S4	F5	S4	Dining table
aminoglycoside	15	0.0524721516514	SRR17140494	PMA	F5_S3_P	F5_S3	F5	S3	Exercise platform
aminoglycoside:aminocoumarin	1	0.00208204598821	SRR17140494	PMA	F5_S3_P	F5_S3	F5	S3	Exercise platform
bacitracin	67	0.233517091989	SRR17140494	PMA	F5_S3_P	F5_S3	F5	S3	Exercise platform
diaminopyrimidine	23	0.135927859516	SRR17140494	PMA	F5_S3_P	F5_S3	F5	S3	Exercise platform
pleuromutilin	1	0.00146835650712	SRR17140494	PMA	F5_S3_P	F5_S3	F5	S3	Exercise platform
sulfonamide	2	0.00672434640715	SRR17140494	PMA	F5_S3_P	F5_S3	F5	S3	Exercise platform
rifamycin	1	0.00834644751413	SRR17140494	PMA	F5_S3_P	F5_S3	F5	S3	Exercise platform
nucleoside	3	0.0158582502769	SRR17140494	PMA	F5_S3_P	F5_S3	F5	S3	Exercise platform
peptide	20	0.0490461348769	SRR17140494	PMA	F5_S3_P	F5_S3	F5	S3	Exercise platform
fusidic-acid	15	0.0670066913107	SRR17140494	PMA	F5_S3_P	F5_S3	F5	S3	Exercise platform
antibacterial_free_fatty_acids	1	0.00187302168624	SRR17140494	PMA	F5_S3_P	F5_S3	F5	S3	Exercise platform
multidrug	749	1.23299267724	SRR17140494	PMA	F5_S3_P	F5_S3	F5	S3	Exercise platform
tetracycline	72	0.133803986711	SRR17140494	PMA	F5_S3_P	F5_S3	F5	S3	Exercise platform
triclosan	1	0.000937433513903	SRR17140494	PMA	F5_S3_P	F5_S3	F5	S3	Exercise platform
multidrug/fluoroquinolone,multidrug	5	0.0100368672638	SRR17140494	PMA	F5_S3_P	F5_S3	F5	S3	Exercise platform
fluoroquinolone	7	0.0142928435972	SRR17140494	PMA	F5_S3_P	F5_S3	F5	S3	Exercise platform
fosfomycin	8	0.0547623031143	SRR17140494	PMA	F5_S3_P	F5_S3	F5	S3	Exercise platform
MLS	273	1.61340459338	SRR17140494	PMA	F5_S3_P	F5_S3	F5	S3	Exercise platform
unclassified	41	0.199037222863	SRR17140494	PMA	F5_S3_P	F5_S3	F5	S3	Exercise platform
phenicol	7	0.0140220318237	SRR17140494	PMA	F5_S3_P	F5_S3	F5	S3	Exercise platform
beta-lactam	116	0.392787978388	SRR17140494	PMA	F5_S3_P	F5_S3	F5	S3	Exercise platform
glycopeptide	2	0.00831000014508	SRR17140494	PMA	F5_S3_P	F5_S3	F5	S3	Exercise platform
fusaric-acid	8	0.0357369020323	SRR17140494	PMA	F5_S3_P	F5_S3	F5	S3	Exercise platform
fluoroquinolone	1	0.00175698191732	SRR17140497	PMA	F5_S2_P	F5_S2	F5	S2	Waste compartment
aminoglycoside	23	0.0393138459078	SRR17140497	PMA	F5_S2_P	F5_S2	F5	S2	Waste compartment
tetracycline	43	0.0767024044863	SRR17140497	PMA	F5_S2_P	F5_S2	F5	S2	Waste compartment
peptide	5	0.0105509481117	SRR17140497	PMA	F5_S2_P	F5_S2	F5	S2	Waste compartment
fosfomycin	1	0.00589031347821	SRR17140497	PMA	F5_S2_P	F5_S2	F5	S2	Waste compartment
bacitracin	24	0.0719783361293	SRR17140497	PMA	F5_S2_P	F5_S2	F5	S2	Waste compartment
multidrug	207	0.435686348865	SRR17140497	PMA	F5_S2_P	F5_S2	F5	S2	Waste compartment
unclassified	3	0.0112158023763	SRR17140497	PMA	F5_S2_P	F5_S2	F5	S2	Waste compartment
MLS	87	0.290741064865	SRR17140497	PMA	F5_S2_P	F5_S2	F5	S2	Waste compartment
diaminopyrimidine	1	0.00499239983824	SRR17140497	PMA	F5_S2_P	F5_S2	F5	S2	Waste compartment
phenicol	2	0.00344738346724	SRR17140497	PMA	F5_S2_P	F5_S2	F5	S2	Waste compartment
beta-lactam	30	0.036770370066	SRR17140497	PMA	F5_S2_P	F5_S2	F5	S2	Waste compartment
fusaric-acid	85	0.32673264669	SRR17140497	PMA	F5_S2_P	F5_S2	F5	S2	Waste compartment
triclosan	1	0.000806653766966	SRR17140497	PMA	F5_S2_P	F5_S2	F5	S2	Waste compartment
glycopeptide	14	0.0256432886546	SRR17140497	PMA	F5_S2_P	F5_S2	F5	S2	Waste compartment
fluoroquinolone	13	0.20244464744	SRR17140499	PMA	F5_S1_P	F5_S1	F5	S1	Cupola
aminoglycoside	2	0.0442651581892	SRR17140499	PMA	F5_S1_P	F5_S1	F5	S1	Cupola
tetracycline	11	0.114791252195	SRR17140499	PMA	F5_S1_P	F5_S1	F5	S1	Cupola
bacitracin	10	0.221325790946	SRR17140499	PMA	F5_S1_P	F5_S1	F5	S1	Cupola
multidrug	63	0.978555855651	SRR17140499	PMA	F5_S1_P	F5_S1	F5	S1	Cupola
unclassified	1	0.0275899273645	SRR17140499	PMA	F5_S1_P	F5_S1	F5	S1	Cupola
MLS	72	2.70209922164	SRR17140499	PMA	F5_S1_P	F5_S1	F5	S1	Cupola
diaminopyrimidine	5	0.18764577928	SRR17140499	PMA	F5_S1_P	F5_S1	F5	S1	Cupola
beta-lactam	42	0.338362869198	SRR17140499	PMA	F5_S1_P	F5_S1	F5	S1	Cupola
nitroimidazole	1	0.0103817767918	SRR17140499	PMA	F5_S1_P	F5_S1	F5	S1	Cupola
triclosan	1	0.00595290058407	SRR17140499	PMA	F5_S1_P	F5_S1	F5	S1	Cupola
sulfonamide	1	0.0222959191617	SRR17140499	PMA	F5_S1_P	F5_S1	F5	S1	Cupola
fluoroquinolone	4	0.0678222980013	SRR17140501	PMA	F4_S8_P	F4_S8	F4	S8	Crew quarters
peptide	2	0.0401165396683	SRR17140501	PMA	F4_S8_P	F4_S8	F4	S8	Crew quarters
tetracycline	10	0.169555745003	SRR17140501	PMA	F4_S8_P	F4_S8	F4	S8	Crew quarters
bacitracin	9	0.256569517439	SRR17140501	PMA	F4_S8_P	F4_S8	F4	S8	Crew quarters
multidrug	85	1.70057002347	SRR17140501	PMA	F4_S8_P	F4_S8	F4	S8	Crew quarters
unclassified	9	0.291847826087	SRR17140501	PMA	F4_S8_P	F4_S8	F4	S8	Crew quarters
MLS	22	1.06346205779	SRR17140501	PMA	F4_S8_P	F4_S8	F4	S8	Crew quarters
diaminopyrimidine	2	0.0966783688901	SRR17140501	PMA	F4_S8_P	F4_S8	F4	S8	Crew quarters
beta-lactam	12	0.12452173913	SRR17140501	PMA	F4_S8_P	F4_S8	F4	S8	Crew quarters
glycopeptide	2	0.0679703816214	SRR17140501	PMA	F4_S8_P	F4_S8	F4	S8	Crew quarters
fluoroquinolone	7	0.0325427074338	SRR17140503	PMA	F4_S7_P	F4_S7	F4	S7	Lab overhead
fosfomycin	9	0.140271443964	SRR17140503	PMA	F4_S7_P	F4_S7	F4	S7	Lab overhead
peptide	23	0.0910923839842	SRR17140503	PMA	F4_S7_P	F4_S7	F4	S7	Lab overhead
MLS	23	0.196946774859	SRR17140503	PMA	F4_S7_P	F4_S7	F4	S7	Lab overhead
bacitracin	26	0.206325192709	SRR17140503	PMA	F4_S7_P	F4_S7	F4	S7	Lab overhead
multidrug	406	0.756940014217	SRR17140503	PMA	F4_S7_P	F4_S7	F4	S7	Lab overhead
aminoglycoside	8	0.065648924953	SRR17140503	PMA	F4_S7_P	F4_S7	F4	S7	Lab overhead
tetracycline	12	0.0757929279341	SRR17140503	PMA	F4_S7_P	F4_S7	F4	S7	Lab overhead
diaminopyrimidine	6	0.0807359449733	SRR17140503	PMA	F4_S7_P	F4_S7	F4	S7	Lab overhead
rifamycin	3	0.013596743871	SRR17140503	PMA	F4_S7_P	F4_S7	F4	S7	Lab overhead
beta-lactam	43	0.139454827108	SRR17140503	PMA	F4_S7_P	F4_S7	F4	S7	Lab overhead
fosmidomycin	2	0.00797942734235	SRR17140503	PMA	F4_S7_P	F4_S7	F4	S7	Lab overhead
polymyxin	2	0.00654505898323	SRR17140503	PMA	F4_S7_P	F4_S7	F4	S7	Lab overhead
fosfomycin	1	0.0149306641643	SRR17140505	PMA	F4_S6_P	F4_S6	F4	S6	PMM
tetracycline	15	0.0678222980013	SRR17140505	PMA	F4_S6_P	F4_S6	F4	S6	PMM
peptide	22	0.117675183027	SRR17140505	PMA	F4_S6_P	F4_S6	F4	S6	PMM
aminoglycoside	23	0.175490196078	SRR17140505	PMA	F4_S6_P	F4_S6	F4	S6	PMM
bacitracin	7	0.0532144184318	SRR17140505	PMA	F4_S6_P	F4_S6	F4	S6	PMM
multidrug	252	1.34445065385	SRR17140505	PMA	F4_S6_P	F4_S6	F4	S6	PMM
unclassified	5	0.0473827013434	SRR17140505	PMA	F4_S6_P	F4_S6	F4	S6	PMM
MLS	59	0.760536501935	SRR17140505	PMA	F4_S6_P	F4_S6	F4	S6	PMM
diaminopyrimidine	8	0.103123593483	SRR17140505	PMA	F4_S6_P	F4_S6	F4	S6	PMM
phenicol	1	0.00965284799461	SRR17140505	PMA	F4_S6_P	F4_S6	F4	S6	PMM
rifamycin	4	0.0553429951691	SRR17140505	PMA	F4_S6_P	F4_S6	F4	S6	PMM
beta-lactam	25	0.184640775698	SRR17140505	PMA	F4_S6_P	F4_S6	F4	S6	PMM
fosmidomycin	1	0.00506185931425	SRR17140505	PMA	F4_S6_P	F4_S6	F4	S6	PMM
nitroimidazole	4	0.0142636585487	SRR17140505	PMA	F4_S6_P	F4_S6	F4	S6	PMM
pleuromutilin	3	0.00960815888352	SRR17140505	PMA	F4_S6_P	F4_S6	F4	S6	PMM
sulfonamide	3	0.0220003072669	SRR17140505	PMA	F4_S6_P	F4_S6	F4	S6	PMM
aminoglycoside	223	0.0665250625178	SRR17140443	non-PMA	F4_S6	F4_S6	F4	S6	PMM
aminoglycoside:aminocoumarin	1	0.000173638435789	SRR17140443	non-PMA	F4_S6	F4_S6	F4	S6	PMM
mupirocin	17	0.00131737989028	SRR17140443	non-PMA	F4_S6	F4_S6	F4	S6	PMM
bacitracin	611	0.177599045825	SRR17140443	non-PMA	F4_S6	F4_S6	F4	S6	PMM
diaminopyrimidine	225	0.110896721491	SRR17140443	non-PMA	F4_S6	F4_S6	F4	S6	PMM
pleuromutilin	14	0.00171441159287	SRR17140443	non-PMA	F4_S6	F4_S6	F4	S6	PMM
rifamycin	23	0.0160097684086	SRR17140443	non-PMA	F4_S6	F4_S6	F4	S6	PMM
nucleoside	1	0.00044084869531	SRR17140443	non-PMA	F4_S6	F4_S6	F4	S6	PMM
oxazolidinone	1	0.00012114925978	SRR17140443	non-PMA	F4_S6	F4_S6	F4	S6	PMM
peptide	254	0.036847536288	SRR17140443	non-PMA	F4_S6	F4_S6	F4	S6	PMM
fusidic-acid	13	0.00484312651185	SRR17140443	non-PMA	F4_S6	F4_S6	F4	S6	PMM
antibacterial_free_fatty_acids	4	0.000826591303705	SRR17140443	non-PMA	F4_S6	F4_S6	F4	S6	PMM
multidrug	7949	2.98945559347	SRR17140443	non-PMA	F4_S6	F4_S6	F4	S6	PMM
tetracycline	1020	0.125682951023	SRR17140443	non-PMA	F4_S6	F4_S6	F4	S6	PMM
fosmidomycin	1	0.000146137689053	SRR17140443	non-PMA	F4_S6	F4_S6	F4	S6	PMM
triclosan	9	0.00148169063569	SRR17140443	non-PMA	F4_S6	F4_S6	F4	S6	PMM
multidrug/fluoroquinolone,multidrug	19	0.00318080704211	SRR17140443	non-PMA	F4_S6	F4_S6	F4	S6	PMM
fluoroquinolone	125	0.021285612971	SRR17140443	non-PMA	F4_S6	F4_S6	F4	S6	PMM
fosfomycin	84	0.0493750538747	SRR17140443	non-PMA	F4_S6	F4_S6	F4	S6	PMM
MLS	4011	1.8397915667	SRR17140443	non-PMA	F4_S6	F4_S6	F4	S6	PMM
unclassified	202	0.0983390095795	SRR17140443	non-PMA	F4_S6	F4_S6	F4	S6	PMM
phenicol	170	0.0283999370031	SRR17140443	non-PMA	F4_S6	F4_S6	F4	S6	PMM
beta-lactam	1047	0.295666708605	SRR17140443	non-PMA	F4_S6	F4_S6	F4	S6	PMM
nitroimidazole	13	0.00177248444506	SRR17140443	non-PMA	F4_S6	F4_S6	F4	S6	PMM
fusaric-acid	25	0.00931370483048	SRR17140443	non-PMA	F4_S6	F4_S6	F4	S6	PMM
glycopeptide	57	0.0194961535081	SRR17140443	non-PMA	F4_S6	F4_S6	F4	S6	PMM
aminoglycoside	78	0.0394429620924	SRR17140444	non-PMA	F4_S5	F4_S5	F4	S5	Overhead 4
mupirocin	41	0.00538567889348	SRR17140444	non-PMA	F4_S5	F4_S5	F4	S5	Overhead 4
bacitracin	272	0.134017901442	SRR17140444	non-PMA	F4_S5	F4_S5	F4	S5	Overhead 4
diaminopyrimidine	124	0.103598237112	SRR17140444	non-PMA	F4_S5	F4_S5	F4	S5	Overhead 4
pleuromutilin	8	0.00166062486809	SRR17140444	non-PMA	F4_S5	F4_S5	F4	S5	Overhead 4
rifamycin	6	0.00707950601659	SRR17140444	non-PMA	F4_S5	F4_S5	F4	S5	Overhead 4
polymyxin/peptide	3	0.000609564717441	SRR17140444	non-PMA	F4_S5	F4_S5	F4	S5	Overhead 4
peptide	189	0.0464762451656	SRR17140444	non-PMA	F4_S5	F4_S5	F4	S5	Overhead 4
fusidic-acid	9	0.00568354708374	SRR17140444	non-PMA	F4_S5	F4_S5	F4	S5	Overhead 4
antibacterial_free_fatty_acids	7	0.00185349271694	SRR17140444	non-PMA	F4_S5	F4_S5	F4	S5	Overhead 4
multidrug	4206	2.48136685882	SRR17140444	non-PMA	F4_S5	F4_S5	F4	S5	Overhead 4
tetracycline	366	0.0764454733531	SRR17140444	non-PMA	F4_S5	F4_S5	F4	S5	Overhead 4
fosmidomycin	17	0.00557726937405	SRR17140444	non-PMA	F4_S5	F4_S5	F4	S5	Overhead 4
triclosan	6	0.00167440598733	SRR17140444	non-PMA	F4_S5	F4_S5	F4	S5	Overhead 4
multidrug/fluoroquinolone,multidrug	17	0.00482422034464	SRR17140444	non-PMA	F4_S5	F4_S5	F4	S5	Overhead 4
fluoroquinolone	114	0.0329060301115	SRR17140444	non-PMA	F4_S5	F4_S5	F4	S5	Overhead 4
fosfomycin	43	0.0416111972342	SRR17140444	non-PMA	F4_S5	F4_S5	F4	S5	Overhead 4
MLS	1667	1.39272791344	SRR17140444	non-PMA	F4_S5	F4_S5	F4	S5	Overhead 4
unclassified	188	0.155141076634	SRR17140444	non-PMA	F4_S5	F4_S5	F4	S5	Overhead 4
phenicol	61	0.0172739946805	SRR17140444	non-PMA	F4_S5	F4_S5	F4	S5	Overhead 4
beta-lactam	1085	0.519373724313	SRR17140444	non-PMA	F4_S5	F4_S5	F4	S5	Overhead 4
nitroimidazole	3	0.000693353682037	SRR17140444	non-PMA	F4_S5	F4_S5	F4	S5	Overhead 4
glycopeptide	12	0.00704859114316	SRR17140444	non-PMA	F4_S5	F4_S5	F4	S5	Overhead 4
fusaric-acid	10	0.00631505231527	SRR17140444	non-PMA	F4_S5	F4_S5	F4	S5	Overhead 4
aminoglycoside	17	0.0567956997275	SRR17140445	non-PMA	F6_S8	F6_S8	F6	S8	Crew quarters
aminoglycoside:aminocoumarin	1	0.00130127874263	SRR17140445	non-PMA	F6_S8	F6_S8	F6	S8	Crew quarters
mupirocin	1	0.0005807464701	SRR17140445	non-PMA	F6_S8	F6_S8	F6	S8	Crew quarters
bacitracin	45	0.0980248986894	SRR17140445	non-PMA	F6_S8	F6_S8	F6	S8	Crew quarters
diaminopyrimidine	14	0.0517116856854	SRR17140445	non-PMA	F6_S8	F6_S8	F6	S8	Crew quarters
rifamycin	27	0.140846301801	SRR17140445	non-PMA	F6_S8	F6_S8	F6	S8	Crew quarters
peptide	27	0.0293537082364	SRR17140445	non-PMA	F6_S8	F6_S8	F6	S8	Crew quarters
fusidic-acid	2	0.00558389094255	SRR17140445	non-PMA	F6_S8	F6_S8	F6	S8	Crew quarters
antibacterial_free_fatty_acids	3	0.00351191566171	SRR17140445	non-PMA	F6_S8	F6_S8	F6	S8	Crew quarters
multidrug	1649	4.30102873463	SRR17140445	non-PMA	F6_S8	F6_S8	F6	S8	Crew quarters
tetracycline	147	0.213737419685	SRR17140445	non-PMA	F6_S8	F6_S8	F6	S8	Crew quarters
fosmidomycin	7	0.0101531480431	SRR17140445	non-PMA	F6_S8	F6_S8	F6	S8	Crew quarters
triclosan	2	0.00117179189238	SRR17140445	non-PMA	F6_S8	F6_S8	F6	S8	Crew quarters
multidrug/fluoroquinolone,multidrug	12	0.0150553008957	SRR17140445	non-PMA	F6_S8	F6_S8	F6	S8	Crew quarters
fluoroquinolone	13	0.043925551193	SRR17140445	non-PMA	F6_S8	F6_S8	F6	S8	Crew quarters
fosfomycin	4	0.0171132197232	SRR17140445	non-PMA	F6_S8	F6_S8	F6	S8	Crew quarters
polymyxin/peptide,polymyxin	7	0.00628820347081	SRR17140445	non-PMA	F6_S8	F6_S8	F6	S8	Crew quarters
MLS	119	0.439549328326	SRR17140445	non-PMA	F6_S8	F6_S8	F6	S8	Crew quarters
unclassified	33	0.100125432233	SRR17140445	non-PMA	F6_S8	F6_S8	F6	S8	Crew quarters
phenicol	23	0.0287952439238	SRR17140445	non-PMA	F6_S8	F6_S8	F6	S8	Crew quarters
beta-lactam	103	0.0816699889258	SRR17140445	non-PMA	F6_S8	F6_S8	F6	S8	Crew quarters
nitroimidazole	8	0.00817435581281	SRR17140445	non-PMA	F6_S8	F6_S8	F6	S8	Crew quarters
glycopeptide	53	0.137634377403	SRR17140445	non-PMA	F6_S8	F6_S8	F6	S8	Crew quarters
fusaric-acid	1	0.00279194547128	SRR17140445	non-PMA	F6_S8	F6_S8	F6	S8	Crew quarters
aminoglycoside	48	0.0285563062258	SRR17140447	non-PMA	F6_S7	F6_S7	F6	S7	Lab overhead
polymyxin	1	0.000239047628905	SRR17140447	non-PMA	F6_S7	F6_S7	F6	S7	Lab overhead
mupirocin	5	0.000772702784838	SRR17140447	non-PMA	F6_S7	F6_S7	F6	S7	Lab overhead
bacitracin	457	0.264908554443	SRR17140447	non-PMA	F6_S7	F6_S7	F6	S7	Lab overhead
diaminopyrimidine	144	0.141539952598	SRR17140447	non-PMA	F6_S7	F6_S7	F6	S7	Lab overhead
pleuromutilin	1	0.000244212238171	SRR17140447	non-PMA	F6_S7	F6_S7	F6	S7	Lab overhead
sulfonamide	3	0.00167755685867	SRR17140447	non-PMA	F6_S7	F6_S7	F6	S7	Lab overhead
rifamycin	11	0.0152696915235	SRR17140447	non-PMA	F6_S7	F6_S7	F6	S7	Lab overhead
nucleoside	1	0.000879164057416	SRR17140447	non-PMA	F6_S7	F6_S7	F6	S7	Lab overhead
oxazolidinone	1	0.000241602336389	SRR17140447	non-PMA	F6_S7	F6_S7	F6	S7	Lab overhead
peptide	54	0.0156224399234	SRR17140447	non-PMA	F6_S7	F6_S7	F6	S7	Lab overhead
fusidic-acid	12	0.00891546649774	SRR17140447	non-PMA	F6_S7	F6_S7	F6	S7	Lab overhead
antibacterial_free_fatty_acids	5	0.00155757411747	SRR17140447	non-PMA	F6_S7	F6_S7	F6	S7	Lab overhead
multidrug	3939	2.7339688596	SRR17140447	non-PMA	F6_S7	F6_S7	F6	S7	Lab overhead
tetracycline	476	0.117882279248	SRR17140447	non-PMA	F6_S7	F6_S7	F6	S7	Lab overhead
fosmidomycin	3	0.00115792339269	SRR17140447	non-PMA	F6_S7	F6_S7	F6	S7	Lab overhead
fluoroquinolone	64	0.021733841076	SRR17140447	non-PMA	F6_S7	F6_S7	F6	S7	Lab overhead
fosfomycin	35	0.0410276560127	SRR17140447	non-PMA	F6_S7	F6_S7	F6	S7	Lab overhead
MLS	1008	0.990779668183	SRR17140447	non-PMA	F6_S7	F6_S7	F6	S7	Lab overhead
unclassified	256	0.248539139667	SRR17140447	non-PMA	F6_S7	F6_S7	F6	S7	Lab overhead
phenicol	16	0.00533051049549	SRR17140447	non-PMA	F6_S7	F6_S7	F6	S7	Lab overhead
beta-lactam	755	0.425190019227	SRR17140447	non-PMA	F6_S7	F6_S7	F6	S7	Lab overhead
nitroimidazole	5	0.00135953204755	SRR17140447	non-PMA	F6_S7	F6_S7	F6	S7	Lab overhead
glycopeptide	38	0.0259201816928	SRR17140447	non-PMA	F6_S7	F6_S7	F6	S7	Lab overhead
fusaric-acid	1	0.000742955541478	SRR17140447	non-PMA	F6_S7	F6_S7	F6	S7	Lab overhead
aminoglycoside	232	0.0786104233393	SRR17140449	non-PMA	F6_S6	F6_S6	F6	S6	PMM
aminoglycoside:aminocoumarin	2	0.000394446023698	SRR17140449	non-PMA	F6_S6	F6_S6	F6	S6	PMM
mupirocin	8	0.000704147784491	SRR17140449	non-PMA	F6_S6	F6_S6	F6	S6	PMM
bacitracin	456	0.150548343902	SRR17140449	non-PMA	F6_S6	F6_S6	F6	S6	PMM
diaminopyrimidine	144	0.0806139873525	SRR17140449	non-PMA	F6_S6	F6_S6	F6	S6	PMM
peptide/polymyxin	6	0.000816896523398	SRR17140449	non-PMA	F6_S6	F6_S6	F6	S6	PMM
pleuromutilin	4	0.000556363681573	SRR17140449	non-PMA	F6_S6	F6_S6	F6	S6	PMM
sulfonamide	4	0.00133034562974	SRR17140449	non-PMA	F6_S6	F6_S6	F6	S6	PMM
rifamycin	16	0.012649953181	SRR17140449	non-PMA	F6_S6	F6_S6	F6	S6	PMM
peptide	81	0.0133466256483	SRR17140449	non-PMA	F6_S6	F6_S6	F6	S6	PMM
fusidic-acid	22	0.00930929653112	SRR17140449	non-PMA	F6_S6	F6_S6	F6	S6	PMM
multidrug	5407	2.13744677656	SRR17140449	non-PMA	F6_S6	F6_S6	F6	S6	PMM
tetracycline	3101	0.538527884013	SRR17140449	non-PMA	F6_S6	F6_S6	F6	S6	PMM
fosmidomycin	4	0.000879326013804	SRR17140449	non-PMA	F6_S6	F6_S6	F6	S6	PMM
triclosan	13	0.00243091683277	SRR17140449	non-PMA	F6_S6	F6_S6	F6	S6	PMM
multidrug/fluoroquinolone,multidrug	20	0.00380299225379	SRR17140449	non-PMA	F6_S6	F6_S6	F6	S6	PMM
fluoroquinolone	1008	0.194961295593	SRR17140449	non-PMA	F6_S6	F6_S6	F6	S6	PMM
fosfomycin	60	0.038905431546	SRR17140449	non-PMA	F6_S6	F6_S6	F6	S6	PMM
MLS	5657	3.16689810037	SRR17140449	non-PMA	F6_S6	F6_S6	F6	S6	PMM
unclassified	373	0.20625050198	SRR17140449	non-PMA	F6_S6	F6_S6	F6	S6	PMM
phenicol	195	0.0370011130545	SRR17140449	non-PMA	F6_S6	F6_S6	F6	S6	PMM
beta-lactam	5847	1.87542871273	SRR17140449	non-PMA	F6_S6	F6_S6	F6	S6	PMM
nitroimidazole	61	0.00944671117063	SRR17140449	non-PMA	F6_S6	F6_S6	F6	S6	PMM
fusaric-acid	24	0.0101555962158	SRR17140449	non-PMA	F6_S6	F6_S6	F6	S6	PMM
glycopeptide	42	0.0163168038337	SRR17140449	non-PMA	F6_S6	F6_S6	F6	S6	PMM
aminoglycoside	234	0.0700842630829	SRR17140451	non-PMA	F6_S5	F6_S5	F6	S5	Overhead 4
aminoglycoside:aminocoumarin	25	0.00445653545946	SRR17140451	non-PMA	F6_S5	F6_S5	F6	S5	Overhead 4
mupirocin	7	0.000556892849016	SRR17140451	non-PMA	F6_S5	F6_S5	F6	S5	Overhead 4
bacitracin	218	0.0650530112357	SRR17140451	non-PMA	F6_S5	F6_S5	F6	S5	Overhead 4
diaminopyrimidine	46	0.0232758480568	SRR17140451	non-PMA	F6_S5	F6_S5	F6	S5	Overhead 4
pleuromutilin	2	0.000251436630243	SRR17140451	non-PMA	F6_S5	F6_S5	F6	S5	Overhead 4
sulfonamide	2	0.000601221167519	SRR17140451	non-PMA	F6_S5	F6_S5	F6	S5	Overhead 4
rifamycin	11	0.00786070307182	SRR17140451	non-PMA	F6_S5	F6_S5	F6	S5	Overhead 4
nucleoside	1	0.000452585934438	SRR17140451	non-PMA	F6_S5	F6_S5	F6	S5	Overhead 4
oxazolidinone	1	0.000124374760609	SRR17140451	non-PMA	F6_S5	F6_S5	F6	S5	Overhead 4
peptide	203	0.0302330713791	SRR17140451	non-PMA	F6_S5	F6_S5	F6	S5	Overhead 4
fusidic-acid	5	0.00191233493425	SRR17140451	non-PMA	F6_S5	F6_S5	F6	S5	Overhead 4
fluoroquinolone,multidrug	221	0.0379828448775	SRR17140451	non-PMA	F6_S5	F6_S5	F6	S5	Overhead 4
antibacterial_free_fatty_acids	172	0.0364897409641	SRR17140451	non-PMA	F6_S5	F6_S5	F6	S5	Overhead 4
multidrug	4568	1.06021156334	SRR17140451	non-PMA	F6_S5	F6_S5	F6	S5	Overhead 4
tetracycline	1069	0.136072789851	SRR17140451	non-PMA	F6_S5	F6_S5	F6	S5	Overhead 4
fosmidomycin	56	0.0111269907784	SRR17140451	non-PMA	F6_S5	F6_S5	F6	S5	Overhead 4
triclosan	16	0.00270424790702	SRR17140451	non-PMA	F6_S5	F6_S5	F6	S5	Overhead 4
fluoroquinolone	115	0.0201041391478	SRR17140451	non-PMA	F6_S5	F6_S5	F6	S5	Overhead 4
fosfomycin	4	0.00234433002011	SRR17140451	non-PMA	F6_S5	F6_S5	F6	S5	Overhead 4
MLS	1902	0.96240571748	SRR17140451	non-PMA	F6_S5	F6_S5	F6	S5	Overhead 4
unclassified	233	0.0968441535221	SRR17140451	non-PMA	F6_S5	F6_S5	F6	S5	Overhead 4
phenicol	38	0.00651723745591	SRR17140451	non-PMA	F6_S5	F6_S5	F6	S5	Overhead 4
beta-lactam	1257	0.364420261658	SRR17140451	non-PMA	F6_S5	F6_S5	F6	S5	Overhead 4
peptide,polymyxin	37	0.00455320592652	SRR17140451	non-PMA	F6_S5	F6_S5	F6	S5	Overhead 4
nitroimidazole	82	0.0114779525641	SRR17140451	non-PMA	F6_S5	F6_S5	F6	S5	Overhead 4
fusaric-acid	3	0.00114740096055	SRR17140451	non-PMA	F6_S5	F6_S5	F6	S5	Overhead 4
glycopeptide	109	0.0778924213481	SRR17140451	non-PMA	F6_S5	F6_S5	F6	S5	Overhead 4
fluoroquinolone	105	0.137536634359	SRR17140452	non-PMA	F4_S3	F4_S3	F4	S3	Exercise platform
aminoglycoside	44	0.098741286796	SRR17140452	non-PMA	F4_S3	F4_S3	F4	S3	Exercise platform
tetracycline	310	0.296125526485	SRR17140452	non-PMA	F4_S3	F4_S3	F4	S3	Exercise platform
peptide	27	0.0301294669366	SRR17140452	non-PMA	F4_S3	F4_S3	F4	S3	Exercise platform
rifamycin	2	0.0107087838949	SRR17140452	non-PMA	F4_S3	F4_S3	F4	S3	Exercise platform
mupirocin	15	0.00894141624041	SRR17140452	non-PMA	F4_S3	F4_S3	F4	S3	Exercise platform
bacitracin	82	0.183343794597	SRR17140452	non-PMA	F4_S3	F4_S3	F4	S3	Exercise platform
multidrug	1134	3.03594023422	SRR17140452	non-PMA	F4_S3	F4_S3	F4	S3	Exercise platform
pleuromutilin	1	0.00094197636113	SRR17140452	non-PMA	F4_S3	F4_S3	F4	S3	Exercise platform
unclassified	60	0.224687367612	SRR17140452	non-PMA	F4_S3	F4_S3	F4	S3	Exercise platform
MLS	1028	3.89746522427	SRR17140452	non-PMA	F4_S3	F4_S3	F4	S3	Exercise platform
diaminopyrimidine	20	0.0758261716785	SRR17140452	non-PMA	F4_S3	F4_S3	F4	S3	Exercise platform
phenicol	12	0.0154206488087	SRR17140452	non-PMA	F4_S3	F4_S3	F4	S3	Exercise platform
beta-lactam	741	1.6096331152	SRR17140452	non-PMA	F4_S3	F4_S3	F4	S3	Exercise platform
fosfomycin	29	0.127349782578	SRR17140452	non-PMA	F4_S3	F4_S3	F4	S3	Exercise platform
nitroimidazole	4	0.0041951936908	SRR17140452	non-PMA	F4_S3	F4_S3	F4	S3	Exercise platform
antibacterial_free_fatty_acids	4	0.00480630458277	SRR17140452	non-PMA	F4_S3	F4_S3	F4	S3	Exercise platform
fusaric-acid	3	0.00859719270439	SRR17140452	non-PMA	F4_S3	F4_S3	F4	S3	Exercise platform
triclosan	6	0.00759834873874	SRR17140452	non-PMA	F4_S3	F4_S3	F4	S3	Exercise platform
glycopeptide	8	0.021324041293	SRR17140452	non-PMA	F4_S3	F4_S3	F4	S3	Exercise platform
aminoglycoside	256	0.0555040440408	SRR17140454	non-PMA	F6_S4	F6_S4	F6	S4	Dining table
aminoglycoside:aminocoumarin	96	0.0121149417792	SRR17140454	non-PMA	F6_S4	F6_S4	F6	S4	Dining table
mupirocin	5	0.000281602396295	SRR17140454	non-PMA	F6_S4	F6_S4	F6	S4	Dining table
bacitracin	1622	0.342652970603	SRR17140454	non-PMA	F6_S4	F6_S4	F6	S4	Dining table
diaminopyrimidine	61	0.0218509466859	SRR17140454	non-PMA	F6_S4	F6_S4	F6	S4	Dining table
pleuromutilin	6	0.000534001581122	SRR17140454	non-PMA	F6_S4	F6_S4	F6	S4	Dining table
sulfonamide	3	0.000638437314699	SRR17140454	non-PMA	F6_S4	F6_S4	F6	S4	Dining table
rifamycin	2	0.000133346059563	SRR17140454	non-PMA	F6_S4	F6_S4	F6	S4	Dining table
peptide	221	0.0233008221905	SRR17140454	non-PMA	F6_S4	F6_S4	F6	S4	Dining table
fusidic-acid	4	0.0010830454603	SRR17140454	non-PMA	F6_S4	F6_S4	F6	S4	Dining table
fluoroquinolone,multidrug	108	0.0131404946038	SRR17140454	non-PMA	F6_S4	F6_S4	F6	S4	Dining table
antibacterial_free_fatty_acids	7	0.000794695266394	SRR17140454	non-PMA	F6_S4	F6_S4	F6	S4	Dining table
multidrug	18484	4.67549300153	SRR17140454	non-PMA	F6_S4	F6_S4	F6	S4	Dining table
tetracycline	487	0.0439535949307	SRR17140454	non-PMA	F6_S4	F6_S4	F6	S4	Dining table
fosmidomycin	166	0.0233501959667	SRR17140454	non-PMA	F6_S4	F6_S4	F6	S4	Dining table
triclosan	2584	0.309180268147	SRR17140454	non-PMA	F6_S4	F6_S4	F6	S4	Dining table
fluoroquinolone	314	0.0388606472511	SRR17140454	non-PMA	F6_S4	F6_S4	F6	S4	Dining table
fosfomycin	29	0.012388836682	SRR17140454	non-PMA	F6_S4	F6_S4	F6	S4	Dining table
polymyxin/peptide,polymyxin	93	0.00810198169304	SRR17140454	non-PMA	F6_S4	F6_S4	F6	S4	Dining table
MLS	2106	0.754394979025	SRR17140454	non-PMA	F6_S4	F6_S4	F6	S4	Dining table
unclassified	578	0.170074054592	SRR17140454	non-PMA	F6_S4	F6_S4	F6	S4	Dining table
phenicol	17	0.00206405663777	SRR17140454	non-PMA	F6_S4	F6_S4	F6	S4	Dining table
beta-lactam	1558	0.31976242721	SRR17140454	non-PMA	F6_S4	F6_S4	F6	S4	Dining table
nitroimidazole	293	0.0290342715344	SRR17140454	non-PMA	F6_S4	F6_S4	F6	S4	Dining table
glycopeptide	12	0.0030221224853	SRR17140454	non-PMA	F6_S4	F6_S4	F6	S4	Dining table
fusaric-acid	1	0.000270761365076	SRR17140454	non-PMA	F6_S4	F6_S4	F6	S4	Dining table
fluoroquinolone	11	0.00114627742912	SRR17140456	non-PMA	F6_S3	F6_S3	F6	S3	Exercise platform
aminoglycoside	17	0.00310348933475	SRR17140456	non-PMA	F6_S3	F6_S3	F6	S3	Exercise platform
tetracycline	63	0.00528378281741	SRR17140456	non-PMA	F6_S3	F6_S3	F6	S3	Exercise platform
peptide	7	0.000876091137251	SRR17140456	non-PMA	F6_S3	F6_S3	F6	S3	Exercise platform
fusidic-acid	7	0.00159588432513	SRR17140456	non-PMA	F6_S3	F6_S3	F6	S3	Exercise platform
rifamycin	8	0.00340775299502	SRR17140456	non-PMA	F6_S3	F6_S3	F6	S3	Exercise platform
mupirocin	2	9.48446878497e-05	SRR17140456	non-PMA	F6_S3	F6_S3	F6	S3	Exercise platform
bacitracin	2159	0.384036911013	SRR17140456	non-PMA	F6_S3	F6_S3	F6	S3	Exercise platform
multidrug	10318	2.19757471266	SRR17140456	non-PMA	F6_S3	F6_S3	F6	S3	Exercise platform
fosfomycin	9	0.0031442037526	SRR17140456	non-PMA	F6_S3	F6_S3	F6	S3	Exercise platform
unclassified	181	0.0539229871927	SRR17140456	non-PMA	F6_S3	F6_S3	F6	S3	Exercise platform
MLS	543	0.163778513896	SRR17140456	non-PMA	F6_S3	F6_S3	F6	S3	Exercise platform
diaminopyrimidine	27	0.00814368301139	SRR17140456	non-PMA	F6_S3	F6_S3	F6	S3	Exercise platform
phenicol	13	0.00132902366806	SRR17140456	non-PMA	F6_S3	F6_S3	F6	S3	Exercise platform
beta-lactam	144	0.0248850859281	SRR17140456	non-PMA	F6_S3	F6_S3	F6	S3	Exercise platform
fosmidomycin	1	0.000118440195559	SRR17140456	non-PMA	F6_S3	F6_S3	F6	S3	Exercise platform
nitroimidazole	148	0.0123487131727	SRR17140456	non-PMA	F6_S3	F6_S3	F6	S3	Exercise platform
antibacterial_free_fatty_acids	1	9.55914964155e-05	SRR17140456	non-PMA	F6_S3	F6_S3	F6	S3	Exercise platform
fusaric-acid	1	0.000227983475019	SRR17140456	non-PMA	F6_S3	F6_S3	F6	S3	Exercise platform
triclosan	846	0.0852327100238	SRR17140456	non-PMA	F6_S3	F6_S3	F6	S3	Exercise platform
glycopeptide	2	0.00105566261259	SRR17140456	non-PMA	F6_S3	F6_S3	F6	S3	Exercise platform
aminoglycoside	212	0.0708877784523	SRR17140458	non-PMA	F6_S2	F6_S2	F6	S2	Waste compartment
polymyxin	7	0.000940496519112	SRR17140458	non-PMA	F6_S2	F6_S2	F6	S2	Waste compartment
aminoglycoside:aminocoumarin	4	0.000778504152113	SRR17140458	non-PMA	F6_S2	F6_S2	F6	S2	Waste compartment
mupirocin	3	0.000260578416149	SRR17140458	non-PMA	F6_S2	F6_S2	F6	S2	Waste compartment
bacitracin	864	0.281493413419	SRR17140458	non-PMA	F6_S2	F6_S2	F6	S2	Waste compartment
diaminopyrimidine	344	0.190042050847	SRR17140458	non-PMA	F6_S2	F6_S2	F6	S2	Waste compartment
pleuromutilin	3	0.000411778237865	SRR17140458	non-PMA	F6_S2	F6_S2	F6	S2	Waste compartment
sulfonamide	1	0.000328207008778	SRR17140458	non-PMA	F6_S2	F6_S2	F6	S2	Waste compartment
rifamycin	19	0.0148240165631	SRR17140458	non-PMA	F6_S2	F6_S2	F6	S2	Waste compartment
nucleoside	2	0.000988267770876	SRR17140458	non-PMA	F6_S2	F6_S2	F6	S2	Waste compartment
peptide	120	0.0195124166828	SRR17140458	non-PMA	F6_S2	F6_S2	F6	S2	Waste compartment
fusidic-acid	6	0.00250546758814	SRR17140458	non-PMA	F6_S2	F6_S2	F6	S2	Waste compartment
antibacterial_free_fatty_acids	5	0.000875434049005	SRR17140458	non-PMA	F6_S2	F6_S2	F6	S2	Waste compartment
multidrug	7757	1.96563925607	SRR17140458	non-PMA	F6_S2	F6_S2	F6	S2	Waste compartment
tetracycline	1003	0.208436756255	SRR17140458	non-PMA	F6_S2	F6_S2	F6	S2	Waste compartment
fosmidomycin	10	0.00216936827753	SRR17140458	non-PMA	F6_S2	F6_S2	F6	S2	Waste compartment
fluoroquinolone/multidrug/fluoroquinolone,multidrug	15	0.00281468668921	SRR17140458	non-PMA	F6_S2	F6_S2	F6	S2	Waste compartment
triclosan	14	0.00258343857117	SRR17140458	non-PMA	F6_S2	F6_S2	F6	S2	Waste compartment
fluoroquinolone	116	0.0221405912617	SRR17140458	non-PMA	F6_S2	F6_S2	F6	S2	Waste compartment
fosfomycin	33	0.0211162250324	SRR17140458	non-PMA	F6_S2	F6_S2	F6	S2	Waste compartment
MLS	3339	1.71667253079	SRR17140458	non-PMA	F6_S2	F6_S2	F6	S2	Waste compartment
unclassified	473	0.214645709215	SRR17140458	non-PMA	F6_S2	F6_S2	F6	S2	Waste compartment
phenicol	25	0.00468126838836	SRR17140458	non-PMA	F6_S2	F6_S2	F6	S2	Waste compartment
beta-lactam	1386	0.438706483057	SRR17140458	non-PMA	F6_S2	F6_S2	F6	S2	Waste compartment
nitroimidazole	11	0.00168107404324	SRR17140458	non-PMA	F6_S2	F6_S2	F6	S2	Waste compartment
fusaric-acid	8	0.00334062345085	SRR17140458	non-PMA	F6_S2	F6_S2	F6	S2	Waste compartment
glycopeptide	77	0.0295202398801	SRR17140458	non-PMA	F6_S2	F6_S2	F6	S2	Waste compartment
aminoglycoside	4	0.117410732587	SRR17140460	non-PMA	F6_S1	F6_S1	F6	S1	Cupola
tetracycline	3	0.0388612988141	SRR17140460	non-PMA	F6_S1	F6_S1	F6	S1	Cupola
peptide	3	0.0640009534593	SRR17140460	non-PMA	F6_S1	F6_S1	F6	S1	Cupola
rifamycin	2	0.145218537674	SRR17140460	non-PMA	F6_S1	F6_S1	F6	S1	Cupola
bacitracin	4	0.121281416079	SRR17140460	non-PMA	F6_S1	F6_S1	F6	S1	Cupola
multidrug	1082	6.16818739152	SRR17140460	non-PMA	F6_S1	F6_S1	F6	S1	Cupola
unclassified	2	0.0755932113918	SRR17140460	non-PMA	F6_S1	F6_S1	F6	S1	Cupola
MLS	36	1.85085987147	SRR17140460	non-PMA	F6_S1	F6_S1	F6	S1	Cupola
diaminopyrimidine	2	0.102825548415	SRR17140460	non-PMA	F6_S1	F6_S1	F6	S1	Cupola
phenicol	2	0.0348524490417	SRR17140460	non-PMA	F6_S1	F6_S1	F6	S1	Cupola
beta-lactam	11	0.324028552033	SRR17140460	non-PMA	F6_S1	F6_S1	F6	S1	Cupola
nitroimidazole	5	0.0711121705103	SRR17140460	non-PMA	F6_S1	F6_S1	F6	S1	Cupola
aminoglycoside	38	0.0203270497388	SRR17140462	non-PMA	F5_S8	F5_S8	F5	S8	Crew quarters
polymyxin	2	0.000429877184809	SRR17140462	non-PMA	F5_S8	F5_S8	F5	S8	Crew quarters
aminoglycoside:aminocoumarin	2	0.000622710495281	SRR17140462	non-PMA	F5_S8	F5_S8	F5	S8	Crew quarters
bacitracin	113	0.0588963236022	SRR17140462	non-PMA	F5_S8	F5_S8	F5	S8	Crew quarters
diaminopyrimidine	22	0.0194432649676	SRR17140462	non-PMA	F5_S8	F5_S8	F5	S8	Crew quarters
pleuromutilin	2	0.000439164654851	SRR17140462	non-PMA	F5_S8	F5_S8	F5	S8	Crew quarters
rifamycin	2	0.00249630435389	SRR17140462	non-PMA	F5_S8	F5_S8	F5	S8	Crew quarters
peptide	68	0.0176886209793	SRR17140462	non-PMA	F5_S8	F5_S8	F5	S8	Crew quarters
fusidic-acid	2	0.00133605021757	SRR17140462	non-PMA	F5_S8	F5_S8	F5	S8	Crew quarters
fluoroquinolone,multidrug	669	0.200826105331	SRR17140462	non-PMA	F5_S8	F5_S8	F5	S8	Crew quarters
antibacterial_free_fatty_acids	615	0.227885284181	SRR17140462	non-PMA	F5_S8	F5_S8	F5	S8	Crew quarters
multidrug	3926	2.45012272334	SRR17140462	non-PMA	F5_S8	F5_S8	F5	S8	Crew quarters
tetracycline	213	0.052344786115	SRR17140462	non-PMA	F5_S8	F5_S8	F5	S8	Crew quarters
fosmidomycin	3	0.000786128995424	SRR17140462	non-PMA	F5_S8	F5_S8	F5	S8	Crew quarters
triclosan	1	0.000140186549923	SRR17140462	non-PMA	F5_S8	F5_S8	F5	S8	Crew quarters
fluoroquinolone	105	0.032060904631	SRR17140462	non-PMA	F5_S8	F5_S8	F5	S8	Crew quarters
fosfomycin	11	0.0112603081287	SRR17140462	non-PMA	F5_S8	F5_S8	F5	S8	Crew quarters
MLS	1868	1.09381276702	SRR17140462	non-PMA	F5_S8	F5_S8	F5	S8	Crew quarters
unclassified	86	0.0624330813406	SRR17140462	non-PMA	F5_S8	F5_S8	F5	S8	Crew quarters
phenicol	3	0.0008986695674	SRR17140462	non-PMA	F5_S8	F5_S8	F5	S8	Crew quarters
beta-lactam	1382	0.699800281755	SRR17140462	non-PMA	F5_S8	F5_S8	F5	S8	Crew quarters
nitroimidazole	12	0.00293380099323	SRR17140462	non-PMA	F5_S8	F5_S8	F5	S8	Crew quarters
glycopeptide	1	0.000621350865379	SRR17140462	non-PMA	F5_S8	F5_S8	F5	S8	Crew quarters
fusaric-acid	1	0.000668025108787	SRR17140462	non-PMA	F5_S8	F5_S8	F5	S8	Crew quarters
aminoglycoside	66	0.0390899525521	SRR17140467	non-PMA	F7_S8	F7_S8	F7	S8	Crew quarters
aminoglycoside:aminocoumarin	3	0.00105753601494	SRR17140467	non-PMA	F7_S8	F7_S8	F7	S8	Crew quarters
mupirocin	10	0.00157322252222	SRR17140467	non-PMA	F7_S8	F7_S8	F7	S8	Crew quarters
bacitracin	213	0.125691835445	SRR17140467	non-PMA	F7_S8	F7_S8	F7	S8	Crew quarters
diaminopyrimidine	77	0.0770468630012	SRR17140467	non-PMA	F7_S8	F7_S8	F7	S8	Crew quarters
pleuromutilin	1	0.000248608003511	SRR17140467	non-PMA	F7_S8	F7_S8	F7	S8	Crew quarters
rifamycin	29	0.040981066684	SRR17140467	non-PMA	F7_S8	F7_S8	F7	S8	Crew quarters
nucleoside	2	0.00161907523895	SRR17140467	non-PMA	F7_S8	F7_S8	F7	S8	Crew quarters
peptide	56	0.0164926640428	SRR17140467	non-PMA	F7_S8	F7_S8	F7	S8	Crew quarters
fusidic-acid	1	0.000759896161675	SRR17140467	non-PMA	F7_S8	F7_S8	F7	S8	Crew quarters
antibacterial_free_fatty_acids	16	0.00507395232363	SRR17140467	non-PMA	F7_S8	F7_S8	F7	S8	Crew quarters
multidrug	3183	2.24901267682	SRR17140467	non-PMA	F7_S8	F7_S8	F7	S8	Crew quarters
tetracycline	824	0.310151263296	SRR17140467	non-PMA	F7_S8	F7_S8	F7	S8	Crew quarters
fosmidomycin	1	0.000296681374356	SRR17140467	non-PMA	F7_S8	F7_S8	F7	S8	Crew quarters
triclosan	6	0.00200536912376	SRR17140467	non-PMA	F7_S8	F7_S8	F7	S8	Crew quarters
fluoroquinolone	90	0.0283734222402	SRR17140467	non-PMA	F7_S8	F7_S8	F7	S8	Crew quarters
fosfomycin	15	0.0173846747779	SRR17140467	non-PMA	F7_S8	F7_S8	F7	S8	Crew quarters
MLS	720	0.720438199491	SRR17140467	non-PMA	F7_S8	F7_S8	F7	S8	Crew quarters
unclassified	135	0.11096034769	SRR17140467	non-PMA	F7_S8	F7_S8	F7	S8	Crew quarters
phenicol	129	0.0437508215358	SRR17140467	non-PMA	F7_S8	F7_S8	F7	S8	Crew quarters
beta-lactam	592	0.339395045818	SRR17140467	non-PMA	F7_S8	F7_S8	F7	S8	Crew quarters
nitroimidazole	12	0.00332160796444	SRR17140467	non-PMA	F7_S8	F7_S8	F7	S8	Crew quarters
glycopeptide	400	0.281393862489	SRR17140467	non-PMA	F7_S8	F7_S8	F7	S8	Crew quarters
aminoglycoside	51	0.018203035933	SRR17140469	non-PMA	F7_S7	F7_S7	F7	S7	Lab overhead
mupirocin	53	0.00491395528078	SRR17140469	non-PMA	F7_S7	F7_S7	F7	S7	Lab overhead
bacitracin	760	0.264305519228	SRR17140469	non-PMA	F7_S7	F7_S7	F7	S7	Lab overhead
diaminopyrimidine	280	0.165115347252	SRR17140469	non-PMA	F7_S7	F7_S7	F7	S7	Lab overhead
pleuromutilin	6	0.000879086339539	SRR17140469	non-PMA	F7_S7	F7_S7	F7	S7	Lab overhead
sulfonamide	6	0.00201289027569	SRR17140469	non-PMA	F7_S7	F7_S7	F7	S7	Lab overhead
rifamycin	53	0.0441393877852	SRR17140469	non-PMA	F7_S7	F7_S7	F7	S7	Lab overhead
peptide	161	0.0279443387055	SRR17140469	non-PMA	F7_S7	F7_S7	F7	S7	Lab overhead
fusidic-acid	8	0.00356587134911	SRR17140469	non-PMA	F7_S7	F7_S7	F7	S7	Lab overhead
antibacterial_free_fatty_acids	11	0.00205581608538	SRR17140469	non-PMA	F7_S7	F7_S7	F7	S7	Lab overhead
multidrug	8250	3.43537687951	SRR17140469	non-PMA	F7_S7	F7_S7	F7	S7	Lab overhead
tetracycline	465	0.108471046613	SRR17140469	non-PMA	F7_S7	F7_S7	F7	S7	Lab overhead
fosmidomycin	4	0.00092625682605	SRR17140469	non-PMA	F7_S7	F7_S7	F7	S7	Lab overhead
triclosan	11	0.00216671072899	SRR17140469	non-PMA	F7_S7	F7_S7	F7	S7	Lab overhead
fluoroquinolone	141	0.0287268814989	SRR17140469	non-PMA	F7_S7	F7_S7	F7	S7	Lab overhead
fosfomycin	42	0.0286873067349	SRR17140469	non-PMA	F7_S7	F7_S7	F7	S7	Lab overhead
MLS	2286	1.34804887078	SRR17140469	non-PMA	F7_S7	F7_S7	F7	S7	Lab overhead
unclassified	466	0.225727843348	SRR17140469	non-PMA	F7_S7	F7_S7	F7	S7	Lab overhead
phenicol	23	0.00459715887877	SRR17140469	non-PMA	F7_S7	F7_S7	F7	S7	Lab overhead
beta-lactam	1323	0.44700132576	SRR17140469	non-PMA	F7_S7	F7_S7	F7	S7	Lab overhead
nitroimidazole	4	0.000652517695328	SRR17140469	non-PMA	F7_S7	F7_S7	F7	S7	Lab overhead
glycopeptide	30	0.0122768954315	SRR17140469	non-PMA	F7_S7	F7_S7	F7	S7	Lab overhead
fusaric-acid	17	0.00757747661687	SRR17140469	non-PMA	F7_S7	F7_S7	F7	S7	Lab overhead
fluoroquinolone	83	0.10401949184	SRR17140470	non-PMA	F4_S4	F4_S4	F4	S4	Dining table
aminoglycoside	13	0.0280153861898	SRR17140470	non-PMA	F4_S4	F4_S4	F4	S4	Dining table
peptide	20	0.0301037654933	SRR17140470	non-PMA	F4_S4	F4_S4	F4	S4	Dining table
fusidic-acid	2	0.00548369061569	SRR17140470	non-PMA	F4_S4	F4_S4	F4	S4	Dining table
tetracycline	196	0.179133893446	SRR17140470	non-PMA	F4_S4	F4_S4	F4	S4	Dining table
fosfomycin	13	0.054619925593	SRR17140470	non-PMA	F4_S4	F4_S4	F4	S4	Dining table
bacitracin	52	0.111240581061	SRR17140470	non-PMA	F4_S4	F4_S4	F4	S4	Dining table
peptide,polymyxin	2	0.00176438988088	SRR17140470	non-PMA	F4_S4	F4_S4	F4	S4	Dining table
multidrug	649	1.66238802553	SRR17140470	non-PMA	F4_S4	F4_S4	F4	S4	Dining table
unclassified	38	0.136150281728	SRR17140470	non-PMA	F4_S4	F4_S4	F4	S4	Dining table
MLS	852	3.0905535347	SRR17140470	non-PMA	F4_S4	F4_S4	F4	S4	Dining table
diaminopyrimidine	10	0.0362741025199	SRR17140470	non-PMA	F4_S4	F4_S4	F4	S4	Dining table
phenicol	4	0.0108653590804	SRR17140470	non-PMA	F4_S4	F4_S4	F4	S4	Dining table
beta-lactam	696	1.44652342775	SRR17140470	non-PMA	F4_S4	F4_S4	F4	S4	Dining table
fosmidomycin	2	0.00215106095975	SRR17140470	non-PMA	F4_S4	F4_S4	F4	S4	Dining table
nitroimidazole	13	0.0130449650471	SRR17140470	non-PMA	F4_S4	F4_S4	F4	S4	Dining table
pleuromutilin	3	0.00270376412301	SRR17140470	non-PMA	F4_S4	F4_S4	F4	S4	Dining table
glycopeptide	1	0.00634796794099	SRR17140470	non-PMA	F4_S4	F4_S4	F4	S4	Dining table
aminoglycoside	68	0.0422475692983	SRR17140472	non-PMA	F7_S6	F7_S6	F7	S6	PMM
polymyxin	5	0.0012482065747	SRR17140472	non-PMA	F7_S6	F7_S6	F7	S6	PMM
mupirocin	25	0.00403473023658	SRR17140472	non-PMA	F7_S6	F7_S6	F7	S6	PMM
bacitracin	613	0.371084041944	SRR17140472	non-PMA	F7_S6	F7_S6	F7	S6	PMM
diaminopyrimidine	280	0.287413131288	SRR17140472	non-PMA	F7_S6	F7_S6	F7	S6	PMM
pleuromutilin	5	0.0012751740007	SRR17140472	non-PMA	F7_S6	F7_S6	F7	S6	PMM
rifamycin	20	0.0289934299106	SRR17140472	non-PMA	F7_S6	F7_S6	F7	S6	PMM
peptide	44	0.0187411139731	SRR17140472	non-PMA	F7_S6	F7_S6	F7	S6	PMM
fusidic-acid	7	0.00543116363114	SRR17140472	non-PMA	F7_S6	F7_S6	F7	S6	PMM
antibacterial_free_fatty_acids	2	0.000650639962561	SRR17140472	non-PMA	F7_S6	F7_S6	F7	S6	PMM
multidrug	6281	0.978335607569	SRR17140472	non-PMA	F7_S6	F7_S6	F7	S6	PMM
tetracycline	229	0.0653629085705	SRR17140472	non-PMA	F7_S6	F7_S6	F7	S6	PMM
fosmidomycin	3	0.00120923817432	SRR17140472	non-PMA	F7_S6	F7_S6	F7	S6	PMM
triclosan	11	0.00179102271468	SRR17140472	non-PMA	F7_S6	F7_S6	F7	S6	PMM
fluoroquinolone	57	0.0202145179784	SRR17140472	non-PMA	F7_S6	F7_S6	F7	S6	PMM
fosfomycin	79	0.0939261977608	SRR17140472	non-PMA	F7_S6	F7_S6	F7	S6	PMM
MLS	1822	1.87023830431	SRR17140472	non-PMA	F7_S6	F7_S6	F7	S6	PMM
unclassified	433	0.365095328379	SRR17140472	non-PMA	F7_S6	F7_S6	F7	S6	PMM
phenicol	63	0.0219190330124	SRR17140472	non-PMA	F7_S6	F7_S6	F7	S6	PMM
beta-lactam	805	0.473438979163	SRR17140472	non-PMA	F7_S6	F7_S6	F7	S6	PMM
nitroimidazole	3	0.000851868816961	SRR17140472	non-PMA	F7_S6	F7_S6	F7	S6	PMM
glycopeptide	9	0.00649503473543	SRR17140472	non-PMA	F7_S6	F7_S6	F7	S6	PMM
fusaric-acid	14	0.0108623272623	SRR17140472	non-PMA	F7_S6	F7_S6	F7	S6	PMM
aminoglycoside	62	0.0397917548099	SRR17140474	non-PMA	F7_S5	F7_S5	F7	S5	Overhead 4
aminoglycoside:aminocoumarin	5	0.00190995929066	SRR17140474	non-PMA	F7_S5	F7_S5	F7	S5	Overhead 4
mupirocin	26	0.00443244849445	SRR17140474	non-PMA	F7_S5	F7_S5	F7	S5	Overhead 4
bacitracin	320	0.204624503052	SRR17140474	non-PMA	F7_S5	F7_S5	F7	S5	Overhead 4
peptide/polymyxin/peptide,polymyxin	6	0.00158220796827	SRR17140474	non-PMA	F7_S5	F7_S5	F7	S5	Overhead 4
diaminopyrimidine	112	0.121440194203	SRR17140474	non-PMA	F7_S5	F7_S5	F7	S5	Overhead 4
pleuromutilin	2	0.00053879715792	SRR17140474	non-PMA	F7_S5	F7_S5	F7	S5	Overhead 4
sulfonamide	1	0.000616856110128	SRR17140474	non-PMA	F7_S5	F7_S5	F7	S5	Overhead 4
rifamycin	17	0.0197846316388	SRR17140474	non-PMA	F7_S5	F7_S5	F7	S5	Overhead 4
peptide	74	0.0236164545855	SRR17140474	non-PMA	F7_S5	F7_S5	F7	S5	Overhead 4
fusidic-acid	6	0.00491747265257	SRR17140474	non-PMA	F7_S5	F7_S5	F7	S5	Overhead 4
antibacterial_free_fatty_acids	2	0.000687284563646	SRR17140474	non-PMA	F7_S5	F7_S5	F7	S5	Overhead 4
multidrug	3421	2.61931984661	SRR17140474	non-PMA	F7_S5	F7_S5	F7	S5	Overhead 4
tetracycline	187	0.0762725285142	SRR17140474	non-PMA	F7_S5	F7_S5	F7	S5	Overhead 4
fosmidomycin	2	0.000642984453651	SRR17140474	non-PMA	F7_S5	F7_S5	F7	S5	Overhead 4
triclosan	13	0.00470832703145	SRR17140474	non-PMA	F7_S5	F7_S5	F7	S5	Overhead 4
multidrug/fluoroquinolone,multidrug	19	0.00699754283577	SRR17140474	non-PMA	F7_S5	F7_S5	F7	S5	Overhead 4
fluoroquinolone	122	0.0457029486229	SRR17140474	non-PMA	F7_S5	F7_S5	F7	S5	Overhead 4
fosfomycin	22	0.0274324724404	SRR17140474	non-PMA	F7_S5	F7_S5	F7	S5	Overhead 4
MLS	975	1.05718026203	SRR17140474	non-PMA	F7_S5	F7_S5	F7	S5	Overhead 4
unclassified	210	0.187039584821	SRR17140474	non-PMA	F7_S5	F7_S5	F7	S5	Overhead 4
phenicol	19	0.00698281116665	SRR17140474	non-PMA	F7_S5	F7_S5	F7	S5	Overhead 4
beta-lactam	881	0.547318206211	SRR17140474	non-PMA	F7_S5	F7_S5	F7	S5	Overhead 4
nitroimidazole	14	0.00419928506585	SRR17140474	non-PMA	F7_S5	F7_S5	F7	S5	Overhead 4
fusaric-acid	3	0.00245873632628	SRR17140474	non-PMA	F7_S5	F7_S5	F7	S5	Overhead 4
glycopeptide	22	0.01677094385	SRR17140474	non-PMA	F7_S5	F7_S5	F7	S5	Overhead 4
aminoglycoside	50	0.022496693049	SRR17140476	non-PMA	F7_S4	F7_S4	F7	S4	Dining table
aminoglycoside:aminocoumarin	1	0.000261887105078	SRR17140476	non-PMA	F7_S4	F7_S4	F7	S4	Dining table
mupirocin	38	0.00444133932303	SRR17140476	non-PMA	F7_S4	F7_S4	F7	S4	Dining table
bacitracin	668	0.292849259669	SRR17140476	non-PMA	F7_S4	F7_S4	F7	S4	Dining table
diaminopyrimidine	109	0.0810272196598	SRR17140476	non-PMA	F7_S4	F7_S4	F7	S4	Dining table
pleuromutilin	4	0.00073878029025	SRR17140476	non-PMA	F7_S4	F7_S4	F7	S4	Dining table
sulfonamide	4	0.0016916241275	SRR17140476	non-PMA	F7_S4	F7_S4	F7	S4	Dining table
rifamycin	17	0.0178473764855	SRR17140476	non-PMA	F7_S4	F7_S4	F7	S4	Dining table
peptide	87	0.0190354102574	SRR17140476	non-PMA	F7_S4	F7_S4	F7	S4	Dining table
fusidic-acid	5	0.00280944617419	SRR17140476	non-PMA	F7_S4	F7_S4	F7	S4	Dining table
antibacterial_free_fatty_acids	3	0.000706785868231	SRR17140476	non-PMA	F7_S4	F7_S4	F7	S4	Dining table
multidrug	6163	3.23509944942	SRR17140476	non-PMA	F7_S4	F7_S4	F7	S4	Dining table
tetracycline	342	0.100816214781	SRR17140476	non-PMA	F7_S4	F7_S4	F7	S4	Dining table
fosmidomycin	7	0.00204335816864	SRR17140476	non-PMA	F7_S4	F7_S4	F7	S4	Dining table
triclosan	250	0.0620759372513	SRR17140476	non-PMA	F7_S4	F7_S4	F7	S4	Dining table
multidrug/fluoroquinolone,multidrug	14	0.00353492341411	SRR17140476	non-PMA	F7_S4	F7_S4	F7	S4	Dining table
fluoroquinolone	100	0.0256829199615	SRR17140476	non-PMA	F7_S4	F7_S4	F7	S4	Dining table
fosfomycin	14	0.0120543431531	SRR17140476	non-PMA	F7_S4	F7_S4	F7	S4	Dining table
MLS	2104	1.56404835013	SRR17140476	non-PMA	F7_S4	F7_S4	F7	S4	Dining table
unclassified	204	0.14978657075	SRR17140476	non-PMA	F7_S4	F7_S4	F7	S4	Dining table
phenicol	14	0.00352748147008	SRR17140476	non-PMA	F7_S4	F7_S4	F7	S4	Dining table
beta-lactam	922	0.39269458816	SRR17140476	non-PMA	F7_S4	F7_S4	F7	S4	Dining table
nitroimidazole	16	0.00329023799369	SRR17140476	non-PMA	F7_S4	F7_S4	F7	S4	Dining table
fusaric-acid	5	0.00280944617419	SRR17140476	non-PMA	F7_S4	F7_S4	F7	S4	Dining table
glycopeptide	17	0.0087321927869	SRR17140476	non-PMA	F7_S4	F7_S4	F7	S4	Dining table
aminoglycoside	288	0.0385699808504	SRR17140478	non-PMA	F7_S3	F7_S3	F7	S3	Exercise platform
mupirocin	18	0.000626197198866	SRR17140478	non-PMA	F7_S3	F7_S3	F7	S3	Exercise platform
bacitracin	2563	0.334444864222	SRR17140478	non-PMA	F7_S3	F7_S3	F7	S3	Exercise platform
diaminopyrimidine	1018	0.225247756524	SRR17140478	non-PMA	F7_S3	F7_S3	F7	S3	Exercise platform
peptide/polymyxin	5	0.000269060897801	SRR17140478	non-PMA	F7_S3	F7_S3	F7	S3	Exercise platform
pleuromutilin	8	0.000439798307022	SRR17140478	non-PMA	F7_S3	F7_S3	F7	S3	Exercise platform
rifamycin	127	0.0396860103889	SRR17140478	non-PMA	F7_S3	F7_S3	F7	S3	Exercise platform
nucleoside	5	0.000895066906251	SRR17140478	non-PMA	F7_S3	F7_S3	F7	S3	Exercise platform
peptide	138	0.00898732262504	SRR17140478	non-PMA	F7_S3	F7_S3	F7	S3	Exercise platform
fusidic-acid	39	0.0065226424971	SRR17140478	non-PMA	F7_S3	F7_S3	F7	S3	Exercise platform
antibacterial_free_fatty_acids	1	7.01253206079e-05	SRR17140478	non-PMA	F7_S3	F7_S3	F7	S3	Exercise platform
multidrug	30761	4.80622584872	SRR17140478	non-PMA	F7_S3	F7_S3	F7	S3	Exercise platform
tetracycline	1245	0.108971646859	SRR17140478	non-PMA	F7_S3	F7_S3	F7	S3	Exercise platform
fosmidomycin	3	0.00026066094782	SRR17140478	non-PMA	F7_S3	F7_S3	F7	S3	Exercise platform
fluoroquinolone/multidrug	7	0.000526087848273	SRR17140478	non-PMA	F7_S3	F7_S3	F7	S3	Exercise platform
triclosan	12	0.000886896171007	SRR17140478	non-PMA	F7_S3	F7_S3	F7	S3	Exercise platform
fluoroquinolone	187	0.0142953325246	SRR17140478	non-PMA	F7_S3	F7_S3	F7	S3	Exercise platform
fosfomycin	529	0.135574947177	SRR17140478	non-PMA	F7_S3	F7_S3	F7	S3	Exercise platform
MLS	12031	1.60519958043	SRR17140478	non-PMA	F7_S3	F7_S3	F7	S3	Exercise platform
unclassified	1582	0.345746224898	SRR17140478	non-PMA	F7_S3	F7_S3	F7	S3	Exercise platform
phenicol	284	0.0212992005363	SRR17140478	non-PMA	F7_S3	F7_S3	F7	S3	Exercise platform
beta-lactam	3879	0.491758677111	SRR17140478	non-PMA	F7_S3	F7_S3	F7	S3	Exercise platform
nitroimidazole	6	0.000367254256379	SRR17140478	non-PMA	F7_S3	F7_S3	F7	S3	Exercise platform
glycopeptide	136	0.0211564111361	SRR17140478	non-PMA	F7_S3	F7_S3	F7	S3	Exercise platform
fusaric-acid	61	0.0102020818544	SRR17140478	non-PMA	F7_S3	F7_S3	F7	S3	Exercise platform
aminoglycoside	549	0.0838358141725	SRR17140480	non-PMA	F7_S2	F7_S2	F7	S2	Waste compartment
mupirocin	8	0.000324501102216	SRR17140480	non-PMA	F7_S2	F7_S2	F7	S2	Waste compartment
bacitracin	730	0.111067336964	SRR17140480	non-PMA	F7_S2	F7_S2	F7	S2	Waste compartment
diaminopyrimidine	319	0.0822983168055	SRR17140480	non-PMA	F7_S2	F7_S2	F7	S2	Waste compartment
pleuromutilin	15	0.000961484747307	SRR17140480	non-PMA	F7_S2	F7_S2	F7	S2	Waste compartment
rifamycin	17	0.00619398595107	SRR17140480	non-PMA	F7_S2	F7_S2	F7	S2	Waste compartment
nucleoside	11	0.00253831973289	SRR17140480	non-PMA	F7_S2	F7_S2	F7	S2	Waste compartment
peptide	372	0.0282476133147	SRR17140480	non-PMA	F7_S2	F7_S2	F7	S2	Waste compartment
fusidic-acid	4	0.000780021428801	SRR17140480	non-PMA	F7_S2	F7_S2	F7	S2	Waste compartment
multidrug	6027	1.09797509786	SRR17140480	non-PMA	F7_S2	F7_S2	F7	S2	Waste compartment
tetracycline	4638	0.301007222416	SRR17140480	non-PMA	F7_S2	F7_S2	F7	S2	Waste compartment
fosmidomycin	8	0.000810461289437	SRR17140480	non-PMA	F7_S2	F7_S2	F7	S2	Waste compartment
triclosan	5	0.000204611532432	SRR17140480	non-PMA	F7_S2	F7_S2	F7	S2	Waste compartment
fluoroquinolone	15	0.00133700024947	SRR17140480	non-PMA	F7_S2	F7_S2	F7	S2	Waste compartment
fosfomycin	72	0.021515123439	SRR17140480	non-PMA	F7_S2	F7_S2	F7	S2	Waste compartment
MLS	3814	0.983967963311	SRR17140480	non-PMA	F7_S2	F7_S2	F7	S2	Waste compartment
unclassified	278	0.0708407804985	SRR17140480	non-PMA	F7_S2	F7_S2	F7	S2	Waste compartment
phenicol	100	0.00874445075445	SRR17140480	non-PMA	F7_S2	F7_S2	F7	S2	Waste compartment
beta-lactam	627	0.0926802863326	SRR17140480	non-PMA	F7_S2	F7_S2	F7	S2	Waste compartment
nitroimidazole	2	0.000142735880013	SRR17140480	non-PMA	F7_S2	F7_S2	F7	S2	Waste compartment
glycopeptide	717	0.261240466289	SRR17140480	non-PMA	F7_S2	F7_S2	F7	S2	Waste compartment
fusaric-acid	8	0.0015600428576	SRR17140480	non-PMA	F7_S2	F7_S2	F7	S2	Waste compartment
aminoglycoside	135	0.0527062816225	SRR17140483	non-PMA	F7_S1	F7_S1	F7	S1	Cupola
aminoglycoside:aminocoumarin	4	0.000908979392923	SRR17140483	non-PMA	F7_S1	F7_S1	F7	S1	Cupola
mupirocin	28	0.0028396729277	SRR17140483	non-PMA	F7_S1	F7_S1	F7	S1	Cupola
bacitracin	934	0.355299401206	SRR17140483	non-PMA	F7_S1	F7_S1	F7	S1	Cupola
diaminopyrimidine	273	0.176094996957	SRR17140483	non-PMA	F7_S1	F7_S1	F7	S1	Cupola
peptide/polymyxin	2	0.00031374892943	SRR17140483	non-PMA	F7_S1	F7_S1	F7	S1	Cupola
pleuromutilin	3	0.000480791183525	SRR17140483	non-PMA	F7_S1	F7_S1	F7	S1	Cupola
sulfonamide	3	0.00110089288666	SRR17140483	non-PMA	F7_S1	F7_S1	F7	S1	Cupola
rifamycin	20	0.0182194553757	SRR17140483	non-PMA	F7_S1	F7_S1	F7	S1	Cupola
nucleoside	3	0.00173084826069	SRR17140483	non-PMA	F7_S1	F7_S1	F7	S1	Cupola
peptide	83	0.022215526645	SRR17140483	non-PMA	F7_S1	F7_S1	F7	S1	Cupola
fusidic-acid	4	0.00195025156134	SRR17140483	non-PMA	F7_S1	F7_S1	F7	S1	Cupola
antibacterial_free_fatty_acids	4	0.00108178016293	SRR17140483	non-PMA	F7_S1	F7_S1	F7	S1	Cupola
multidrug	9117	4.1526693665	SRR17140483	non-PMA	F7_S1	F7_S1	F7	S1	Cupola
tetracycline	478	0.0776850205268	SRR17140483	non-PMA	F7_S1	F7_S1	F7	S1	Cupola
fosmidomycin	3	0.000759884602255	SRR17140483	non-PMA	F7_S1	F7_S1	F7	S1	Cupola
triclosan	8	0.0017236663177	SRR17140483	non-PMA	F7_S1	F7_S1	F7	S1	Cupola
multidrug/fluoroquinolone,multidrug	19	0.00416279961432	SRR17140483	non-PMA	F7_S1	F7_S1	F7	S1	Cupola
fluoroquinolone	67	0.0149313519484	SRR17140483	non-PMA	F7_S1	F7_S1	F7	S1	Cupola
fosfomycin	73	0.0545403984304	SRR17140483	non-PMA	F7_S1	F7_S1	F7	S1	Cupola
MLS	2493	0.969663980652	SRR17140483	non-PMA	F7_S1	F7_S1	F7	S1	Cupola
unclassified	496	0.316012541338	SRR17140483	non-PMA	F7_S1	F7_S1	F7	S1	Cupola
phenicol	275	0.0601242027398	SRR17140483	non-PMA	F7_S1	F7_S1	F7	S1	Cupola
beta-lactam	1174	0.433882389619	SRR17140483	non-PMA	F7_S1	F7_S1	F7	S1	Cupola
nitroimidazole	2	0.000356875930039	SRR17140483	non-PMA	F7_S1	F7_S1	F7	S1	Cupola
fusaric-acid	29	0.0141393238197	SRR17140483	non-PMA	F7_S1	F7_S1	F7	S1	Cupola
glycopeptide	26	0.0117909313829	SRR17140483	non-PMA	F7_S1	F7_S1	F7	S1	Cupola
aminoglycoside	80	0.12545199293	SRR17140486	non-PMA	F4_S1	F4_S1	F4	S1	Cupola
mupirocin	9	0.00366616297699	SRR17140486	non-PMA	F4_S1	F4_S1	F4	S1	Cupola
bacitracin	199	0.304060246967	SRR17140486	non-PMA	F4_S1	F4_S1	F4	S1	Cupola
diaminopyrimidine	66	0.170996520798	SRR17140486	non-PMA	F4_S1	F4_S1	F4	S1	Cupola
pleuromutilin	5	0.00321857929393	SRR17140486	non-PMA	F4_S1	F4_S1	F4	S1	Cupola
rifamycin	19	0.0695213127488	SRR17140486	non-PMA	F4_S1	F4_S1	F4	S1	Cupola
peptide	40	0.0305029525772	SRR17140486	non-PMA	F4_S1	F4_S1	F4	S1	Cupola
fusidic-acid	7	0.013708427866	SRR17140486	non-PMA	F4_S1	F4_S1	F4	S1	Cupola
antibacterial_free_fatty_acids	1	0.000821117867112	SRR17140486	non-PMA	F4_S1	F4_S1	F4	S1	Cupola
multidrug	2444	4.47131811469	SRR17140486	non-PMA	F4_S1	F4_S1	F4	S1	Cupola
tetracycline	251	0.163848352112	SRR17140486	non-PMA	F4_S1	F4_S1	F4	S1	Cupola
fosmidomycin	2	0.00153638260218	SRR17140486	non-PMA	F4_S1	F4_S1	F4	S1	Cupola
triclosan	3	0.00259623159643	SRR17140486	non-PMA	F4_S1	F4_S1	F4	S1	Cupola
bicyclomycin	1	0.00103763153356	SRR17140486	non-PMA	F4_S1	F4_S1	F4	S1	Cupola
fluoroquinolone	42	0.0375952163363	SRR17140486	non-PMA	F4_S1	F4_S1	F4	S1	Cupola
fosfomycin	32	0.0960294391926	SRR17140486	non-PMA	F4_S1	F4_S1	F4	S1	Cupola
MLS	1280	3.31629616094	SRR17140486	non-PMA	F4_S1	F4_S1	F4	S1	Cupola
unclassified	93	0.237993205606	SRR17140486	non-PMA	F4_S1	F4_S1	F4	S1	Cupola
phenicol	70	0.0614714765358	SRR17140486	non-PMA	F4_S1	F4_S1	F4	S1	Cupola
beta-lactam	267	0.39634570471	SRR17140486	non-PMA	F4_S1	F4_S1	F4	S1	Cupola
nitroimidazole	2	0.00143342912884	SRR17140486	non-PMA	F4_S1	F4_S1	F4	S1	Cupola
glycopeptide	7	0.0127506337793	SRR17140486	non-PMA	F4_S1	F4_S1	F4	S1	Cupola
fusaric-acid	10	0.0195834683799	SRR17140486	non-PMA	F4_S1	F4_S1	F4	S1	Cupola
aminoglycoside	31	0.0462932643676	SRR17140487	non-PMA	F5_S7	F5_S7	F5	S7	Lab overhead
mupirocin	7	0.00271541262136	SRR17140487	non-PMA	F5_S7	F5_S7	F5	S7	Lab overhead
bacitracin	210	0.305558519151	SRR17140487	non-PMA	F5_S7	F5_S7	F5	S7	Lab overhead
diaminopyrimidine	88	0.217117357707	SRR17140487	non-PMA	F5_S7	F5_S7	F5	S7	Lab overhead
pleuromutilin	1	0.000613003202	SRR17140487	non-PMA	F5_S7	F5_S7	F5	S7	Lab overhead
sulfonamide	6	0.00842175423808	SRR17140487	non-PMA	F5_S7	F5_S7	F5	S7	Lab overhead
rifamycin	1	0.00348443925347	SRR17140487	non-PMA	F5_S7	F5_S7	F5	S7	Lab overhead
nucleoside	5	0.011034057636	SRR17140487	non-PMA	F5_S7	F5_S7	F5	S7	Lab overhead
peptide	36	0.0368560275677	SRR17140487	non-PMA	F5_S7	F5_S7	F5	S7	Lab overhead
fusidic-acid	15	0.0279736672462	SRR17140487	non-PMA	F5_S7	F5_S7	F5	S7	Lab overhead
antibacterial_free_fatty_acids	1	0.000781941092315	SRR17140487	non-PMA	F5_S7	F5_S7	F5	S7	Lab overhead
multidrug	1860	3.24052850573	SRR17140487	non-PMA	F5_S7	F5_S7	F5	S7	Lab overhead
tetracycline	102	0.0634069790914	SRR17140487	non-PMA	F5_S7	F5_S7	F5	S7	Lab overhead
fosmidomycin	1	0.000968844085112	SRR17140487	non-PMA	F5_S7	F5_S7	F5	S7	Lab overhead
fluoroquinolone	12	0.0102289976368	SRR17140487	non-PMA	F5_S7	F5_S7	F5	S7	Lab overhead
fosfomycin	39	0.111451920295	SRR17140487	non-PMA	F5_S7	F5_S7	F5	S7	Lab overhead
MLS	527	1.30023690354	SRR17140487	non-PMA	F5_S7	F5_S7	F5	S7	Lab overhead
unclassified	119	0.215844305537	SRR17140487	non-PMA	F5_S7	F5_S7	F5	S7	Lab overhead
phenicol	15	0.0125439813125	SRR17140487	non-PMA	F5_S7	F5_S7	F5	S7	Lab overhead
beta-lactam	406	0.573928065508	SRR17140487	non-PMA	F5_S7	F5_S7	F5	S7	Lab overhead
glycopeptide	13	0.02254995185	SRR17140487	non-PMA	F5_S7	F5_S7	F5	S7	Lab overhead
fusaric-acid	8	0.014919289198	SRR17140487	non-PMA	F5_S7	F5_S7	F5	S7	Lab overhead
aminoglycoside	65	0.0728252569383	SRR17140489	non-PMA	F5_S6	F5_S6	F5	S6	PMM
polymyxin	4	0.00184136368926	SRR17140489	non-PMA	F5_S6	F5_S6	F5	S6	PMM
aminoglycoside:aminocoumarin	4	0.00266735834199	SRR17140489	non-PMA	F5_S6	F5_S6	F5	S6	PMM
mupirocin	2	0.000595206426899	SRR17140489	non-PMA	F5_S6	F5_S6	F5	S6	PMM
bacitracin	217	0.242233754045	SRR17140489	non-PMA	F5_S6	F5_S6	F5	S6	PMM
diaminopyrimidine	61	0.11546265295	SRR17140489	non-PMA	F5_S6	F5_S6	F5	S6	PMM
pleuromutilin	2	0.000940573119051	SRR17140489	non-PMA	F5_S6	F5_S6	F5	S6	PMM
sulfonamide	1	0.00107683989602	SRR17140489	non-PMA	F5_S6	F5_S6	F5	S6	PMM
rifamycin	8	0.0213856624963	SRR17140489	non-PMA	F5_S6	F5_S6	F5	S6	PMM
nucleoside	1	0.00169303161429	SRR17140489	non-PMA	F5_S6	F5_S6	F5	S6	PMM
peptide	51	0.028413217951	SRR17140489	non-PMA	F5_S6	F5_S6	F5	S6	PMM
fusidic-acid	12	0.0171687712999	SRR17140489	non-PMA	F5_S6	F5_S6	F5	S6	PMM
antibacterial_free_fatty_acids	3	0.00179967927503	SRR17140489	non-PMA	F5_S6	F5_S6	F5	S6	PMM
multidrug	2115	2.82691726123	SRR17140489	non-PMA	F5_S6	F5_S6	F5	S6	PMM
tetracycline	318	0.151420515003	SRR17140489	non-PMA	F5_S6	F5_S6	F5	S6	PMM
fosmidomycin	7	0.0052029752049	SRR17140489	non-PMA	F5_S6	F5_S6	F5	S6	PMM
fluoroquinolone/multidrug	5	0.00321461698916	SRR17140489	non-PMA	F5_S6	F5_S6	F5	S6	PMM
triclosan	6	0.00180145235806	SRR17140489	non-PMA	F5_S6	F5_S6	F5	S6	PMM
fluoroquinolone	15	0.00980941064074	SRR17140489	non-PMA	F5_S6	F5_S6	F5	S6	PMM
fosfomycin	29	0.0635800361626	SRR17140489	non-PMA	F5_S6	F5_S6	F5	S6	PMM
MLS	719	1.36094504051	SRR17140489	non-PMA	F5_S6	F5_S6	F5	S6	PMM
unclassified	128	0.199017593843	SRR17140489	non-PMA	F5_S6	F5_S6	F5	S6	PMM
phenicol	28	0.0179639564969	SRR17140489	non-PMA	F5_S6	F5_S6	F5	S6	PMM
beta-lactam	345	0.374153961735	SRR17140489	non-PMA	F5_S6	F5_S6	F5	S6	PMM
nitroimidazole	6	0.00314170815023	SRR17140489	non-PMA	F5_S6	F5_S6	F5	S6	PMM
fusaric-acid	12	0.0171687712999	SRR17140489	non-PMA	F5_S6	F5_S6	F5	S6	PMM
glycopeptide	22	0.0292768785703	SRR17140489	non-PMA	F5_S6	F5_S6	F5	S6	PMM
aminoglycoside	47	0.0252643591004	SRR17140491	non-PMA	F5_S5	F5_S5	F5	S5	Overhead 4
aminoglycoside:aminocoumarin	3	0.000938635809961	SRR17140491	non-PMA	F5_S5	F5_S5	F5	S5	Overhead 4
mupirocin	16	0.00223414877683	SRR17140491	non-PMA	F5_S5	F5_S5	F5	S5	Overhead 4
bacitracin	312	0.16341202482	SRR17140491	non-PMA	F5_S5	F5_S5	F5	S5	Overhead 4
diaminopyrimidine	128	0.11367793031	SRR17140491	non-PMA	F5_S5	F5_S5	F5	S5	Overhead 4
peptide/peptide,polymyxin	18	0.00388782385334	SRR17140491	non-PMA	F5_S5	F5_S5	F5	S5	Overhead 4
pleuromutilin	4	0.000882626677268	SRR17140491	non-PMA	F5_S5	F5_S5	F5	S5	Overhead 4
peptide	34	0.00888758270273	SRR17140491	non-PMA	F5_S5	F5_S5	F5	S5	Overhead 4
fusidic-acid	2	0.00134258705838	SRR17140491	non-PMA	F5_S5	F5_S5	F5	S5	Overhead 4
fluoroquinolone,multidrug	72	0.0217193197545	SRR17140491	non-PMA	F5_S5	F5_S5	F5	S5	Overhead 4
antibacterial_free_fatty_acids	70	0.0260650690631	SRR17140491	non-PMA	F5_S5	F5_S5	F5	S5	Overhead 4
multidrug	3435	2.15418976798	SRR17140491	non-PMA	F5_S5	F5_S5	F5	S5	Overhead 4
tetracycline	636	0.142314228188	SRR17140491	non-PMA	F5_S5	F5_S5	F5	S5	Overhead 4
fosmidomycin	3	0.00104623552476	SRR17140491	non-PMA	F5_S5	F5_S5	F5	S5	Overhead 4
triclosan	27	0.00800956241986	SRR17140491	non-PMA	F5_S5	F5_S5	F5	S5	Overhead 4
fluoroquinolone	173	0.0530826078479	SRR17140491	non-PMA	F5_S5	F5_S5	F5	S5	Overhead 4
fosfomycin	34	0.0349748758158	SRR17140491	non-PMA	F5_S5	F5_S5	F5	S5	Overhead 4
MLS	4341	3.85528043339	SRR17140491	non-PMA	F5_S5	F5_S5	F5	S5	Overhead 4
unclassified	208	0.182460052253	SRR17140491	non-PMA	F5_S5	F5_S5	F5	S5	Overhead 4
phenicol	47	0.0141480410963	SRR17140491	non-PMA	F5_S5	F5_S5	F5	S5	Overhead 4
beta-lactam	1389	0.706786084219	SRR17140491	non-PMA	F5_S5	F5_S5	F5	S5	Overhead 4
nitroimidazole	7	0.00171975713406	SRR17140491	non-PMA	F5_S5	F5_S5	F5	S5	Overhead 4
glycopeptide	7	0.00437073647171	SRR17140491	non-PMA	F5_S5	F5_S5	F5	S5	Overhead 4
fusaric-acid	2	0.00134258705838	SRR17140491	non-PMA	F5_S5	F5_S5	F5	S5	Overhead 4
aminoglycoside	26	0.0336568362285	SRR17140493	non-PMA	F5_S4	F5_S4	F5	S4	Dining table
bacitracin	126	0.162508747707	SRR17140493	non-PMA	F5_S4	F5_S4	F5	S4	Dining table
diaminopyrimidine	48	0.104974594792	SRR17140493	non-PMA	F5_S4	F5_S4	F5	S4	Dining table
peptide/polymyxin	3	0.00159562969803	SRR17140493	non-PMA	F5_S4	F5_S4	F5	S4	Dining table
pleuromutilin	1	0.000543367726386	SRR17140493	non-PMA	F5_S4	F5_S4	F5	S4	Dining table
sulfonamide	5	0.00622088845756	SRR17140493	non-PMA	F5_S4	F5_S4	F5	S4	Dining table
rifamycin	1	0.00308861654998	SRR17140493	non-PMA	F5_S4	F5_S4	F5	S4	Dining table
peptide	25	0.0160924262659	SRR17140493	non-PMA	F5_S4	F5_S4	F5	S4	Dining table
fusidic-acid	5	0.00826531189431	SRR17140493	non-PMA	F5_S4	F5_S4	F5	S4	Dining table
antibacterial_free_fatty_acids	1	0.000693114737594	SRR17140493	non-PMA	F5_S4	F5_S4	F5	S4	Dining table
multidrug	1343	2.07400601331	SRR17140493	non-PMA	F5_S4	F5_S4	F5	S4	Dining table
tetracycline	110	0.0668933532587	SRR17140493	non-PMA	F5_S4	F5_S4	F5	S4	Dining table
fosmidomycin	3	0.00257635819535	SRR17140493	non-PMA	F5_S4	F5_S4	F5	S4	Dining table
triclosan	8	0.00584402135598	SRR17140493	non-PMA	F5_S4	F5_S4	F5	S4	Dining table
fluoroquinolone	45	0.0340012937798	SRR17140493	non-PMA	F5_S4	F5_S4	F5	S4	Dining table
fosfomycin	10	0.0253310997624	SRR17140493	non-PMA	F5_S4	F5_S4	F5	S4	Dining table
MLS	552	1.20720784011	SRR17140493	non-PMA	F5_S4	F5_S4	F5	S4	Dining table
unclassified	104	0.224654219734	SRR17140493	non-PMA	F5_S4	F5_S4	F5	S4	Dining table
phenicol	2	0.00148253594399	SRR17140493	non-PMA	F5_S4	F5_S4	F5	S4	Dining table
beta-lactam	364	0.456104029744	SRR17140493	non-PMA	F5_S4	F5_S4	F5	S4	Dining table
nitroimidazole	3	0.00181496024071	SRR17140493	non-PMA	F5_S4	F5_S4	F5	S4	Dining table
glycopeptide	19	0.0149663164368	SRR17140493	non-PMA	F5_S4	F5_S4	F5	S4	Dining table
fusaric-acid	4	0.00661224951545	SRR17140493	non-PMA	F5_S4	F5_S4	F5	S4	Dining table
aminoglycoside	78	0.0671533303112	SRR17140495	non-PMA	F5_S3	F5_S3	F5	S3	Exercise platform
polymyxin	2	0.000691873338864	SRR17140495	non-PMA	F5_S3	F5_S3	F5	S3	Exercise platform
aminoglycoside:aminocoumarin	1	0.000501116138214	SRR17140495	non-PMA	F5_S3	F5_S3	F5	S3	Exercise platform
mupirocin	6	0.00134185590916	SRR17140495	non-PMA	F5_S3	F5_S3	F5	S3	Exercise platform
bacitracin	331	0.277664230327	SRR17140495	non-PMA	F5_S3	F5_S3	F5	S3	Exercise platform
diaminopyrimidine	122	0.173535584907	SRR17140495	non-PMA	F5_S3	F5_S3	F5	S3	Exercise platform
pleuromutilin	1	0.000353410609821	SRR17140495	non-PMA	F5_S3	F5_S3	F5	S3	Exercise platform
sulfonamide	11	0.00890145168482	SRR17140495	non-PMA	F5_S3	F5_S3	F5	S3	Exercise platform
rifamycin	16	0.0321417649353	SRR17140495	non-PMA	F5_S3	F5_S3	F5	S3	Exercise platform
nucleoside	5	0.00636139097678	SRR17140495	non-PMA	F5_S3	F5_S3	F5	S3	Exercise platform
peptide	35	0.0146532954858	SRR17140495	non-PMA	F5_S3	F5_S3	F5	S3	Exercise platform
fusidic-acid	28	0.0301046108197	SRR17140495	non-PMA	F5_S3	F5_S3	F5	S3	Exercise platform
antibacterial_free_fatty_acids	7	0.00315565064202	SRR17140495	non-PMA	F5_S3	F5_S3	F5	S3	Exercise platform
multidrug	3228	3.24230053785	SRR17140495	non-PMA	F5_S3	F5_S3	F5	S3	Exercise platform
tetracycline	324	0.115216248996	SRR17140495	non-PMA	F5_S3	F5_S3	F5	S3	Exercise platform
fosmidomycin	2	0.000843499356037	SRR17140495	non-PMA	F5_S3	F5_S3	F5	S3	Exercise platform
triclosan	7	0.00157937982872	SRR17140495	non-PMA	F5_S3	F5_S3	F5	S3	Exercise platform
fluoroquinolone	61	0.0299777137017	SRR17140495	non-PMA	F5_S3	F5_S3	F5	S3	Exercise platform
fosfomycin	61	0.100500824353	SRR17140495	non-PMA	F5_S3	F5_S3	F5	S3	Exercise platform
MLS	1532	2.17915177113	SRR17140495	non-PMA	F5_S3	F5_S3	F5	S3	Exercise platform
unclassified	188	0.219662725157	SRR17140495	non-PMA	F5_S3	F5_S3	F5	S3	Exercise platform
phenicol	37	0.0178386795391	SRR17140495	non-PMA	F5_S3	F5_S3	F5	S3	Exercise platform
beta-lactam	635	0.517513870922	SRR17140495	non-PMA	F5_S3	F5_S3	F5	S3	Exercise platform
glycopeptide	23	0.023001011916	SRR17140495	non-PMA	F5_S3	F5_S3	F5	S3	Exercise platform
fusaric-acid	14	0.0150523054098	SRR17140495	non-PMA	F5_S3	F5_S3	F5	S3	Exercise platform
aminoglycoside	1375	0.224433195049	SRR17140496	non-PMA	F4_S2	F4_S2	F4	S2	Waste compartment
mupirocin	11	0.000466400233461	SRR17140496	non-PMA	F4_S2	F4_S2	F4	S2	Waste compartment
bacitracin	585	0.0930377608566	SRR17140496	non-PMA	F4_S2	F4_S2	F4	S2	Waste compartment
diaminopyrimidine	284	0.0765876060385	SRR17140496	non-PMA	F4_S2	F4_S2	F4	S2	Waste compartment
pleuromutilin	28	0.00187607007489	SRR17140496	non-PMA	F4_S2	F4_S2	F4	S2	Waste compartment
sulfonamide	5	0.000767095790337	SRR17140496	non-PMA	F4_S2	F4_S2	F4	S2	Waste compartment
rifamycin	8	0.00304685064793	SRR17140496	non-PMA	F4_S2	F4_S2	F4	S2	Waste compartment
nucleoside	2	0.000482418019256	SRR17140496	non-PMA	F4_S2	F4_S2	F4	S2	Waste compartment
oxazolidinone	1	6.6286445394e-05	SRR17140496	non-PMA	F4_S2	F4_S2	F4	S2	Waste compartment
peptide	242	0.0270800630397	SRR17140496	non-PMA	F4_S2	F4_S2	F4	S2	Waste compartment
fusidic-acid	3	0.000611515799057	SRR17140496	non-PMA	F4_S2	F4_S2	F4	S2	Waste compartment
antibacterial_free_fatty_acids	426	0.0481664241101	SRR17140496	non-PMA	F4_S2	F4_S2	F4	S2	Waste compartment
multidrug	11982	0.358285085128	SRR17140496	non-PMA	F4_S2	F4_S2	F4	S2	Waste compartment
tetracycline	4426	0.473316240863	SRR17140496	non-PMA	F4_S2	F4_S2	F4	S2	Waste compartment
fosmidomycin	2	0.000211793276747	SRR17140496	non-PMA	F4_S2	F4_S2	F4	S2	Waste compartment
fluoroquinolone	220	0.0204975896594	SRR17140496	non-PMA	F4_S2	F4_S2	F4	S2	Waste compartment
fosfomycin	15	0.00468535486328	SRR17140496	non-PMA	F4_S2	F4_S2	F4	S2	Waste compartment
MLS	8524	2.13925900377	SRR17140496	non-PMA	F4_S2	F4_S2	F4	S2	Waste compartment
unclassified	406	0.108144505666	SRR17140496	non-PMA	F4_S2	F4_S2	F4	S2	Waste compartment
phenicol	38	0.00347340973865	SRR17140496	non-PMA	F4_S2	F4_S2	F4	S2	Waste compartment
beta-lactam	3727	0.575862904623	SRR17140496	non-PMA	F4_S2	F4_S2	F4	S2	Waste compartment
nitroimidazole	191	0.0142487384038	SRR17140496	non-PMA	F4_S2	F4_S2	F4	S2	Waste compartment
glycopeptide	551	0.103116851616	SRR17140496	non-PMA	F4_S2	F4_S2	F4	S2	Waste compartment
fusaric-acid	11	0.00224222459654	SRR17140496	non-PMA	F4_S2	F4_S2	F4	S2	Waste compartment
aminoglycoside	924	0.309636837191	SRR17140498	non-PMA	F5_S2	F5_S2	F5	S2	Waste compartment
aminoglycoside:aminocoumarin	10	0.00195050059898	SRR17140498	non-PMA	F5_S2	F5_S2	F5	S2	Waste compartment
mupirocin	6	0.000522292250233	SRR17140498	non-PMA	F5_S2	F5_S2	F5	S2	Waste compartment
bacitracin	883	0.288310423885	SRR17140498	non-PMA	F5_S2	F5_S2	F5	S2	Waste compartment
diaminopyrimidine	352	0.194885297114	SRR17140498	non-PMA	F5_S2	F5_S2	F5	S2	Waste compartment
pleuromutilin	5	0.000687792263682	SRR17140498	non-PMA	F5_S2	F5_S2	F5	S2	Waste compartment
sulfonamide	8	0.00251979865366	SRR17140498	non-PMA	F5_S2	F5_S2	F5	S2	Waste compartment
rifamycin	40	0.0312764482011	SRR17140498	non-PMA	F5_S2	F5_S2	F5	S2	Waste compartment
oxazolidinone	1	0.000136088362402	SRR17140498	non-PMA	F5_S2	F5_S2	F5	S2	Waste compartment
peptide	79	0.0128736605347	SRR17140498	non-PMA	F5_S2	F5_S2	F5	S2	Waste compartment
fluoroquinolone,multidrug	14	0.0026327643106	SRR17140498	non-PMA	F5_S2	F5_S2	F5	S2	Waste compartment
antibacterial_free_fatty_acids	4	0.000928519555971	SRR17140498	non-PMA	F5_S2	F5_S2	F5	S2	Waste compartment
multidrug	8334	2.11645319096	SRR17140498	non-PMA	F5_S2	F5_S2	F5	S2	Waste compartment
tetracycline	575	0.0800848117025	SRR17140498	non-PMA	F5_S2	F5_S2	F5	S2	Waste compartment
fosmidomycin	8	0.00173927565606	SRR17140498	non-PMA	F5_S2	F5_S2	F5	S2	Waste compartment
fluoroquinolone	79	0.0151113568937	SRR17140498	non-PMA	F5_S2	F5_S2	F5	S2	Waste compartment
fosfomycin	69	0.0442482988399	SRR17140498	non-PMA	F5_S2	F5_S2	F5	S2	Waste compartment
polymyxin/peptide,polymyxin	12	0.00161579233909	SRR17140498	non-PMA	F5_S2	F5_S2	F5	S2	Waste compartment
MLS	3415	1.89071957285	SRR17140498	non-PMA	F5_S2	F5_S2	F5	S2	Waste compartment
unclassified	595	0.27059712774	SRR17140498	non-PMA	F5_S2	F5_S2	F5	S2	Waste compartment
phenicol	61	0.0114471800416	SRR17140498	non-PMA	F5_S2	F5_S2	F5	S2	Waste compartment
beta-lactam	1157	0.367019658793	SRR17140498	non-PMA	F5_S2	F5_S2	F5	S2	Waste compartment
nitroimidazole	17	0.00260368370334	SRR17140498	non-PMA	F5_S2	F5_S2	F5	S2	Waste compartment
fusaric-acid	585	0.244815297011	SRR17140498	non-PMA	F5_S2	F5_S2	F5	S2	Waste compartment
glycopeptide	46	0.0120598304681	SRR17140498	non-PMA	F5_S2	F5_S2	F5	S2	Waste compartment
aminoglycoside	53	0.0301881869268	SRR17140500	non-PMA	F5_S1	F5_S1	F5	S1	Cupola
polymyxin	1	0.000234030292541	SRR17140500	non-PMA	F5_S1	F5_S1	F5	S1	Cupola
aminoglycoside:aminocoumarin	4	0.00135604423337	SRR17140500	non-PMA	F5_S1	F5_S1	F5	S1	Cupola
mupirocin	2	0.000302593854809	SRR17140500	non-PMA	F5_S1	F5_S1	F5	S1	Cupola
bacitracin	222	0.125985450231	SRR17140500	non-PMA	F5_S1	F5_S1	F5	S1	Cupola
diaminopyrimidine	73	0.0702468814742	SRR17140500	non-PMA	F5_S1	F5_S1	F5	S1	Cupola
pleuromutilin	3	0.000717259507696	SRR17140500	non-PMA	F5_S1	F5_S1	F5	S1	Cupola
sulfonamide	1	0.00054744895287	SRR17140500	non-PMA	F5_S1	F5_S1	F5	S1	Cupola
rifamycin	9	0.0122311621312	SRR17140500	non-PMA	F5_S1	F5_S1	F5	S1	Cupola
nucleoside	3	0.0025821342277	SRR17140500	non-PMA	F5_S1	F5_S1	F5	S1	Cupola
peptide	48	0.0191663571541	SRR17140500	non-PMA	F5_S1	F5_S1	F5	S1	Cupola
fusidic-acid	19	0.0138198733314	SRR17140500	non-PMA	F5_S1	F5_S1	F5	S1	Cupola
antibacterial_free_fatty_acids	20	0.00609952967174	SRR17140500	non-PMA	F5_S1	F5_S1	F5	S1	Cupola
multidrug	2489	1.69129791915	SRR17140500	non-PMA	F5_S1	F5_S1	F5	S1	Cupola
tetracycline	804	0.194932950148	SRR17140500	non-PMA	F5_S1	F5_S1	F5	S1	Cupola
fosmidomycin	5	0.00188936650808	SRR17140500	non-PMA	F5_S1	F5_S1	F5	S1	Cupola
triclosan	2	0.000305276953029	SRR17140500	non-PMA	F5_S1	F5_S1	F5	S1	Cupola
multidrug/fluoroquinolone,multidrug	33	0.0107861303183	SRR17140500	non-PMA	F5_S1	F5_S1	F5	S1	Cupola
fluoroquinolone	200	0.0664927268937	SRR17140500	non-PMA	F5_S1	F5_S1	F5	S1	Cupola
fosfomycin	34	0.03789607068	SRR17140500	non-PMA	F5_S1	F5_S1	F5	S1	Cupola
MLS	1985	1.91013780447	SRR17140500	non-PMA	F5_S1	F5_S1	F5	S1	Cupola
unclassified	127	0.120710814817	SRR17140500	non-PMA	F5_S1	F5_S1	F5	S1	Cupola
phenicol	11	0.00358780755849	SRR17140500	non-PMA	F5_S1	F5_S1	F5	S1	Cupola
beta-lactam	1360	0.74982972591	SRR17140500	non-PMA	F5_S1	F5_S1	F5	S1	Cupola
nitroimidazole	22	0.00585638690819	SRR17140500	non-PMA	F5_S1	F5_S1	F5	S1	Cupola
fusaric-acid	17	0.0123651498228	SRR17140500	non-PMA	F5_S1	F5_S1	F5	S1	Cupola
glycopeptide	9	0.00598434542043	SRR17140500	non-PMA	F5_S1	F5_S1	F5	S1	Cupola
aminoglycoside	11	0.0207825380239	SRR17140502	non-PMA	F4_S8	F4_S8	F4	S8	Crew quarters
aminoglycoside:aminocoumarin	1	0.00109142431635	SRR17140502	non-PMA	F4_S8	F4_S8	F4	S8	Crew quarters
mupirocin	18	0.00876763322884	SRR17140502	non-PMA	F4_S8	F4_S8	F4	S8	Crew quarters
bacitracin	53	0.0968329244191	SRR17140502	non-PMA	F4_S8	F4_S8	F4	S8	Crew quarters
diaminopyrimidine	34	0.105332615078	SRR17140502	non-PMA	F4_S8	F4_S8	F4	S8	Crew quarters
pleuromutilin	5	0.00384861815258	SRR17140502	non-PMA	F4_S8	F4_S8	F4	S8	Crew quarters
rifamycin	3	0.0131258134888	SRR17140502	non-PMA	F4_S8	F4_S8	F4	S8	Crew quarters
nucleoside	1	0.00277100506986	SRR17140502	non-PMA	F4_S8	F4_S8	F4	S8	Crew quarters
peptide	98	0.0893611141357	SRR17140502	non-PMA	F4_S8	F4_S8	F4	S8	Crew quarters
antibacterial_free_fatty_acids	1	0.000981852190106	SRR17140502	non-PMA	F4_S8	F4_S8	F4	S8	Crew quarters
multidrug	1146	2.50703037636	SRR17140502	non-PMA	F4_S8	F4_S8	F4	S8	Crew quarters
tetracycline	66	0.0515172773551	SRR17140502	non-PMA	F4_S8	F4_S8	F4	S8	Crew quarters
fosmidomycin	1	0.00121653881116	SRR17140502	non-PMA	F4_S8	F4_S8	F4	S8	Crew quarters
triclosan	2	0.00206963034263	SRR17140502	non-PMA	F4_S8	F4_S8	F4	S8	Crew quarters
fluoroquinolone	15	0.0160551795893	SRR17140502	non-PMA	F4_S8	F4_S8	F4	S8	Crew quarters
fosfomycin	5	0.0179417594451	SRR17140502	non-PMA	F4_S8	F4_S8	F4	S8	Crew quarters
MLS	228	0.706348124639	SRR17140502	non-PMA	F4_S8	F4_S8	F4	S8	Crew quarters
unclassified	24	0.0734401343667	SRR17140502	non-PMA	F4_S8	F4_S8	F4	S8	Crew quarters
phenicol	3	0.00315019523731	SRR17140502	non-PMA	F4_S8	F4_S8	F4	S8	Crew quarters
beta-lactam	194	0.344354081991	SRR17140502	non-PMA	F4_S8	F4_S8	F4	S8	Crew quarters
nitroimidazole	1	0.000857011877275	SRR17140502	non-PMA	F4_S8	F4_S8	F4	S8	Crew quarters
glycopeptide	6	0.0128995063597	SRR17140502	non-PMA	F4_S8	F4_S8	F4	S8	Crew quarters
fluoroquinolone	76	0.0197986660205	SRR17140504	non-PMA	F4_S7	F4_S7	F4	S7	Lab overhead
aminoglycoside	48	0.021906240678	SRR17140504	non-PMA	F4_S7	F4_S7	F4	S7	Lab overhead
peptide	382	0.0847782193697	SRR17140504	non-PMA	F4_S7	F4_S7	F4	S7	Lab overhead
fusidic-acid	6	0.00341963616217	SRR17140504	non-PMA	F4_S7	F4_S7	F4	S7	Lab overhead
tetracycline	271	0.0514845222194	SRR17140504	non-PMA	F4_S7	F4_S7	F4	S7	Lab overhead
mupirocin	35	0.00414931438623	SRR17140504	non-PMA	F4_S7	F4_S7	F4	S7	Lab overhead
bacitracin	247	0.109835456733	SRR17140504	non-PMA	F4_S7	F4_S7	F4	S7	Lab overhead
multidrug	5563	2.96198235501	SRR17140504	non-PMA	F4_S7	F4_S7	F4	S7	Lab overhead
pleuromutilin	8	0.0014987294291	SRR17140504	non-PMA	F4_S7	F4_S7	F4	S7	Lab overhead
unclassified	164	0.122141851142	SRR17140504	non-PMA	F4_S7	F4_S7	F4	S7	Lab overhead
MLS	1257	0.947802076291	SRR17140504	non-PMA	F4_S7	F4_S7	F4	S7	Lab overhead
diaminopyrimidine	103	0.0776639728385	SRR17140504	non-PMA	F4_S7	F4_S7	F4	S7	Lab overhead
phenicol	60	0.0153343684746	SRR17140504	non-PMA	F4_S7	F4_S7	F4	S7	Lab overhead
beta-lactam	763	0.329629803939	SRR17140504	non-PMA	F4_S7	F4_S7	F4	S7	Lab overhead
fosfomycin	33	0.0288208903884	SRR17140504	non-PMA	F4_S7	F4_S7	F4	S7	Lab overhead
nitroimidazole	2	0.000417172109131	SRR17140504	non-PMA	F4_S7	F4_S7	F4	S7	Lab overhead
fluoroquinolone/multidrug	3	0.000768335973147	SRR17140504	non-PMA	F4_S7	F4_S7	F4	S7	Lab overhead
fusaric-acid	7	0.00398957552254	SRR17140504	non-PMA	F4_S7	F4_S7	F4	S7	Lab overhead
triclosan	1	0.000119603038184	SRR17140504	non-PMA	F4_S7	F4_S7	F4	S7	Lab overhead
glycopeptide	8	0.00217265474286	SRR17140504	non-PMA	F4_S7	F4_S7	F4	S7	Lab overhead
