ARG-group	SRR17140442	SRR17140443	SRR17140444	SRR17140445	SRR17140446	SRR17140447	SRR17140448	SRR17140449	SRR17140450	SRR17140451	SRR17140452	SRR17140453	SRR17140454	SRR17140455	SRR17140456	SRR17140457	SRR17140458	SRR17140459	SRR17140460	SRR17140461	SRR17140462	SRR17140463	SRR17140464	SRR17140465	SRR17140466	SRR17140467	SRR17140468	SRR17140469	SRR17140470	SRR17140471	SRR17140472	SRR17140473	SRR17140474	SRR17140475	SRR17140476	SRR17140477	SRR17140478	SRR17140479	SRR17140480	SRR17140481	SRR17140482	SRR17140483	SRR17140484	SRR17140485	SRR17140486	SRR17140487	SRR17140488	SRR17140489	SRR17140490	SRR17140491	SRR17140492	SRR17140493	SRR17140494	SRR17140495	SRR17140496	SRR17140497	SRR17140498	SRR17140499	SRR17140500	SRR17140501	SRR17140502	SRR17140503	SRR17140504	SRR17140505
AAC(2')-I	0	0	0	1	0	0	0	0	0	0	0	0	0	0	0	0	0	0	0	0	0	0	0	0	0	0	0	0	0	0	0	0	0	0	0	0	0	0	0	0	0	0	0	0	0	0	0	0	0	0	0	0	0	0	0	0	0	0	0	0	0	0	0	0
AAC(3)-IIIA	0	0	0	0	0	0	0	0	0	0	0	0	0	0	0	0	0	0	0	0	0	0	0	0	0	0	0	0	0	0	0	0	0	0	0	0	0	0	0	0	0	0	2	0	0	0	0	0	0	0	0	0	0	0	0	0	0	0	0	0	0	0	0	0
AAC(3)-IV	0	0	0	0	0	0	0	1	0	0	0	0	0	0	0	0	0	0	0	0	0	0	0	0	0	0	0	0	0	0	0	0	0	0	0	0	0	0	0	0	0	0	0	0	0	0	0	0	0	0	0	0	0	0	0	0	0	0	0	0	0	0	0	0
AAC(6')-I	0	0	1	0	0	0	0	0	0	0	1	0	0	0	0	0	0	0	0	0	0	3	0	0	0	0	0	0	0	0	0	0	0	0	0	0	0	0	11	0	0	1	0	0	0	0	0	0	0	0	0	0	0	0	2	0	4	0	0	0	0	0	0	0
AAC(6')-IB8	0	0	0	0	0	0	0	0	0	2	0	0	0	0	0	0	0	0	0	0	0	0	0	0	0	0	0	0	0	0	0	0	0	0	0	0	0	0	2	0	0	0	0	0	0	0	0	0	0	0	0	0	0	0	0	0	0	0	0	0	0	0	0	0
AAC(6')-IE-APH(2'')-IA	0	22	0	0	0	2	3	8	0	6	2	0	1	0	2	0	8	0	0	0	0	49	0	0	0	8	0	1	0	0	14	0	2	2	4	0	22	0	48	0	0	8	0	0	6	2	0	6	0	5	0	5	0	3	15	3	286	0	3	0	1	0	0	0
AAD(9)	0	2	0	0	1	1	0	0	0	0	0	0	3	0	0	1	45	0	0	0	0	55	0	0	0	0	0	3	0	0	2	0	1	0	0	0	7	0	0	0	0	4	1	0	1	0	0	0	0	0	0	0	0	0	79	0	0	0	0	0	0	0	0	0
AADA	0	0	0	0	0	0	0	1	0	1	0	0	0	0	0	0	1	0	0	0	1	1	0	0	0	1	0	0	0	0	0	0	0	0	0	0	0	0	3	0	0	0	0	1	0	0	0	1	0	0	1	0	0	1	1	0	7	0	1	0	0	0	0	0
AADD	0	43	26	1	1	17	0	10	0	8	18	0	5	0	1	1	43	0	0	0	1	540	3	0	0	7	1	5	0	0	13	0	19	0	3	3	65	0	2	1	1	19	0	0	15	9	0	11	0	6	0	4	0	18	996	1	10	0	17	0	2	1	29	7
AADE	0	8	1	0	0	12	0	23	1	50	1	0	0	0	2	0	24	0	0	0	2	0	0	0	0	0	0	7	0	0	0	0	1	0	8	0	4	1	255	0	0	0	0	0	0	8	0	5	0	3	1	1	1	5	9	0	24	0	2	0	1	0	0	2
AADK	0	0	0	0	0	0	0	0	0	0	0	0	0	0	0	0	0	0	0	0	0	0	0	0	0	0	0	0	0	0	0	0	0	0	0	0	0	0	0	5	0	0	0	0	0	0	0	0	0	0	0	0	0	0	0	0	0	0	0	0	0	0	0	0
ABCA	0	0	2	766	38	46	0	8	1440	608	1	2	67	0	3	0	2	954	1002	0	0	0	0	0	0	7	0	24	3	0	0	0	7	0	16	0	3	0	2	0	0	225	1591	0	0	0	0	1	2	0	0	1	1	1	1	0	0	0	1	0	0	0	0	0
ABEM	0	0	0	0	0	0	0	5	0	0	0	0	0	0	0	0	0	0	0	0	0	0	0	0	0	0	0	0	0	0	0	0	0	0	0	0	0	0	0	0	0	0	0	0	0	0	0	0	0	0	0	1	0	0	0	0	0	0	0	0	0	0	0	0
ABES	0	0	0	0	0	0	0	2	0	0	0	0	0	0	0	0	0	0	0	0	0	0	0	0	0	0	0	0	0	0	2	0	1	0	0	0	0	0	0	0	0	0	0	0	0	0	0	1	0	0	0	0	0	0	0	0	0	0	0	0	0	0	0	0
ACRA	0	9	0	1	0	0	1	1	2	7	1	3	56	0	0	0	6	0	0	0	0	0	0	0	0	0	0	1	0	0	0	0	3	0	5	1	0	0	0	1	0	1	0	0	0	0	0	0	0	1	0	1	6	1	0	0	17	0	5	0	0	2	0	1
ACRB	3	17	12	28	0	6	1	35	12	141	4	119	695	377	282	4	21	0	0	1	17	5	2	0	2	11	0	8	0	2	3	1	41	1	72	1	40	0	19	2	2	13	9	0	1	0	17	44	1	13	4	9	6	14	5	1	34	0	4	0	4	8	6	1
ACRD	0	3	6	4	0	0	0	0	1	55	0	1	113	0	0	1	22	0	1	0	5	0	0	0	0	2	0	0	0	0	0	0	2	0	5	0	2	0	0	0	0	4	0	0	0	0	0	2	0	2	0	1	2	1	0	1	16	0	1	0	0	0	0	0
ACRF	0	2	1	0	0	0	0	0	0	2	0	2	9	0	0	0	0	0	0	0	1	0	0	0	0	0	0	1	0	0	0	1	2	0	5	0	0	0	1	0	0	2	1	0	0	0	2	1	0	0	0	1	2	1	2	0	14	0	1	0	2	0	1	0
ACRS	0	0	0	0	0	1	0	0	0	0	0	0	0	0	0	0	0	0	0	0	0	0	0	0	0	0	0	1	0	0	0	0	0	0	0	0	0	0	0	0	0	0	0	1	0	0	0	0	0	0	0	0	0	4	0	0	6	0	0	0	0	0	0	0
ADC-18	0	0	0	0	0	0	0	0	0	0	0	0	1	0	0	0	0	0	0	0	0	0	0	0	0	0	0	0	0	0	1	0	0	0	0	0	0	0	0	0	0	0	0	0	0	0	0	0	0	0	0	0	1	0	0	0	0	0	0	0	0	0	0	0
ADC-22	0	0	0	0	0	0	0	0	0	0	0	0	0	0	0	0	0	0	0	0	0	0	0	0	0	0	0	0	0	0	0	0	0	0	0	0	0	0	0	0	0	0	0	0	0	0	0	0	0	1	0	0	0	0	0	0	0	0	0	0	0	0	0	0
ADC-23	0	0	0	0	0	0	0	1	0	1	0	0	1	0	0	0	0	0	0	0	0	0	0	0	0	0	0	1	0	0	0	0	0	0	0	0	0	0	0	0	0	1	0	0	0	0	0	0	0	0	0	3	0	1	0	0	0	0	0	0	0	0	0	0
ADC-42	0	0	0	0	0	0	0	0	0	0	0	0	0	0	0	0	0	0	0	0	0	0	0	0	0	0	0	0	0	0	0	0	0	0	0	0	1	0	0	0	0	1	0	0	0	0	0	0	0	1	0	0	0	0	0	0	0	0	0	0	0	0	0	0
ADC-44	0	0	0	0	0	0	0	0	0	1	0	0	0	0	0	2	0	0	0	0	0	0	0	0	0	0	0	0	0	0	0	0	0	0	0	0	0	0	0	0	0	0	0	0	0	0	0	0	0	1	0	0	0	0	0	0	0	0	0	0	0	0	0	0
ADC-5	0	0	0	0	0	0	0	0	0	0	0	0	0	0	0	0	1	0	0	0	0	0	0	0	0	0	0	0	0	0	0	0	0	0	0	0	0	0	0	0	0	0	0	0	0	0	0	0	0	0	0	0	0	0	0	0	0	0	0	0	0	0	0	0
ADC-8	0	0	0	0	0	0	0	0	0	0	0	0	0	0	0	0	0	0	0	0	0	0	0	0	0	0	0	0	0	0	0	0	4	0	0	0	0	0	0	0	0	0	0	0	0	0	0	0	0	0	0	0	0	0	0	0	0	0	0	0	0	0	0	0
ADC-80	0	1	0	0	0	0	0	0	0	0	0	0	1	0	0	0	0	0	0	0	0	0	0	0	0	0	0	0	0	0	0	0	0	0	0	0	0	0	0	0	0	0	0	0	0	0	0	0	0	0	1	0	0	1	0	0	0	0	0	0	0	0	0	0
ADC-82	0	0	0	0	0	1	0	0	0	0	0	0	0	0	0	0	0	0	0	0	0	0	0	0	0	0	0	0	0	0	0	0	0	0	0	0	0	0	0	0	0	0	0	0	0	0	0	0	0	0	0	0	0	0	0	0	0	0	0	0	0	0	0	0
ADEA	0	6	0	0	0	0	0	8	0	0	0	0	1	0	0	0	1	0	0	0	0	0	0	0	0	0	0	0	0	0	2	0	1	0	1	0	1	0	0	0	0	0	0	0	0	0	0	4	0	0	0	1	1	1	0	0	0	0	0	0	2	0	1	0
ADEB	0	9	16	1	4	1	0	20	2	13	0	20	80	256	197	1	0	0	0	0	1	0	0	0	0	0	0	7	0	0	6	0	0	1	16	0	10	0	0	0	0	3	0	1	0	0	1	3	0	4	2	6	3	2	1	0	0	0	3	0	6	0	1	0
ADEC	0	5	0	0	0	3	0	0	0	0	0	0	0	0	0	0	0	0	0	0	0	0	0	0	0	0	0	0	0	1	0	0	0	0	0	0	0	0	0	1	0	0	0	0	1	0	0	1	0	0	0	0	0	0	0	0	0	0	0	0	0	0	0	0
ADEF	1	4	5	2	0	1	0	8	0	4	1	3	3	1675	1118	2	0	0	0	0	0	0	0	0	0	2	0	0	1	0	4	0	2	2	1	0	4	2	0	1	0	2	3	2	7	0	5	9	0	4	0	4	2	2	0	0	0	0	7	0	0	0	0	0
ADEH	0	5	0	0	0	0	0	10	0	4	1	0	0	0	0	0	1	0	0	0	0	0	1	0	0	0	0	0	0	0	6	0	2	0	3	0	4	0	0	0	0	2	0	0	1	0	0	0	0	0	0	2	1	0	0	0	0	0	0	0	0	0	0	0
ADEI	0	1	1	0	0	0	0	9	1	4	0	2	1	0	0	0	3	0	1	0	0	0	1	0	0	1	0	2	0	0	5	0	0	0	2	0	0	0	0	0	0	1	0	0	1	0	0	0	1	2	0	2	0	3	0	0	0	0	2	0	2	3	0	0
ADEJ	0	3	7	0	2	3	0	24	0	5	4	21	47	0	0	3	4	0	0	1	0	1	5	0	0	4	0	5	2	0	16	1	5	0	11	0	8	1	3	2	0	4	0	2	0	1	0	4	1	2	4	4	1	3	0	0	2	0	5	0	1	1	0	0
ADEK	0	0	2	0	0	1	0	11	1	2	1	0	1	0	1	2	0	0	0	0	0	0	0	0	0	1	0	1	0	0	1	0	0	0	1	0	1	0	5	0	0	0	0	5	0	0	0	2	1	0	0	1	1	4	0	0	0	0	0	0	0	0	0	0
ADEL	0	0	0	0	1	2	0	5	3	0	0	0	0	0	1	0	0	0	0	0	0	1	0	0	0	0	0	0	0	0	2	0	1	0	2	0	3	0	0	0	0	0	0	0	0	0	0	0	0	1	0	3	1	0	0	0	0	0	2	0	0	0	0	0
ADEN	0	2	0	0	0	1	0	0	0	0	2	0	0	0	1	0	0	0	0	0	0	0	0	0	0	0	0	0	0	0	6	0	0	0	0	2	0	0	0	0	0	1	0	0	0	0	0	2	0	0	0	1	0	0	0	0	0	0	0	0	1	0	0	0
ADER	0	1	4	0	0	1	0	3	2	1	0	0	1	0	0	1	0	0	0	0	0	0	0	0	0	1	0	0	0	0	0	0	3	0	0	0	1	0	1	0	0	0	0	0	0	0	0	0	0	1	1	0	0	0	0	0	0	0	0	0	0	0	0	0
ADES	0	4	0	0	0	1	0	2	0	0	0	1	0	0	0	0	0	0	0	0	0	0	0	0	0	0	0	0	0	0	0	0	0	0	3	0	0	0	0	0	0	1	0	0	0	1	0	1	0	0	0	0	0	0	0	0	0	0	0	0	0	0	0	0
ADP-RIBOSYLATING_TRANSFERASE_ARR	0	5	0	4	0	0	0	0	2	0	0	0	0	0	0	0	0	0	0	0	0	0	2	0	0	19	0	1	0	0	0	0	2	0	3	0	70	0	1	1	1	0	10	0	9	0	12	0	0	0	0	0	0	0	0	0	0	0	0	0	0	0	0	0
AMRB	1	0	2	6	1	2	0	5	4	10	0	14	37	572	391	0	2	0	0	0	5	3	0	0	1	2	0	2	0	0	0	0	1	0	11	0	0	0	3	0	0	1	3	5	0	0	0	5	0	4	0	2	0	0	0	0	0	0	3	2	0	1	3	1
ANT(2'')-I	0	0	0	0	0	0	0	0	0	3	0	0	0	0	0	0	0	0	0	0	0	0	0	0	0	0	0	0	0	0	0	0	0	0	0	0	0	0	0	0	0	0	0	0	0	0	0	0	0	0	0	0	0	0	0	0	0	0	0	0	0	0	0	0
ANT(3'')-IIA	0	1	1	0	0	1	0	3	0	0	0	0	0	0	0	0	0	0	1	0	0	0	0	0	0	0	0	1	0	1	3	0	1	0	0	0	1	0	0	0	0	0	0	0	0	0	0	2	0	2	0	1	1	1	0	0	0	0	0	0	1	0	0	0
ANT(3'')-IIC	0	0	0	0	0	0	0	0	0	0	0	0	0	0	0	1	0	0	0	0	0	0	0	0	0	0	0	0	0	0	0	1	0	0	0	0	0	0	0	0	0	0	0	0	0	0	0	0	0	0	0	1	0	0	0	0	0	0	0	0	0	1	0	0
ANT(9)-I	0	2	0	0	0	0	0	0	0	0	0	0	0	0	0	0	1	0	0	0	0	1	0	0	0	0	0	0	0	0	0	0	0	0	0	0	0	0	0	0	0	0	0	0	0	0	0	0	0	0	0	0	0	0	0	0	0	0	0	0	0	0	0	0
ANTIBIOTIC_RESISTANCE_RRNA_ADENINE_METHYLTRANSFERASE	0	0	3	0	0	0	0	0	0	0	0	0	0	0	0	0	0	0	0	0	0	0	0	0	0	0	0	0	0	0	0	0	0	0	0	0	0	0	0	0	0	0	0	0	0	0	0	0	0	0	0	0	0	0	0	0	0	0	0	0	0	0	0	0
APH(2'')-IF	0	0	0	0	0	2	0	0	0	12	0	0	0	0	0	0	2	0	0	0	0	4	0	0	0	0	0	0	0	0	0	0	5	0	0	0	1	0	30	0	0	1	0	0	0	0	0	0	0	1	0	0	0	1	0	0	7	0	0	0	0	0	0	0
APH(2'')-II	0	0	0	0	0	0	0	0	0	0	0	0	0	0	0	0	1	0	0	0	0	0	0	0	0	0	0	0	0	0	0	0	0	0	0	0	0	0	12	0	0	0	0	0	0	0	0	0	0	0	0	0	0	0	0	0	1	0	0	0	0	0	0	0
APH(3''')-III	0	8	0	0	0	1	0	7	0	2	1	0	0	0	2	1	9	0	0	0	0	0	0	0	0	1	0	0	0	0	1	0	0	0	1	0	2	0	26	0	0	1	0	0	0	7	0	1	0	1	0	4	1	5	1	0	2	0	0	0	1	0	0	0
APH(3'')-I	0	28	5	0	0	0	0	24	0	1	1	0	2	0	0	0	7	0	0	0	0	18	0	0	1	3	0	14	0	0	9	0	3	0	3	1	47	0	9	2	0	17	0	0	17	1	0	4	0	1	0	1	2	9	25	0	19	0	1	0	0	0	7	4
APH(3')-I	5	35	6	2	0	6	0	34	1	5	5	0	4	0	4	0	5	0	0	1	3	29	0	1	0	1	0	4	1	0	17	3	3	5	15	0	68	0	53	1	0	31	0	2	20	1	0	10	0	9	0	2	5	11	32	1	41	0	7	0	5	1	10	4
APH(3')-IIA	0	0	0	0	0	0	0	0	0	0	0	0	0	0	0	0	0	0	0	0	0	0	0	0	0	0	0	0	0	0	0	0	0	0	0	0	0	0	0	0	0	0	0	0	0	0	0	0	0	0	0	0	0	0	0	0	0	0	0	0	0	3	0	0
APH(3')-IIB	0	0	0	0	0	0	0	0	0	0	0	0	0	0	0	0	0	0	0	0	0	0	0	0	0	1	0	0	0	0	0	0	5	0	3	0	3	0	1	0	0	0	0	0	0	0	0	0	0	0	0	0	0	0	0	1	0	0	0	0	0	0	0	0
APH(6)-I	0	19	5	3	0	1	0	29	0	0	0	0	3	0	4	0	2	0	0	0	1	11	0	0	0	10	0	5	0	0	7	0	1	0	3	1	36	2	7	1	0	24	0	0	7	1	2	5	0	4	0	4	1	10	27	0	33	0	5	0	0	2	1	3
ARLS	0	173	101	11	5	128	0	71	1	24	21	0	40	0	26	4	249	0	1	0	16	92	2	0	1	87	0	229	25	0	171	0	93	0	63	20	760	0	122	5	0	199	3	0	50	58	0	51	3	85	0	27	14	124	119	6	281	0	53	0	18	10	118	3
ARNA	0	0	3	7	0	1	1	6	0	37	0	1	93	0	0	3	7	0	0	0	2	3	0	0	0	0	0	0	2	0	5	0	6	0	0	2	5	0	0	0	0	2	0	0	0	0	0	4	0	18	1	3	0	2	0	0	12	0	1	0	0	2	0	0
ARR-4	0	7	0	0	0	0	0	0	0	0	0	0	0	0	0	0	0	0	0	0	0	0	0	0	0	0	0	0	0	0	0	0	0	0	0	0	0	0	0	0	0	0	0	0	1	0	0	0	0	0	0	0	0	0	0	0	0	0	0	0	0	0	0	1
ARR-8	0	1	0	0	0	0	0	0	0	0	0	0	0	0	0	0	0	0	0	0	0	0	0	0	0	0	0	0	0	0	0	0	0	0	0	0	0	0	0	1	0	0	0	0	1	0	1	1	0	0	0	0	0	0	0	0	0	0	0	0	0	0	0	0
AXYY	0	0	1	1	0	1	0	3	0	4	0	0	0	4	2	0	0	0	0	0	2	0	0	0	0	1	0	0	0	0	0	0	3	0	2	0	0	0	0	0	0	1	0	0	0	0	0	1	0	6	0	2	1	1	2	0	0	0	10	0	1	1	0	0
BACA	6	591	271	45	28	454	5	454	6	213	81	606	1616	3277	2159	17	860	0	4	3	113	282	33	3	5	210	0	760	37	6	613	5	320	6	667	32	2559	6	687	7	2	933	7	5	199	209	4	214	5	311	6	126	67	328	576	23	879	10	222	9	52	25	247	7
BACILLUS_CLUSTER_A_INTRINSIC_MPH	0	0	0	0	0	0	0	0	0	0	0	0	0	0	0	0	0	0	0	0	0	0	0	0	0	0	0	0	0	0	0	0	0	0	0	0	0	0	0	0	0	0	0	0	0	0	0	0	0	0	0	0	0	0	0	0	0	0	0	0	0	0	0	1
BACILLUS_SUBTILIS_MPRF	0	0	0	0	0	0	0	0	0	0	0	0	0	0	0	0	0	0	0	0	0	0	0	0	0	0	0	0	0	0	0	0	0	0	0	0	0	0	0	2	0	0	0	0	0	0	0	3	0	0	0	0	0	0	0	0	0	0	0	0	0	0	0	0
BACTERIAL_REGULATORY_PROTEIN_LUXR	0	0	0	0	0	0	0	0	0	0	0	0	0	0	0	0	0	0	0	0	0	2	0	0	0	0	0	0	0	0	0	0	0	0	0	0	0	0	0	0	0	0	0	0	0	0	0	0	0	0	0	0	0	0	0	0	8	0	1	0	1	0	0	1
BAER	0	7	1	0	0	1	0	3	3	13	0	0	34	0	0	0	4	0	0	0	4	1	0	0	0	2	0	2	0	0	1	0	2	0	0	0	7	0	1	0	0	1	1	0	4	1	0	3	0	1	0	0	2	2	2	0	8	0	1	0	0	0	2	0
BAES	0	0	0	3	0	0	0	0	0	7	2	2	28	0	0	0	1	0	0	0	0	0	0	0	0	2	0	3	0	0	0	0	3	1	0	0	0	0	0	0	0	0	0	0	0	0	0	6	0	2	0	0	0	0	2	0	6	0	0	2	2	0	0	0
BASS	0	0	0	0	0	0	0	0	0	0	0	0	0	0	0	0	0	0	0	0	0	0	0	0	0	0	0	0	0	0	0	0	1	0	0	0	0	0	0	0	0	0	0	0	0	0	1	0	0	0	0	0	0	0	0	0	0	0	0	0	0	0	0	0
BCR-1	0	0	0	0	0	0	0	0	0	0	0	0	0	0	0	0	0	0	0	0	0	0	0	0	0	0	0	0	0	0	0	0	0	0	0	0	0	0	0	0	0	0	0	0	1	0	0	0	0	0	0	0	0	0	0	0	0	0	0	0	0	0	0	0
BCRA	0	20	1	0	0	3	0	2	0	5	1	0	6	0	0	2	4	0	0	0	0	0	0	0	0	3	0	0	14	0	0	0	0	0	1	1	4	0	43	0	0	1	1	3	0	1	0	3	0	1	0	0	0	3	9	1	4	0	0	0	1	1	0	0
BCRB	0	0	0	0	0	0	0	0	0	0	0	0	0	0	0	0	0	0	0	0	0	0	0	0	0	0	0	0	2	0	0	0	0	0	0	0	0	0	0	0	0	0	0	0	0	0	0	0	0	0	0	0	0	0	0	0	0	0	0	0	0	0	0	0
BCRC	0	0	0	0	0	0	0	0	0	0	0	0	0	0	0	0	0	0	0	0	0	0	0	0	0	0	0	0	1	0	0	0	0	0	0	0	0	0	0	0	0	0	0	0	0	0	0	0	0	0	0	0	0	0	0	0	0	0	0	0	0	0	0	0
BICYCLOMYCIN-MULTIDRUG_EFFLUX_PROTEIN_BCR	0	0	0	0	0	2	0	2	1	17	0	0	54	0	0	0	5	0	0	0	2	0	0	0	0	0	0	2	0	0	0	0	2	0	1	0	0	0	0	0	0	0	0	0	0	0	0	2	0	0	0	0	1	1	0	0	7	0	0	0	0	0	1	1
BIFUNCTIONAL_AMINOGLYCOSIDE_N-ACETYLTRANSFERASE_AND_AMINOGLYCOSIDE_PHOSPHOTRANSFERASE	0	48	8	2	0	3	0	18	0	13	6	0	3	0	2	3	17	0	1	0	0	51	0	0	0	18	0	7	0	0	2	0	2	0	1	0	25	0	86	0	0	20	0	0	10	2	0	6	0	4	0	1	2	12	41	16	456	0	5	0	0	0	1	1
BJP-1	0	0	0	0	0	0	0	0	0	1	0	0	0	0	0	0	0	0	0	0	0	0	0	0	0	0	0	0	0	0	0	0	0	0	0	1	0	0	0	0	0	2	0	0	0	0	0	0	0	0	0	0	0	0	0	0	0	0	0	0	0	0	0	0
BLAR1	0	0	0	0	0	0	0	0	0	0	0	0	0	0	0	0	0	0	0	0	0	0	0	0	0	0	0	0	0	0	0	0	0	0	0	0	0	0	0	0	0	0	0	0	0	0	0	0	0	0	0	0	0	0	0	0	0	0	0	0	1	0	0	0
BLAZ	0	15	6	0	0	5	0	19	0	2	4	0	2	0	2	1	17	0	1	0	1	16	1	0	0	1	0	15	4	0	20	0	10	0	4	4	135	0	3	0	0	21	0	0	5	19	0	8	0	4	0	5	3	15	15	0	25	0	10	0	3	0	9	3
BLEO	0	0	0	2	0	2	0	0	0	0	1	0	3	0	0	1	2	0	0	0	0	23	0	0	0	0	0	0	0	0	0	0	0	0	0	0	8	0	0	0	0	0	0	0	2	0	0	0	0	0	0	0	0	0	44	0	1	0	2	0	0	0	0	0
BLEOMYCIN_RESISTANCE_PROTEIN	0	7	3	0	0	3	0	1	0	3	3	0	1	0	2	0	5	0	0	0	0	214	0	0	0	1	0	2	1	0	2	0	7	0	1	0	11	0	8	1	0	3	0	0	3	3	0	1	0	1	0	2	0	8	481	0	0	0	3	0	3	0	6	0
BMR	0	0	0	0	0	0	0	0	0	0	0	0	0	0	0	0	0	0	0	0	0	0	0	0	0	0	0	0	0	0	0	0	1	0	0	0	0	0	0	0	0	0	0	0	0	0	0	0	0	0	0	0	0	0	0	0	0	0	0	0	0	0	0	0
BPEF	0	0	2	3	0	0	0	0	0	1	0	0	0	308	188	3	0	0	0	0	1	0	0	0	2	0	0	0	0	0	1	0	0	0	1	0	0	2	0	1	0	1	1	0	2	0	8	0	0	0	0	1	0	1	0	0	0	0	1	0	0	0	0	0
BURKHOLDERIA_PSEUDOMALLEI_OMP38	0	0	0	1	0	0	0	0	0	0	0	0	0	0	0	0	0	0	0	0	0	0	0	0	0	0	0	0	0	0	0	0	0	0	0	0	0	0	0	0	0	0	1	0	0	0	0	0	0	0	0	0	0	0	0	0	0	0	0	0	0	0	0	0
CAMP-REGULATORY_PROTEIN	2	3	7	3	0	2	1	84	1	108	8	17	156	0	2	0	21	0	0	0	29	0	0	1	0	17	0	6	9	0	2	0	14	1	14	0	1	0	1	0	0	2	0	0	1	1	0	2	0	7	0	4	0	8	83	0	4	0	16	0	1	0	2	0
CARO	0	1	0	0	0	0	0	2	0	1	0	0	0	0	0	0	0	0	0	0	0	0	0	0	0	2	0	1	0	0	3	0	1	0	1	0	1	0	0	0	0	0	0	0	0	0	0	0	0	1	0	1	0	2	0	0	1	0	0	0	0	0	0	0
CATB	0	0	0	0	0	0	0	0	0	0	0	0	0	0	0	0	0	0	0	0	0	0	0	0	0	0	0	0	0	0	0	0	0	0	0	0	1	0	0	0	0	0	0	0	0	0	0	0	0	0	0	0	0	0	0	0	0	0	0	0	0	0	0	0
CATD	0	0	0	0	0	1	0	0	0	17	0	0	0	0	0	0	6	0	0	0	0	0	0	0	0	0	0	1	0	0	0	0	0	0	0	0	0	0	0	0	0	0	0	0	0	0	0	0	0	0	0	0	0	0	0	0	0	0	0	0	0	0	0	0
CATP	0	0	0	0	0	0	0	0	0	0	0	0	0	0	0	0	0	0	0	0	0	0	0	0	0	0	0	0	0	0	0	0	0	0	0	0	1	0	0	0	0	0	0	0	1	0	0	0	0	0	0	0	0	0	0	0	0	0	0	0	0	0	5	0
CATQ	0	3	0	0	0	0	0	0	0	0	0	0	2	0	1	0	0	0	0	0	0	0	0	0	0	0	0	0	0	0	0	0	0	0	1	0	0	0	2	0	0	1	0	0	0	0	0	0	0	34	0	0	0	0	1	0	0	0	0	0	0	0	0	0
CATS	0	0	0	0	0	0	0	0	0	2	0	0	0	0	0	0	0	0	0	0	0	0	0	0	0	0	0	0	0	0	0	0	0	0	0	0	0	0	1	0	0	0	0	0	0	0	0	0	0	0	0	0	0	0	0	0	1	0	0	0	0	0	0	0
CAT_CHLORAMPHENICOL_ACETYLTRANSFERASE	2	108	48	2	2	9	0	140	2	4	9	0	2	0	6	0	12	0	0	0	0	0	0	0	0	4	0	10	4	0	11	1	9	0	6	1	125	0	14	0	3	111	0	0	48	13	4	10	0	7	0	0	2	22	2	1	4	0	3	0	2	0	54	1
CEOB	5	0	2	10	0	1	0	2	0	1	1	0	1	1413	917	2	0	0	0	0	1	0	0	0	0	0	0	0	0	0	1	0	0	0	3	0	3	0	4	0	0	2	5	0	1	0	0	0	0	1	0	1	0	1	0	0	0	0	0	0	0	4	0	0
CFRC	0	0	0	0	0	0	0	0	0	0	0	0	0	0	0	0	0	0	0	0	0	0	0	0	0	0	0	0	0	0	0	0	0	0	0	0	0	0	1	0	0	0	0	0	0	0	0	0	0	0	0	0	0	0	0	0	0	0	0	0	0	0	0	0
CFXA2	0	9	63	3	0	7	0	5	0	113	1	0	3	0	1	2	5	0	0	0	30	0	1	0	0	4	0	8	9	0	2	0	3	1	6	0	17	2	9	0	0	4	0	0	6	8	0	5	0	8	0	9	0	3	4	1	9	0	5	0	4	0	0	0
CFXA3	0	0	2	0	0	0	0	0	0	2	0	0	0	0	0	1	0	0	0	0	0	0	0	0	0	0	0	0	1	0	0	0	1	0	0	0	0	0	0	0	0	0	0	0	0	0	0	2	0	0	0	2	0	0	0	0	0	0	0	0	1	0	0	0
CFXA6	0	0	0	0	0	0	0	0	0	0	0	0	0	0	0	0	2	0	0	0	0	0	0	0	0	0	0	0	0	0	0	0	0	0	0	0	0	0	0	0	0	0	0	0	0	0	0	0	0	1	0	0	0	0	0	0	0	0	0	0	0	0	0	0
CHLORAMPHENICOL_EXPORTER	1	52	8	20	0	6	0	55	0	11	3	0	5	0	6	0	7	0	2	0	3	9	0	0	0	125	0	12	0	0	52	0	10	0	4	3	157	0	82	1	0	163	18	0	21	2	0	18	0	5	0	2	5	15	35	1	56	0	8	0	1	0	1	0
CHRYSEOBACTERIUM_MENINGOSEPTICUM_BLAB	0	0	0	0	0	0	0	5	0	0	0	0	0	0	0	0	0	0	0	0	0	0	0	0	0	0	0	0	0	0	0	0	0	0	0	0	0	0	0	0	0	0	0	0	0	0	0	0	0	0	0	0	0	0	0	0	0	0	0	0	0	0	0	0
CLASS_A	4	183	125	5	15	221	4	180	0	69	41	2	24	0	40	15	395	0	2	0	58	312	26	0	0	60	0	225	11	1	187	2	123	5	111	11	990	1	200	14	0	289	3	1	40	154	6	121	2	83	0	48	29	169	425	9	229	3	155	3	19	1	156	3
CLASS_C	0	1	2	0	1	0	0	0	0	2	0	2	21	0	0	0	0	0	0	0	0	0	0	0	0	0	0	0	0	0	1	0	0	0	3	0	1	0	1	0	0	0	0	0	0	0	0	0	0	0	0	0	0	2	0	4	12	0	1	0	0	0	0	0
CLBA	0	0	1	0	0	0	0	0	0	0	0	0	0	0	0	0	0	0	0	0	0	0	0	0	0	0	0	0	0	0	0	0	0	0	0	0	0	0	0	0	0	0	0	0	0	0	0	0	0	0	0	0	0	0	0	0	0	0	0	0	0	0	0	0
CMEB	0	0	0	0	0	0	0	1	0	6	0	0	0	0	0	0	1	0	0	0	0	0	0	0	0	2	0	0	0	0	0	0	0	0	0	0	1	0	1	0	0	0	0	0	0	0	0	0	0	0	0	0	0	2	0	0	0	0	1	0	0	0	0	0
CMLA	0	0	0	0	0	0	0	0	0	4	0	0	8	0	0	0	0	0	0	0	0	0	0	0	0	0	0	0	0	0	0	0	0	0	0	0	0	0	0	0	0	0	0	0	0	0	0	0	0	0	0	0	0	0	0	0	0	0	0	0	0	0	0	0
COB(I)ALAMIN_ADENOLSYLTRANSFERASE	0	0	0	1	0	0	0	0	0	6	0	0	10	0	0	0	1	0	0	0	1	0	0	0	0	1	0	1	0	0	1	0	4	0	0	0	0	0	0	0	0	0	0	0	0	0	0	1	0	0	0	0	1	1	0	0	3	0	0	0	0	0	0	0
CPXA	0	1	0	1	0	0	4	2	0	25	0	0	96	0	0	0	4	0	0	0	2	0	0	0	0	3	0	0	0	1	0	0	5	0	1	0	0	0	0	2	0	4	1	0	0	0	0	4	0	3	0	0	1	1	0	0	10	0	4	0	1	0	0	0
CRP	0	0	0	0	0	0	0	0	0	1	0	0	0	0	0	0	0	0	0	0	0	0	0	0	0	0	0	0	0	0	0	0	0	0	0	0	0	0	0	0	0	0	0	0	0	0	0	0	0	0	0	0	0	0	0	0	0	0	0	0	0	0	0	0
CRPP	0	0	0	0	0	0	0	0	0	0	0	0	0	0	0	0	0	0	0	0	0	0	0	0	0	0	0	0	0	0	0	0	0	1	0	0	0	0	0	0	0	0	0	0	0	0	0	0	0	0	0	0	0	0	0	0	0	0	0	0	0	0	0	0
CTX-M	0	0	0	0	0	0	0	0	0	0	0	0	2	13	8	0	1	0	0	0	0	0	0	0	0	1	0	0	0	0	0	0	0	0	0	0	0	0	0	0	0	0	0	0	0	0	0	0	0	0	0	0	0	0	0	0	0	0	0	0	0	0	0	0
CYSTATHIONINE_BETA-LYASE_PATB	0	0	0	0	0	0	0	0	0	0	0	0	0	0	0	0	0	0	0	0	0	0	0	0	0	0	0	0	0	0	0	0	0	0	0	0	0	0	0	0	0	0	0	0	0	0	0	0	0	0	2	0	0	0	0	0	0	0	0	0	0	0	0	0
DFRA12	0	0	0	0	0	0	0	0	0	0	0	0	0	0	0	0	0	0	0	0	0	0	0	0	0	0	0	0	0	0	0	0	0	0	0	0	0	0	1	0	0	0	0	0	0	0	0	0	0	0	0	0	0	0	0	0	0	0	0	0	0	0	0	0
DFRA3	0	0	1	0	0	0	0	0	0	0	0	0	0	0	0	0	0	0	0	0	0	0	0	0	0	0	0	0	0	0	0	0	0	0	0	0	0	0	0	0	0	0	0	0	0	0	0	0	0	0	0	0	0	0	0	0	0	0	0	0	0	0	0	0
DFRC	0	209	121	14	12	142	2	138	0	38	20	1	61	2	26	11	331	0	2	1	21	89	12	1	0	77	0	279	10	2	272	1	112	3	109	17	956	0	185	6	0	269	3	1	66	88	3	59	1	128	3	48	23	120	277	0	343	5	72	2	34	6	103	8
DFRD	0	2	0	0	0	0	0	0	0	0	0	0	0	0	0	0	0	0	0	0	0	0	0	0	0	0	0	0	0	0	1	0	0	0	0	0	0	0	0	0	0	0	0	0	0	0	0	0	0	0	0	0	0	0	0	0	0	0	0	0	0	0	0	0
DFRE	0	0	2	0	0	0	0	0	0	0	0	0	0	0	0	0	0	0	0	0	1	0	0	0	0	0	0	0	0	0	0	0	0	0	0	0	0	0	1	0	0	0	0	0	0	0	0	0	0	0	0	0	0	0	0	0	2	0	0	0	0	0	0	0
DFRF	0	6	0	0	0	2	0	3	0	8	0	0	0	0	1	0	12	0	0	0	0	0	0	0	0	0	0	0	0	0	0	0	0	0	0	0	0	0	132	0	0	0	0	0	0	0	0	2	0	0	0	0	0	1	6	1	6	0	1	0	0	0	0	0
DFRG	0	8	0	0	0	0	0	3	0	0	0	0	0	0	0	0	1	0	0	0	0	0	0	0	0	0	0	1	0	0	7	0	0	0	0	0	58	0	0	0	0	4	0	0	0	0	0	0	0	0	0	0	0	1	1	0	1	0	0	0	0	0	0	0
DFRK	0	0	0	0	0	0	0	0	0	0	0	0	0	0	0	0	0	0	0	0	0	0	0	0	0	0	0	0	0	0	0	0	0	0	0	0	4	0	0	0	0	0	0	0	0	0	0	0	0	0	0	0	0	0	0	0	0	0	0	0	0	0	0	0
DNA-BINDING_PROTEIN_H-NS	0	0	0	0	0	1	0	3	0	13	0	0	31	0	0	0	5	0	0	0	3	0	0	0	0	0	0	0	1	0	0	0	0	0	0	0	0	0	0	0	0	1	0	0	0	0	0	1	0	0	0	0	0	0	5	0	5	0	0	0	0	0	0	0
DNA-BINDING_TRANSCRIPTIONAL_REGULATOR_GADX	0	0	0	0	0	0	0	0	0	0	0	0	0	0	0	0	0	0	0	0	0	0	0	0	0	0	0	0	0	0	0	0	0	0	0	0	0	0	1	0	0	0	0	0	0	0	0	0	0	0	0	0	1	0	0	0	5	0	0	0	0	0	0	0
EFMA	0	0	1	0	0	0	0	0	0	0	0	0	0	0	0	0	0	0	0	0	0	0	0	0	0	0	0	0	0	0	0	0	0	0	0	0	0	0	0	0	0	0	0	0	0	0	0	0	1	0	0	0	0	0	0	0	0	0	0	0	0	0	0	0
EFPA	1	0	1	2	0	0	0	0	0	0	0	0	0	0	0	0	0	0	0	0	0	0	0	0	0	0	0	0	0	0	0	0	0	0	0	0	0	0	0	0	0	0	3	0	0	0	0	0	0	0	0	0	0	0	0	0	0	0	0	0	0	0	0	0
EFRA	0	17	7	1	2	1	0	9	0	7	14	0	32	0	0	1	8	0	0	0	8	4	0	0	0	5	0	5	6	0	0	0	10	0	5	0	6	0	8	0	0	7	0	0	4	0	0	5	0	19	3	10	1	7	20	0	9	1	15	0	3	0	6	0
EFRB	0	36	18	1	1	12	3	104	1	46	14	0	69	0	1	1	30	0	0	0	20	13	1	0	0	14	0	30	16	0	12	0	30	0	21	0	37	0	93	0	0	8	0	0	2	4	0	3	0	61	1	33	4	20	61	0	14	1	58	0	6	0	18	0
EMRA	3	6	11	4	0	2	0	25	3	25	3	1	61	0	0	0	8	0	0	0	24	3	0	0	0	6	0	2	7	0	0	0	6	0	1	0	2	0	0	0	0	1	0	0	0	0	0	1	0	13	0	0	2	0	104	0	8	0	15	0	0	0	2	0
EMRB	5	15	15	5	1	6	1	195	1	100	24	48	220	0	4	3	23	0	1	0	56	0	0	0	0	35	0	5	13	1	9	0	37	0	28	0	13	0	4	0	0	8	0	0	0	2	1	9	0	19	4	7	2	13	312	0	13	0	46	2	2	0	8	1
EMRB-QACA_FAMILY_MAJOR_FACILITATOR_TRANSPORTER	4	400	261	44	39	410	6	285	1	70	65	1	171	6	61	19	863	0	6	3	80	213	21	0	0	167	2	713	28	6	516	1	239	10	327	18	2603	0	379	5	0	663	7	1	148	190	0	155	11	315	9	126	42	285	395	8	780	0	181	2	63	34	240	3
EMRD	0	1	1	0	0	1	2	0	0	5	0	0	20	0	0	0	2	0	0	0	1	0	0	0	0	0	0	2	0	0	0	0	6	0	1	0	1	0	0	0	0	1	0	1	0	0	0	1	0	1	0	0	0	1	0	0	7	0	0	0	0	1	0	0
EMRE	0	1	0	0	0	0	0	0	0	2	0	0	0	0	0	0	0	0	0	0	0	0	0	0	0	0	0	0	0	0	0	0	1	0	0	0	0	0	0	0	0	0	0	0	0	0	0	0	0	0	0	0	0	1	0	0	7	0	0	0	0	0	0	0
EMRK	0	0	0	0	0	0	0	0	0	0	0	0	0	0	0	0	1	0	0	0	2	0	0	0	0	1	0	0	0	0	0	0	0	0	0	0	1	0	0	0	0	1	0	0	0	0	0	0	0	2	0	0	1	0	4	0	11	0	0	0	0	0	2	0
EMRR	0	0	0	1	0	0	0	1	0	7	0	0	18	0	0	0	1	0	0	0	1	0	0	0	0	0	0	6	0	0	0	0	0	0	0	0	0	0	0	0	0	0	0	0	1	0	0	2	0	0	0	0	0	0	0	0	6	0	0	0	0	0	0	0
EMRY	0	0	0	0	0	0	0	0	0	0	1	0	0	0	0	0	0	0	0	0	0	0	0	1	0	0	0	0	0	0	0	0	1	0	0	0	0	0	0	0	0	0	0	0	0	0	0	1	0	0	0	0	4	0	2	0	7	0	0	0	0	0	0	0
EPTA	0	2	0	1	0	0	0	3	0	5	1	3	15	0	0	0	0	0	0	0	1	0	0	0	0	0	0	0	0	0	0	0	3	0	0	0	0	0	1	0	0	0	0	0	1	0	0	1	0	0	0	0	0	1	0	0	12	0	0	0	1	2	1	0
ERM(31)	0	2	0	0	0	0	0	0	0	0	0	0	0	0	0	0	0	0	0	0	0	0	0	0	0	0	0	0	0	0	0	0	0	0	0	0	0	0	0	0	0	0	0	0	0	0	0	0	0	0	0	0	0	0	1	0	0	0	0	0	0	0	0	0
ERM(33)	0	0	0	0	0	1	0	9	0	1	0	0	0	0	1	0	6	0	0	0	1	0	0	0	0	5	0	1	0	0	0	0	0	0	1	0	1	0	1	0	0	0	0	0	0	2	0	0	0	4	0	1	0	8	5	0	2	0	5	0	1	0	4	0
ERM(36)	0	0	0	0	0	0	0	0	0	0	0	0	0	0	0	0	0	0	0	0	0	0	0	0	0	0	0	0	0	0	0	0	0	0	0	0	0	0	0	0	0	0	0	0	0	0	0	0	0	0	0	0	2	0	0	0	0	0	0	0	0	0	0	0
ERM(38)	0	1	0	0	0	0	0	0	0	0	0	0	0	0	0	0	0	0	0	0	0	0	0	0	0	0	0	0	0	0	0	0	0	0	0	0	0	0	0	0	0	0	0	0	0	0	0	0	0	1	0	0	0	0	1	0	1	0	0	0	0	0	0	0
ERM(39)	0	4	0	0	0	0	0	1	0	0	0	0	0	0	0	0	2	0	0	0	0	1	0	0	0	0	0	0	0	0	0	0	0	0	0	0	0	0	0	0	0	0	0	0	0	0	0	0	0	0	0	0	0	0	0	0	0	0	0	0	0	0	0	0
ERM(43)	0	0	0	0	0	0	0	1	0	0	0	0	0	0	0	0	0	0	0	0	0	0	0	0	0	0	0	0	0	0	0	0	0	0	1	0	0	0	0	0	0	0	0	0	0	0	0	0	0	0	0	0	0	1	0	0	0	0	0	0	0	0	0	0
ERM(44)	0	0	1	1	0	20	0	8	0	0	0	0	7	0	4	0	1	0	1	0	0	0	2	0	0	0	0	10	0	0	2	0	2	0	16	0	5	0	0	0	0	1	0	0	1	6	0	6	0	0	0	0	6	34	0	0	1	0	21	0	0	0	0	0
ERM(TR)	0	5	4	2	2	26	0	26	0	4	2	0	4	0	0	1	21	0	1	0	1	5	0	0	0	2	0	27	0	0	29	0	10	0	13	0	9	0	113	0	0	17	0	0	0	1	2	22	0	8	1	1	2	5	3	2	52	0	6	0	1	0	0	0
ERMA	0	0	0	0	0	0	0	3	2	0	0	1	0	1	0	3	29	0	0	0	0	42	0	0	0	1	0	6	3	0	2	1	2	0	0	0	3	0	7	0	0	3	0	0	0	0	0	2	0	1	0	0	0	1	30	9	2	0	0	0	0	0	7	0
ERMB	0	24	42	0	3	31	0	47	6	81	9	0	28	0	1	3	44	0	0	0	14	4	0	0	0	6	0	22	12	0	9	0	4	0	4	1	44	0	242	0	0	3	0	2	5	3	6	19	4	63	0	5	1	24	430	1	24	0	20	0	10	0	10	0
ERMC	2	20	6	4	5	153	0	176	0	57	1	1	43	1	25	10	189	0	2	1	24	0	9	0	0	16	0	117	0	0	27	0	36	0	31	0	79	0	176	0	1	55	1	0	6	112	0	55	2	158	0	50	12	166	2	2	66	1	94	2	29	0	11	0
ERMF	3	5	9	0	0	4	1	13	0	35	2	0	1	0	0	0	10	0	0	1	1	0	0	0	0	6	0	6	0	0	10	0	11	0	5	0	7	0	21	1	0	4	0	0	0	0	3	11	0	6	0	1	0	1	5	0	6	0	23	0	1	0	0	0
ERMG	0	10	1	1	0	0	0	3	0	5	0	0	1	0	0	0	4	0	0	0	0	1	0	0	0	0	0	0	0	0	0	0	0	0	0	0	0	0	5	0	0	0	0	0	0	0	0	2	0	0	0	0	0	0	2	0	1	0	0	0	0	0	0	0
ERMS	0	0	0	0	0	0	0	0	0	0	0	0	0	0	0	0	0	0	0	0	0	0	0	0	0	0	0	0	0	0	0	0	0	0	0	0	0	0	0	0	0	0	0	0	0	0	1	0	0	0	0	0	0	0	0	0	0	0	0	0	0	0	0	0
ERMT	0	1	0	0	0	2	0	0	0	0	0	0	0	0	0	0	0	0	0	0	0	0	0	0	0	0	0	0	0	0	1	0	0	0	0	0	0	0	0	0	0	0	0	0	0	1	0	0	0	1	0	0	0	0	1	0	1	0	1	0	0	0	0	0
ERMX	0	185	74	4	1	44	0	147	1	23	13	0	23	4	25	3	86	0	2	6	11	36	8	0	1	30	0	80	1	27	78	0	34	0	35	24	487	4	170	7	3	269	1	0	76	11	1	35	0	38	3	26	17	106	343	18	852	0	40	0	4	1	23	3
ESCHERICHIA_COLI_LAMB	0	2	2	1	0	0	0	1	1	9	0	1	25	0	0	0	1	0	0	0	3	0	0	0	0	0	0	0	0	0	1	0	0	2	1	0	0	0	3	0	0	1	0	0	0	0	0	5	0	0	0	0	0	1	0	0	10	1	1	0	0	0	0	0
ESCHERICHIA_COLI_MIPA	0	0	0	0	0	0	0	0	0	0	0	0	1	0	0	0	0	0	0	0	0	1	0	0	0	0	0	0	0	0	0	0	0	0	1	0	1	0	0	0	0	0	0	0	0	0	0	1	0	0	0	0	0	3	1	0	7	0	0	0	0	0	0	0
ESP-1	0	0	0	0	0	0	0	0	0	0	0	0	0	0	0	0	0	0	0	0	0	0	0	0	0	0	0	0	0	0	0	0	0	0	0	0	0	0	0	0	0	0	0	0	0	1	0	0	0	0	0	0	0	0	0	0	0	0	0	0	0	0	0	0
EVGS	0	0	0	0	0	1	0	0	0	0	0	0	0	0	0	0	0	0	0	0	0	0	0	0	0	0	0	0	0	0	0	0	0	0	0	0	0	0	0	0	0	0	0	0	0	0	0	0	0	0	0	1	5	1	1	1	57	0	2	3	0	0	0	0
FARA	0	1	0	0	0	0	0	0	0	1	0	0	0	0	0	0	0	0	0	0	15	0	0	0	0	0	0	0	0	0	0	0	0	0	0	0	0	0	0	0	0	2	0	0	0	0	0	0	0	2	0	0	0	0	2	0	1	0	0	0	0	0	0	0
FARB	0	3	7	3	0	5	0	0	0	171	4	0	7	0	1	0	5	0	0	0	600	0	0	0	0	16	0	11	0	0	2	0	2	5	3	0	1	0	0	0	0	2	0	0	1	1	0	3	0	68	0	1	1	7	424	0	3	0	20	0	1	0	0	0
FLOR	0	7	4	1	0	0	0	0	0	0	0	0	0	0	0	0	0	0	0	0	0	0	0	0	0	0	0	0	0	0	0	0	0	0	3	0	0	0	0	0	0	0	0	0	0	0	0	0	0	1	0	0	0	0	0	0	0	0	0	0	0	0	0	0
FMTC	2	280	133	30	36	320	1	205	0	66	40	1	88	5	62	16	639	0	4	2	45	221	20	0	3	140	1	463	33	5	452	1	197	7	182	23	1996	0	310	18	1	585	3	4	79	154	1	128	10	197	0	60	38	213	370	13	693	0	136	4	32	38	183	7
FOSA	0	2	0	0	0	1	0	0	0	0	0	0	5	0	0	0	0	0	0	0	0	0	0	0	0	0	0	0	0	0	0	0	0	0	0	0	0	0	0	0	0	0	0	0	0	0	0	0	0	0	1	0	0	0	0	0	0	0	0	0	0	0	0	0
FOSA6	0	0	0	0	0	0	0	0	0	0	0	0	1	0	0	0	0	0	0	0	0	0	0	0	0	0	0	0	0	0	0	0	0	0	0	0	0	0	0	0	0	0	0	0	0	0	0	0	0	0	0	0	0	0	0	0	0	0	0	0	0	0	0	0
FOSA7	0	0	0	0	0	0	0	0	0	0	0	0	0	0	0	0	0	0	0	0	0	0	0	0	0	0	0	0	0	0	0	0	1	0	0	0	0	0	0	0	0	0	0	0	0	0	0	0	0	0	0	0	0	0	0	0	0	0	0	0	0	0	0	0
FOSB	0	82	43	4	3	34	0	60	0	4	29	0	23	0	9	0	33	0	0	0	11	12	12	0	1	15	0	42	13	1	79	0	21	0	14	3	529	0	72	4	0	73	0	0	32	39	0	29	0	34	0	10	8	61	15	1	69	0	34	0	5	9	33	1
FOX	0	0	0	0	0	0	0	0	0	0	0	0	0	0	0	0	0	0	0	0	0	0	0	0	0	0	0	0	0	0	0	0	0	0	1	0	0	0	0	0	0	0	0	0	0	0	0	0	0	0	0	0	0	0	0	0	0	0	0	0	0	0	0	0
FUSB	0	25	10	1	0	1	0	24	0	3	3	0	1	0	1	1	8	0	0	0	1	12	0	0	0	0	0	17	0	0	14	0	3	0	5	5	61	0	8	0	0	29	0	0	10	8	0	12	0	2	0	4	8	14	11	85	585	0	17	0	0	0	7	0
FUSC	0	3	6	0	0	0	0	0	0	3	0	0	1	0	1	0	3	0	0	0	1	0	0	0	0	1	0	2	0	0	2	0	3	0	0	0	29	0	2	0	0	3	0	0	0	0	0	3	0	0	0	2	0	7	1	0	0	0	0	0	0	0	0	0
FUSD	0	10	3	2	0	12	0	22	0	2	0	0	3	0	6	0	3	0	0	0	1	0	1	0	0	0	0	6	2	0	5	0	3	0	5	0	10	0	2	0	0	1	0	0	7	15	0	9	0	2	0	3	15	21	2	0	0	0	19	0	0	0	6	0
GADW	0	0	0	0	0	0	0	0	0	0	0	0	0	0	0	0	0	0	0	0	0	0	0	0	0	0	0	0	0	0	0	0	0	0	0	0	0	0	0	0	0	0	0	0	0	0	0	0	0	0	0	0	0	2	0	0	7	0	0	0	0	0	0	0
GOLS	0	0	0	0	0	0	0	0	0	0	0	0	0	0	0	0	0	0	0	0	0	0	0	0	0	0	0	0	0	0	0	0	3	0	0	0	2	0	0	0	0	0	0	0	0	0	0	0	0	0	0	0	0	0	0	1	0	0	2	0	0	0	0	0
HMRM	0	0	4	0	0	4	0	28	0	35	1	0	7	0	0	1	9	0	0	0	20	0	0	0	0	8	0	0	2	0	5	0	3	0	9	0	1	0	0	0	0	2	0	0	0	0	0	1	0	5	0	1	0	6	73	0	0	0	5	0	3	0	0	0
JOHN-1	0	0	0	0	0	0	0	0	0	0	0	0	0	0	0	0	0	0	0	0	0	0	3	0	0	0	0	0	0	0	0	0	0	0	0	0	0	0	0	0	0	0	0	0	0	0	0	0	0	0	0	0	0	0	0	0	0	0	0	0	0	0	0	0
KASUGAMYCIN_RESISTANCE_PROTEIN_KSGA	1	3	13	3	0	1	0	69	0	54	8	0	79	0	0	0	10	0	0	0	22	0	0	0	0	14	0	4	11	0	0	0	9	0	3	0	2	1	4	0	0	4	1	1	4	0	0	1	0	9	0	1	0	1	147	0	9	2	11	0	0	0	0	2
KDPE	0	0	5	1	0	0	0	4	2	18	0	0	43	0	0	0	5	0	0	0	3	0	0	0	0	0	0	0	1	0	0	0	7	0	1	0	0	0	0	0	0	0	0	0	0	0	0	3	0	0	0	0	0	0	0	0	9	0	0	0	0	0	0	0
KLEBSIELLA_PNEUMONIAE_OMPK36	0	0	1	0	0	0	0	1	0	1	0	0	5	0	0	0	0	0	0	0	0	0	0	0	0	0	0	0	0	0	0	0	0	0	0	0	0	0	0	3	0	0	0	0	0	0	0	0	0	0	0	0	0	0	0	0	0	0	0	0	0	0	0	0
KLEBSIELLA_PNEUMONIAE_OMPK37	0	2	6	1	0	0	0	0	0	2	1	0	7	0	0	1	1	0	0	0	0	0	0	0	0	0	0	0	0	0	0	0	0	0	0	0	0	0	0	0	0	1	0	0	0	0	0	0	0	0	0	0	2	1	0	0	3	0	0	0	0	0	0	0
LEN	0	0	0	0	0	0	0	0	0	0	0	0	0	0	0	0	0	0	0	0	0	0	0	0	0	0	0	0	0	0	0	0	0	0	0	0	1	0	0	0	0	0	0	0	0	0	0	0	0	0	0	0	0	0	0	0	0	0	0	0	0	0	0	0
LISTERIA_MONOCYTOGENES_MPRF	0	0	0	0	0	0	0	0	0	0	0	0	2	0	0	0	0	0	0	0	0	0	0	0	0	0	0	0	0	0	0	0	0	0	0	0	3	0	0	0	0	0	0	0	0	0	0	0	0	0	0	1	0	0	0	0	0	0	0	0	0	0	0	0
LLMA_23S_RIBOSOMAL_RNA_METHYLTRANSFERASE	0	8	0	0	0	2	0	1	2	2	1	0	0	0	0	0	7	0	0	0	0	1	0	0	0	0	0	0	0	0	0	0	0	0	0	0	0	0	55	0	0	0	1	0	0	1	0	0	0	0	0	0	0	0	0	0	1	0	0	0	0	0	0	0
LMRB	0	0	0	0	0	0	0	0	0	0	0	0	0	0	0	0	0	0	0	0	0	0	0	0	0	0	0	0	2	0	0	0	0	0	0	0	0	0	0	0	0	0	0	0	0	0	0	0	0	0	0	0	0	0	0	0	0	0	0	0	0	0	0	0
LMRC	2	18	92	5	0	13	0	187	2	149	38	6	109	0	2	0	19	0	0	0	37	6	0	0	0	23	0	27	200	0	4	0	56	0	452	1	28	0	11	0	0	17	0	2	1	1	0	1	2	46	4	53	4	11	23	0	7	1	53	1	4	1	16	0
LMRD	4	12	87	5	2	16	0	324	0	197	42	6	155	0	2	0	33	0	0	0	38	22	1	2	0	18	0	32	185	0	5	0	89	1	540	7	62	0	18	1	1	29	0	1	1	2	0	5	5	58	6	68	0	15	39	0	11	9	83	0	9	2	20	0
LMRP	0	0	8	0	0	5	0	0	1	38	2	3	16	0	0	0	4	0	0	0	0	0	0	0	0	0	0	0	56	0	0	0	25	1	110	0	7	0	10	0	0	1	0	0	0	0	0	2	0	6	0	12	0	2	0	0	0	0	2	0	1	0	0	1
LNUA	3	700	104	1	0	83	2	150	0	17	44	0	5	0	6	4	79	0	3	0	0	1174	0	0	0	3	0	33	10	0	86	0	21	7	35	2	286	0	233	12	0	129	0	1	212	4	0	20	0	4	0	4	8	97	1566	0	2	4	25	2	9	0	180	7
LNUC	0	4	0	0	0	0	0	0	0	2	4	0	0	0	0	0	3	0	0	0	0	0	0	0	0	0	0	0	0	0	1	0	0	0	0	0	0	0	26	0	0	0	0	0	0	0	0	0	0	0	0	0	0	0	2	0	2	0	0	0	0	0	0	0
LNUE	0	4	0	0	0	0	0	0	0	0	0	0	0	0	0	0	2	0	0	0	0	10	0	0	0	0	0	0	0	0	0	0	0	0	0	0	0	0	0	0	0	0	0	0	0	0	0	0	0	0	0	0	0	0	10	0	0	0	0	0	0	0	0	0
LNUG	0	0	0	0	0	0	0	0	0	0	0	0	0	0	0	0	0	0	0	0	0	0	0	0	0	0	0	0	0	0	0	0	0	0	0	2	57	0	0	0	0	4	0	0	0	0	0	0	0	0	0	0	0	0	0	0	0	0	0	0	0	0	0	0
LPEB	0	0	0	0	0	0	0	0	0	0	0	0	0	0	0	0	0	0	0	0	0	0	0	0	0	0	0	0	1	0	0	0	0	0	0	0	0	0	0	0	0	0	0	0	0	0	0	0	0	0	0	0	0	0	2	0	0	0	0	0	0	0	0	0
LRFA	0	0	0	6	0	0	0	0	0	0	0	0	0	0	0	0	0	0	0	0	0	0	0	0	0	18	0	0	0	0	2	0	0	0	0	0	0	0	0	0	0	0	6	0	0	0	0	0	0	0	0	0	0	0	5	0	0	0	0	0	0	0	0	0
LSA	0	3	0	1	0	1	0	3	0	15	1	0	2	0	0	0	3	0	0	0	7	6	0	0	0	0	0	1	4	0	0	0	0	0	3	0	4	0	34	0	0	0	0	0	7	0	0	1	4	0	0	0	0	1	5	1	8	0	0	0	0	0	0	0
LSAC	0	11	16	7	0	32	0	28	12	69	28	0	80	0	5	1	16	0	0	0	25	2	0	0	0	49	0	31	6	0	7	2	29	0	22	3	151	2	15	1	0	12	0	0	5	7	0	1	0	20	0	10	0	12	55	0	14	0	92	0	5	0	14	0
LSAE	0	2	0	0	0	1	0	0	0	9	0	0	0	0	0	0	2	0	0	0	7	0	0	0	0	0	0	0	1	0	0	0	0	0	4	0	0	0	25	0	0	0	0	0	0	0	0	0	0	0	0	0	0	0	0	0	0	0	0	0	0	0	0	0
MACA	0	13	6	0	0	4	0	17	0	146	3	3	31	0	3	3	4	0	0	0	375	0	0	0	0	7	0	8	1	0	3	2	18	0	16	0	15	0	2	1	0	11	0	0	5	2	0	1	0	84	4	8	6	11	287	0	8	0	21	0	1	3	3	0
MACB	1	36	50	14	2	20	0	184	2	433	15	126	518	400	275	5	49	0	0	0	860	0	0	0	0	72	0	40	11	1	8	0	37	7	67	1	34	0	126	0	1	17	3	3	1	1	3	16	8	219	2	16	12	39	950	2	53	1	121	0	10	1	8	1
MAJOR_FACILITATOR_SUPERFAMILY_TRANSPORTER	3	552	283	48	41	686	7	478	4	177	78	4	196	6	95	20	979	0	8	0	101	271	40	1	1	291	1	1047	92	9	786	0	331	20	562	39	3514	1	504	9	6	1152	15	5	144	308	12	251	11	338	6	117	92	399	616	20	993	3	286	9	73	22	314	15
MARA	0	0	1	0	0	0	0	0	0	0	0	0	4	0	0	0	0	0	0	0	0	1	0	0	0	0	0	0	0	0	0	0	3	0	0	0	0	0	1	0	0	2	0	0	0	0	0	0	0	0	0	0	0	0	0	0	3	0	2	0	0	0	0	0
MARR	4	305	170	23	18	232	1	187	6	25	60	3	91	0	44	4	398	0	2	0	26	167	17	1	2	95	0	433	33	4	344	1	158	5	186	21	1546	0	237	2	1	526	0	1	106	125	2	100	4	185	2	44	36	185	330	10	512	5	90	1	29	5	152	11
MCR-2	0	0	0	0	0	0	0	0	0	0	0	0	0	0	0	0	0	0	0	0	0	0	0	0	0	0	0	0	0	0	0	0	0	0	0	0	0	0	0	0	0	2	0	0	0	0	0	0	0	0	0	0	0	0	0	0	0	0	0	0	1	0	0	0
MCR-3	0	0	0	0	0	0	0	0	0	0	0	0	1	0	0	0	0	0	0	0	0	0	0	0	0	0	0	0	0	0	0	0	0	0	0	0	0	0	0	0	0	0	0	0	0	0	0	0	0	0	0	0	0	0	0	0	0	0	0	0	0	0	0	0
MCR-4	0	0	1	0	0	0	0	0	0	0	0	0	0	0	0	0	0	0	0	0	0	0	0	0	0	0	0	0	0	0	0	0	2	0	1	0	0	0	0	0	0	0	0	0	0	0	0	0	0	0	0	0	0	0	0	0	0	0	0	0	0	0	0	0
MDFA	0	0	1	1	0	1	0	6	0	7	0	1	16	0	0	1	5	0	1	0	0	0	1	1	0	0	0	3	0	0	7	0	5	0	2	0	5	0	1	0	0	4	0	0	0	0	0	2	0	0	4	2	0	6	1	0	9	0	4	0	0	0	0	0
MDSA	0	0	1	0	0	0	0	0	0	0	0	0	0	0	0	0	0	0	0	1	0	0	0	0	0	0	0	0	0	0	0	0	0	0	0	0	0	0	1	0	0	0	0	0	0	0	0	0	0	0	1	0	0	0	0	0	0	0	0	0	0	0	0	0
MDSB	0	0	16	0	0	0	0	0	0	2	0	0	0	2	0	0	0	0	0	0	0	0	0	0	0	2	0	1	6	0	1	0	3	0	0	0	0	0	0	0	0	0	1	1	0	0	0	0	0	1	3	1	0	0	0	0	0	0	0	0	0	1	0	0
MDSC	0	0	0	0	0	0	0	0	0	0	0	0	0	0	0	0	2	0	0	0	0	0	0	0	0	0	0	0	0	0	0	0	0	0	0	0	0	0	0	0	0	0	0	0	0	0	0	0	0	0	0	0	0	0	0	0	0	0	0	0	0	0	0	0
MDTA	0	0	0	0	0	1	0	0	0	5	0	0	20	0	0	1	1	0	0	0	0	0	0	2	0	0	0	0	0	0	0	0	2	0	0	0	0	0	0	0	0	0	0	0	0	0	0	2	0	0	0	0	0	0	0	0	2	0	0	0	0	0	0	0
MDTB	0	2	8	5	0	1	0	1	0	36	1	61	166	931	692	1	5	0	0	2	4	0	0	2	0	4	0	4	0	0	1	0	8	0	10	0	0	0	1	3	0	1	3	0	6	0	0	3	0	0	0	4	1	0	0	0	3	0	13	0	0	2	3	0
MDTC	0	0	10	2	0	0	0	0	1	9	0	18	67	373	236	0	0	0	0	0	1	0	0	0	0	3	0	0	0	0	0	0	3	0	12	0	1	0	0	1	0	0	1	0	2	1	1	2	2	0	0	0	0	0	0	0	0	0	1	0	1	0	0	2
MDTD	0	1	0	2	0	0	0	0	0	23	0	0	42	0	0	0	8	0	0	0	4	0	0	0	0	0	0	0	0	0	0	0	7	0	7	0	0	0	0	0	0	0	0	0	0	0	1	1	0	0	0	0	0	0	1	0	7	0	0	0	0	0	0	0
MDTE	0	0	0	0	0	0	0	0	0	7	0	0	14	0	0	0	0	0	0	0	1	0	0	0	0	0	0	0	0	0	0	0	2	0	0	0	0	0	0	0	0	3	1	0	0	0	0	0	0	0	0	0	3	1	0	2	12	0	2	0	0	0	1	0
MDTF	0	0	1	1	0	0	0	0	0	2	0	13	32	0	0	0	2	0	0	0	0	0	0	0	0	0	0	0	0	0	0	0	0	1	4	0	1	0	0	0	0	1	1	0	0	0	0	0	1	3	0	0	2	1	2	0	20	0	5	0	0	0	4	0
MDTG	3	32	73	3	13	24	6	957	0	63	67	1	185	0	6	3	51	0	0	1	92	3	0	0	0	57	0	76	33	0	17	1	70	0	103	17	63	0	6	0	0	31	0	0	4	3	0	10	0	108	1	32	6	37	20	0	17	3	114	0	16	2	32	0
MDTH	0	1	0	5	0	1	1	0	0	43	1	0	61	0	1	1	11	0	0	0	0	0	0	0	0	0	0	0	0	0	0	0	6	0	2	0	1	0	0	0	0	1	0	1	1	0	0	3	0	1	0	0	0	1	0	0	6	0	0	2	0	0	0	0
MDTK	1	19	17	12	0	9	2	20	0	221	14	13	108	0	2	2	15	0	0	1	669	1	3	0	1	16	0	24	1	3	12	0	19	0	14	1	7	0	1	0	0	19	0	0	4	2	0	5	0	72	1	8	5	9	499	0	14	4	33	0	2	0	3	1
MDTL	0	3	0	0	0	2	0	5	0	2	0	0	8	0	0	2	3	0	0	0	0	0	0	0	0	1	0	1	0	0	1	0	9	0	7	0	5	0	0	0	0	0	0	0	0	0	0	0	0	3	0	5	0	1	0	1	10	0	2	0	1	0	0	0
MDTM	0	0	0	0	0	0	0	0	0	3	0	0	0	0	0	0	0	0	0	0	1	0	0	0	0	0	0	1	0	0	0	0	3	0	0	0	1	0	0	0	0	0	0	0	0	0	0	0	0	0	0	0	0	1	0	0	2	0	0	0	0	4	0	0
MDTN	0	0	0	0	0	0	1	0	0	0	0	0	0	0	0	0	0	0	0	0	0	0	0	0	0	0	0	0	0	0	0	0	0	3	0	0	0	0	0	0	0	1	0	0	2	0	0	0	0	0	0	0	0	0	0	0	9	0	0	0	0	0	0	0
MDTO	0	0	0	0	0	0	0	0	0	0	0	0	0	0	0	0	0	0	0	0	0	0	0	0	0	0	0	0	0	0	0	0	0	0	0	0	0	0	0	0	0	0	0	0	1	0	0	0	0	0	0	0	1	0	1	0	16	0	0	0	0	0	1	0
MDTP	0	0	2	0	0	0	0	0	0	0	0	0	0	0	0	0	0	0	0	0	0	0	0	0	0	0	0	0	0	0	0	0	0	0	0	0	0	0	0	1	0	0	0	0	0	0	0	0	0	0	0	0	0	1	0	0	13	0	3	0	0	0	0	0
MECA	0	113	30	6	1	7	0	44	0	9	9	0	1	0	3	0	19	0	0	0	2	98	0	0	0	3	0	41	0	0	19	0	14	0	9	9	106	0	23	0	0	48	0	1	33	13	0	10	0	5	0	0	2	21	155	1	46	0	1	0	10	1	13	0
MECI	0	16	6	0	0	2	0	16	0	0	0	0	1	0	0	0	6	0	0	0	0	0	0	0	0	0	0	3	0	0	0	0	2	0	6	1	15	0	1	0	0	11	0	0	5	1	0	4	0	0	1	0	0	1	7	0	0	0	0	0	0	0	1	0
MECR1	0	108	17	2	0	8	0	22	1	5	13	0	3	0	2	0	19	0	0	1	0	57	0	0	0	3	0	29	0	0	19	0	12	0	13	4	91	0	13	0	0	22	0	1	37	2	0	11	0	1	0	0	1	16	102	0	23	0	9	0	2	0	13	6
MEFA	10	67	95	4	1	32	0	1013	0	140	171	0	280	0	5	5	44	0	2	7	148	2	0	0	0	75	1	101	97	0	15	0	58	1	93	20	156	0	87	3	1	35	0	0	17	25	0	9	20	279	2	36	9	42	1383	0	24	10	262	0	5	7	89	0
MEFE	0	1	2	0	0	1	0	2	0	0	0	0	2	0	0	0	1	0	0	0	0	0	0	0	0	0	0	4	0	0	0	0	2	0	0	9	40	0	0	0	0	4	0	0	0	0	0	0	0	4	0	0	0	0	0	0	0	0	9	0	0	0	0	0
MEL	4	109	132	5	1	20	0	1290	3	167	232	1	334	0	10	3	86	0	0	3	197	10	2	0	1	85	0	163	88	1	19	1	82	6	135	24	219	1	28	3	0	50	0	0	11	25	0	8	2	321	0	66	7	69	1517	3	24	29	346	1	9	4	95	0
MEPA	0	79	42	4	8	66	1	61	0	9	18	0	86	0	15	4	177	0	1	0	14	0	2	0	1	16	0	46	5	0	261	0	21	0	46	14	2067	0	67	1	0	233	2	0	46	59	0	35	1	43	0	13	32	86	9	3	219	0	32	6	11	22	20	1
MEPR	0	1	0	0	0	3	0	2	0	1	0	0	19	0	4	0	49	0	0	0	4	0	1	0	0	0	0	0	0	0	0	0	0	0	9	0	0	0	0	3	0	1	0	0	0	0	0	2	0	4	0	8	4	7	1	0	7	0	1	0	0	6	0	0
METALLO-BETA-LACTAMASE	0	0	0	0	0	0	0	0	0	0	0	0	0	0	0	0	0	0	0	0	0	1	0	0	1	2	0	0	0	0	2	0	1	0	6	0	4	0	3	0	0	0	0	0	0	0	0	0	0	0	0	1	0	0	0	0	0	0	0	0	0	0	0	0
MEXA	0	1	2	1	0	0	0	2	0	3	0	94	217	0	0	0	2	0	0	0	0	0	0	0	0	0	0	1	0	0	0	0	0	0	32	0	2	0	0	0	0	0	0	0	0	0	0	1	0	0	0	2	0	0	0	0	0	0	2	0	0	0	0	0
MEXB	0	37	15	15	0	9	2	21	0	27	3	806	1857	140	90	6	17	0	0	0	2	6	0	2	0	14	0	6	7	0	12	2	20	4	241	0	24	0	3	0	0	6	4	1	3	0	1	12	3	39	5	13	4	9	1	0	6	0	5	0	3	2	5	2
MEXC	0	0	0	1	0	0	0	0	0	0	0	2	16	0	0	0	0	0	0	0	0	0	0	0	0	0	0	0	0	0	0	0	0	0	1	0	0	1	0	0	0	0	0	0	0	0	0	0	0	0	0	0	0	0	0	0	0	0	0	0	0	0	0	0
MEXD	0	5	6	0	1	0	0	1	1	6	0	58	132	385	253	2	1	0	0	0	5	1	0	0	1	1	0	1	0	1	1	0	1	0	20	0	2	0	0	1	0	1	0	0	0	0	0	4	0	2	1	7	1	1	5	0	0	0	3	2	1	0	1	0
MEXE	0	8	3	7	1	1	0	3	0	16	1	180	505	0	0	1	7	0	0	0	3	2	0	0	0	3	0	1	0	0	1	0	2	0	82	0	7	0	12	0	0	5	1	0	2	0	0	4	0	19	1	4	1	3	0	0	0	0	2	0	1	0	0	0
MEXF	4	21	24	8	0	3	1	19	1	16	6	936	2165	4541	3124	6	5	0	0	0	4	3	2	0	1	24	0	9	0	0	11	1	14	4	386	1	24	0	6	6	4	8	8	2	3	1	2	12	1	44	14	15	7	8	3	4	2	0	8	0	4	4	2	2
MEXG	0	0	0	0	0	0	0	0	1	0	0	0	0	0	0	0	0	0	0	0	0	0	0	0	0	0	0	0	0	0	0	0	0	0	0	0	0	0	0	0	0	0	0	0	0	0	0	0	0	0	0	0	0	0	0	0	0	0	0	0	0	0	0	0
MEXH	0	0	0	0	0	0	0	0	0	0	0	0	0	0	0	0	0	0	0	0	0	0	0	0	0	0	0	0	0	0	0	0	0	0	0	0	0	0	0	0	0	0	0	0	0	0	0	0	0	0	0	0	0	0	0	1	0	0	0	0	0	0	0	0
MEXI	0	0	2	1	0	1	0	0	0	0	0	0	5	1	0	0	0	0	0	0	0	0	1	0	0	0	0	1	0	0	0	0	1	0	0	1	0	1	0	0	0	2	0	0	0	0	0	1	0	0	1	1	0	0	0	0	0	0	0	0	0	0	0	0
MEXJ	0	1	0	0	0	0	0	1	0	0	0	70	157	0	0	0	0	0	0	0	0	0	0	0	0	0	0	0	0	0	1	0	0	0	21	0	0	0	0	0	0	3	0	0	0	0	0	0	0	2	1	0	0	0	0	0	1	0	0	0	0	0	0	0
MEXK	0	12	9	1	0	4	2	12	0	10	3	824	2028	1	1	3	7	0	0	0	0	1	0	0	0	9	0	5	7	0	9	0	8	3	278	0	15	2	5	2	1	11	0	2	0	0	1	14	2	22	8	3	0	8	3	0	1	0	9	0	0	2	3	1
MEXL	0	0	0	0	0	0	0	0	0	0	0	2	10	0	0	0	1	0	0	0	0	0	0	0	0	0	0	0	0	0	0	1	0	0	4	0	0	0	0	0	0	0	0	0	0	0	0	0	0	0	0	0	0	0	0	0	0	0	0	0	0	0	0	0
MEXM	0	0	0	0	0	0	0	0	0	0	0	0	0	0	0	0	0	0	0	0	0	0	0	0	0	0	0	0	0	0	0	0	0	0	0	0	0	0	0	0	0	0	0	0	0	0	0	0	0	0	0	0	0	0	0	1	0	0	0	0	0	0	0	0
MEXN	0	1	2	1	0	0	0	0	1	1	1	266	739	88	84	2	1	0	0	0	0	0	0	0	0	0	0	1	0	0	0	0	1	0	74	0	0	0	0	1	0	3	1	0	3	0	0	0	0	3	0	3	0	0	0	0	0	1	1	0	0	1	2	4
MEXQ	0	0	8	0	0	0	2	0	1	1	0	0	0	8	1	0	0	0	0	0	0	0	0	0	0	0	0	0	0	0	0	0	0	0	0	0	0	0	0	0	0	0	0	0	0	0	0	0	0	0	0	0	0	0	0	1	0	0	0	0	0	0	0	0
MEXS	0	0	0	0	0	0	0	0	0	0	0	0	0	0	0	0	0	0	0	0	0	0	0	0	0	0	0	0	0	0	0	1	0	0	1	0	0	0	0	0	3	0	0	0	0	0	0	0	0	0	0	0	0	0	0	2	0	0	1	0	0	0	0	0
MEXT	0	8	8	0	4	2	0	24	0	9	0	412	951	0	0	1	5	0	0	0	1	0	1	3	0	6	0	1	8	3	4	2	7	0	110	0	5	0	1	0	0	8	0	1	2	3	0	1	0	16	1	8	3	3	0	0	1	0	0	0	0	0	1	0
MEXV	0	0	0	0	0	0	0	0	0	0	0	0	5	0	1	0	0	0	0	0	0	0	0	0	0	1	0	0	0	0	0	0	0	1	0	0	1	0	0	0	0	0	0	0	0	0	0	0	0	0	0	0	0	0	0	0	0	0	0	0	0	0	0	0
MEXW	0	3	13	0	3	1	1	1	0	2	0	1096	2637	0	0	2	1	0	0	0	0	1	0	0	1	12	1	2	1	0	1	0	1	6	434	0	0	0	0	0	0	7	2	0	0	0	1	3	0	1	1	3	1	1	14	1	0	0	0	0	0	0	0	0
MEXX	0	3	3	0	0	0	0	2	0	2	0	0	7	0	0	0	2	0	0	1	0	0	0	0	0	0	0	3	0	0	0	0	7	0	0	0	0	0	0	0	0	1	0	0	1	0	0	0	0	0	0	1	0	1	1	0	10	0	2	0	0	0	0	4
MEXY	0	1	1	0	0	1	1	0	0	4	0	61	146	9	7	0	0	0	0	0	1	0	0	0	1	2	0	0	0	0	0	1	0	0	23	0	0	1	0	1	0	1	0	1	0	0	0	0	0	1	0	4	0	0	1	1	1	0	0	0	0	1	0	1
MGRB	0	0	0	0	0	0	0	0	0	0	0	0	0	0	0	0	0	0	0	0	0	0	0	0	0	0	0	0	0	0	0	0	0	0	0	0	0	0	0	0	0	0	0	0	0	0	0	0	0	0	0	0	2	0	0	0	1	0	0	0	0	0	0	0
MGTA	0	0	0	0	0	0	0	0	0	0	0	0	0	0	0	0	0	0	0	0	0	0	0	0	0	0	0	0	0	0	0	0	0	0	0	0	0	0	0	0	0	0	0	0	0	0	0	0	0	0	1	0	0	0	0	0	0	0	0	0	0	0	0	0
MOX	0	0	0	0	0	0	0	0	0	0	0	0	0	0	0	0	0	0	0	0	0	0	0	0	0	0	0	0	0	0	0	0	0	0	0	0	0	0	0	0	0	0	0	0	0	0	0	0	0	0	0	0	0	0	0	0	0	0	0	0	0	0	0	4
MPHA	0	0	0	0	0	0	0	0	0	0	0	0	0	0	0	0	0	0	0	0	0	0	0	0	0	0	0	0	0	0	0	0	0	0	0	0	0	0	2	0	0	1	0	0	0	0	0	0	0	0	0	0	0	0	0	0	0	0	0	0	0	0	0	0
MPHC	3	751	157	8	1	77	2	242	1	51	72	1	21	3	40	15	406	1	6	1	11	4	7	0	0	21	0	166	39	0	463	1	65	1	63	46	3418	2	225	8	2	477	0	3	281	75	0	80	20	1042	0	34	53	260	112	13	657	0	140	2	20	0	149	2
MPHD	0	0	0	0	0	0	0	0	2	0	0	1	0	0	0	0	0	0	0	0	0	0	0	0	0	0	0	0	0	0	0	0	0	0	0	0	1	0	0	0	0	0	0	0	0	0	0	0	0	0	0	0	0	0	0	0	0	0	2	0	0	0	0	0
MPHE	0	0	0	0	0	0	0	0	0	0	0	0	0	0	0	0	0	0	0	0	0	0	0	0	0	0	0	0	0	0	0	0	0	0	0	0	0	0	0	0	0	0	0	0	0	0	4	0	0	0	0	0	0	0	0	0	0	0	0	0	0	0	0	0
MRX	0	0	0	0	0	0	0	0	0	0	0	0	0	0	0	0	0	0	0	0	0	0	0	0	0	0	0	1	0	0	0	0	0	0	0	0	0	0	2	0	0	0	0	0	0	0	0	0	0	0	0	0	0	0	0	0	0	0	0	0	0	0	0	0
MSBA	0	13	3	8	0	5	2	61	0	82	4	72	293	206	148	0	11	4	5	0	12	0	0	0	0	12	0	4	13	0	3	0	14	0	16	0	6	0	2	0	0	2	0	0	2	0	0	6	0	7	0	3	0	0	191	0	17	1	22	0	1	0	2	4
MSRA	2	1331	413	16	14	209	2	535	3	92	172	0	94	2	81	14	730	0	15	1	14	640	14	0	0	36	2	338	43	4	853	1	141	9	183	101	6455	2	420	15	3	1001	0	6	548	154	1	187	36	1767	1	107	92	418	1147	24	1105	0	234	7	63	1	339	38
MSRC	0	0	0	0	0	0	0	0	0	0	0	0	0	0	0	0	0	0	0	0	0	0	0	0	0	0	0	0	0	0	0	0	2	0	0	0	0	0	0	0	0	0	0	0	0	0	0	0	0	0	0	0	0	0	0	0	0	0	0	0	0	0	0	0
MSRE	0	5	5	0	0	0	0	21	0	4	5	0	8	0	1	0	3	0	0	0	5	0	0	0	0	0	0	5	1	0	0	0	0	0	11	0	1	0	9	0	0	0	0	0	0	0	0	0	0	9	0	0	0	0	54	0	2	0	5	0	0	0	3	0
MTRA	0	66	11	21	0	11	1	32	0	12	3	1	10	0	7	0	30	0	0	0	2	9	4	0	3	74	0	19	0	3	32	0	8	1	30	3	186	0	30	0	0	56	16	0	21	8	31	7	0	7	0	5	4	16	32	0	79	0	9	0	2	12	13	1
MTRC	0	5	3	0	0	6	0	2	0	113	5	0	12	0	0	0	2	0	0	1	405	0	0	0	0	4	0	8	0	0	4	0	3	0	5	0	4	0	0	0	0	4	0	0	1	1	0	0	1	52	3	1	2	2	257	0	2	1	11	0	0	0	3	0
MTRD	0	7	21	5	1	16	0	12	1	510	34	0	36	196	143	0	14	0	0	0	1463	0	0	2	0	62	0	26	4	0	8	0	18	0	23	0	20	0	1	2	0	20	1	0	8	1	0	0	3	255	1	29	2	17	1333	0	8	9	74	1	2	0	13	0
MTRE	0	2	7	3	0	5	0	2	0	130	8	0	11	0	1	1	6	0	0	0	404	1	0	0	0	8	0	6	1	0	0	0	3	0	14	0	4	0	0	0	0	2	0	0	2	0	0	0	0	74	0	9	0	5	359	0	5	0	19	0	0	0	1	0
MTRR	0	5	2	0	0	2	0	1	0	48	1	0	9	0	1	0	3	0	1	0	155	0	0	0	0	3	0	4	0	0	0	0	1	0	1	0	2	0	0	0	0	1	0	0	0	1	0	0	0	30	0	1	1	0	132	0	1	0	9	0	1	0	0	0
MULTIDRUG_ABC_TRANSPORTER	4	704	354	53	60	548	6	505	2	176	98	6	216	769	620	29	1058	2	10	6	74	338	32	0	1	265	1	1277	69	14	796	0	401	6	444	72	3854	3	710	16	1	1174	26	9	283	296	18	280	10	394	3	155	70	436	633	19	1215	7	267	11	66	23	295	8
MUXA	0	1	0	0	0	0	0	2	0	0	0	17	41	1	0	0	0	0	0	0	0	0	0	0	0	2	0	0	0	0	0	0	1	0	3	0	0	0	0	0	0	0	0	0	0	1	0	1	0	0	0	0	0	1	0	0	0	0	1	0	0	0	0	0
MUXB	0	0	16	4	0	2	2	1	0	10	1	181	406	416	270	0	1	0	0	0	2	1	0	0	0	2	0	1	0	0	4	0	3	8	77	1	3	0	1	0	0	5	1	0	3	0	0	1	2	3	0	1	0	3	0	0	0	0	16	0	0	0	1	0
MUXC	0	0	0	0	0	1	1	0	0	2	0	59	150	86	85	0	0	0	0	0	0	0	0	2	0	1	0	2	0	0	0	0	0	0	33	0	0	0	0	0	0	1	1	0	1	0	0	0	0	1	0	0	0	0	0	0	0	0	1	0	0	0	0	0
MVAT	0	0	0	0	0	0	0	1	0	2	3	154	307	1	0	0	0	0	0	0	0	0	0	0	0	5	0	0	0	0	1	0	3	2	38	0	0	0	0	0	0	0	0	0	0	0	0	0	0	7	0	1	0	0	0	0	0	0	0	0	0	0	0	0
MYRA	0	0	1	0	0	0	0	0	0	0	0	0	0	0	0	0	0	0	0	0	0	0	0	0	0	0	0	0	0	0	0	0	0	0	0	0	0	0	0	0	0	0	0	0	0	0	0	0	0	0	0	0	0	0	0	0	0	0	0	0	0	0	0	0
NORA	1	554	213	25	16	322	4	360	0	87	68	2	142	4	61	16	839	0	9	0	42	351	26	0	2	148	1	840	17	1	741	2	241	5	346	52	3087	0	510	15	4	974	11	1	219	178	2	156	16	351	2	72	72	287	460	15	927	8	176	2	39	20	291	3
NORB	0	44	24	0	4	16	0	22	1	4	8	0	3	0	4	1	75	0	0	0	7	10	0	0	0	3	0	28	1	2	35	0	18	0	14	2	98	1	8	0	0	30	0	0	28	5	0	7	0	12	5	1	2	17	51	1	44	0	9	0	4	7	37	0
OKP-B-12	0	0	0	0	0	0	0	0	0	0	0	0	1	0	0	0	0	0	0	0	0	0	0	0	0	0	0	0	0	0	0	0	0	0	0	0	0	0	0	0	0	0	0	0	0	0	0	0	0	0	0	0	0	0	0	0	0	0	0	0	0	0	0	0
OLEC	0	0	0	1	0	0	0	0	0	0	0	0	0	0	0	0	0	0	0	0	0	0	0	0	0	0	0	0	1	0	0	0	0	0	0	0	4	0	0	0	0	0	0	0	0	0	0	0	0	0	0	0	0	0	0	0	0	0	1	0	0	0	0	0
OMP36	0	0	0	0	0	0	0	0	0	0	0	0	1	0	0	0	0	0	0	0	0	0	0	0	0	0	0	0	0	0	0	0	0	0	0	0	1	0	0	0	0	0	0	0	0	0	0	1	0	0	0	0	0	1	0	0	0	0	0	0	0	0	0	0
OMPF	0	0	0	0	0	1	0	2	1	13	0	0	25	0	0	0	3	0	0	0	1	0	0	0	0	1	0	1	0	0	0	0	11	0	4	0	0	0	0	0	0	0	0	1	0	0	0	6	0	2	0	0	0	3	0	0	19	0	3	0	1	0	0	0
OMPR	0	3	17	6	2	2	0	9	0	56	2	50	260	106	65	2	21	0	0	0	11	0	0	0	0	5	0	1	1	0	2	0	12	0	17	0	9	0	1	1	0	4	0	4	2	1	0	6	0	6	1	5	0	1	6	0	8	0	3	0	1	1	2	0
OPCM	0	0	0	3	0	0	0	0	0	0	0	0	0	0	0	0	0	0	0	0	0	0	0	0	0	0	0	0	0	0	1	0	1	0	2	0	0	0	0	1	0	0	0	0	0	0	0	0	0	2	0	0	0	0	0	0	0	0	0	0	0	0	0	0
OPMB	0	0	0	0	1	0	0	0	0	2	0	18	32	0	0	0	0	0	0	0	0	1	0	0	0	0	0	0	0	0	0	0	0	0	5	0	0	0	0	0	0	0	0	0	0	0	0	0	0	0	0	1	0	0	0	0	0	0	0	0	0	0	0	0
OPMD	0	0	0	0	0	0	0	0	0	0	0	0	0	0	0	0	0	0	0	0	0	0	1	0	0	0	0	0	0	0	0	0	0	0	0	0	0	0	0	0	0	0	0	0	0	0	0	0	0	0	2	0	0	0	0	0	0	0	0	0	0	0	0	0
OPME	0	0	0	0	0	0	0	0	0	0	0	0	0	0	0	0	0	0	0	0	0	0	0	0	0	0	0	0	0	0	0	0	0	0	0	0	0	0	0	0	0	0	0	0	0	0	0	0	0	0	0	0	1	0	0	0	0	0	0	0	0	0	0	0
OPMH	0	5	3	0	0	0	0	2	0	1	4	218	552	0	1	0	5	0	0	0	0	0	0	0	0	1	0	6	0	0	0	0	3	0	58	0	4	0	0	3	0	3	0	0	2	0	0	0	0	5	1	3	0	0	0	0	0	0	0	0	1	0	0	0
OPRA	1	0	0	1	0	0	0	0	3	0	0	8	12	0	0	0	0	0	0	0	0	0	0	0	0	0	0	0	0	0	0	0	0	0	0	0	0	0	0	0	0	0	0	0	0	0	0	0	0	0	0	0	0	1	0	0	0	0	0	0	0	0	0	1
OPRC	0	0	1	0	0	0	0	0	0	0	0	0	0	0	0	0	0	0	0	0	2	0	0	0	0	0	0	1	0	0	0	0	0	0	0	0	0	0	0	5	0	0	0	0	0	0	0	0	0	0	0	0	0	0	0	0	0	0	0	0	0	0	0	1
OPRJ	0	0	0	0	0	0	0	0	0	0	0	0	0	0	0	0	1	0	0	0	0	0	1	0	0	0	0	0	0	0	0	0	0	0	0	0	0	0	0	0	0	0	0	0	0	0	0	0	0	0	1	0	0	0	0	0	0	0	0	0	0	0	0	0
OPRM	1	2	1	1	0	4	2	3	0	5	0	184	416	1	0	2	1	0	0	1	0	0	0	0	2	14	0	0	0	0	5	1	7	0	39	0	6	0	2	0	0	1	1	2	1	0	0	1	0	5	2	5	0	0	0	0	0	0	0	0	1	0	0	3
OPRN	3	1	0	0	0	1	0	1	0	2	0	192	542	0	0	1	1	0	0	0	0	0	0	0	0	3	0	2	2	0	1	0	6	2	62	0	4	0	0	0	0	5	0	0	0	0	0	0	0	8	0	2	2	0	0	0	0	0	1	0	0	0	0	0
OPTRA	0	1	0	0	0	1	0	0	0	1	0	0	0	0	0	0	0	0	0	0	0	0	0	0	0	0	0	0	0	0	0	0	0	0	0	0	0	0	0	0	0	0	0	0	0	0	0	0	0	0	0	0	0	0	1	0	1	0	0	0	0	0	0	0
OQXA	0	2	1	1	0	0	2	0	2	5	2	0	14	0	0	0	1	0	0	1	3	0	0	0	0	5	0	0	2	0	0	0	1	0	0	0	0	0	0	0	0	0	0	0	0	0	0	1	0	0	0	0	0	0	0	0	1	0	0	0	0	0	0	0
OQXB	1	3	3	8	0	1	1	6	0	14	3	0	71	122	94	1	7	0	0	0	18	2	0	0	0	3	0	3	3	0	3	0	27	0	14	0	4	0	12	0	0	7	3	1	0	0	3	12	0	6	1	2	2	2	0	0	1	0	1	0	1	0	7	0
OXA	4	6	6	0	0	1	0	3	0	22	0	0	5	0	0	0	0	0	0	0	0	4	0	0	0	2	0	1	1	0	1	0	8	0	3	0	4	0	1	5	1	4	0	2	7	0	0	1	0	2	0	2	2	2	0	0	0	0	1	0	0	0	1	1
OXY	0	0	0	0	0	0	0	0	0	0	0	0	2	0	0	0	0	0	0	0	0	0	0	0	0	0	0	0	0	0	0	0	0	0	0	0	0	0	0	0	0	0	0	0	0	0	0	1	0	0	0	0	0	0	0	0	0	0	0	0	0	0	0	0
PATA	0	0	4	0	1	0	0	0	0	25	0	0	40	0	0	2	6	0	0	0	0	0	0	0	0	0	0	0	0	0	0	0	13	0	1	0	1	0	2	0	0	1	0	0	0	0	0	1	0	0	0	0	0	1	0	0	7	0	0	2	0	0	3	0
PATB	18	81	86	6	15	48	3	985	1	79	97	0	252	0	7	4	34	0	0	1	97	0	1	0	0	68	1	107	82	0	17	0	91	0	84	11	88	2	4	1	1	36	1	0	13	7	0	5	3	161	3	43	5	43	164	0	22	13	191	2	11	0	36	0
PBP-1A	26	116	198	23	30	57	1	2266	11	414	252	0	552	0	9	5	114	0	1	0	310	1	3	1	0	196	0	179	185	0	30	0	148	4	187	11	182	0	24	3	1	82	2	1	11	14	0	24	3	319	12	93	10	89	1365	0	53	19	411	3	31	1	115	1
PBP-1B	9	60	198	9	32	42	1	1252	0	143	127	1	335	0	5	1	59	0	3	1	127	4	2	0	0	71	0	135	141	1	24	4	86	0	109	18	124	0	12	4	0	33	0	0	13	12	5	11	4	209	1	57	7	34	216	1	22	14	266	0	28	0	101	0
PBP-2X	24	112	228	19	30	57	2	1818	2	143	202	1	395	0	6	6	94	0	0	0	133	0	0	1	0	80	0	166	174	0	35	0	166	1	224	26	188	1	23	5	1	54	0	0	27	13	0	18	3	249	6	53	14	46	230	1	32	2	328	1	38	1	154	0
PDC	0	0	0	0	0	0	0	0	0	1	0	0	2	0	0	1	0	0	0	0	0	0	0	0	0	0	0	0	0	0	0	0	0	0	2	0	0	0	0	0	0	0	0	0	0	0	0	0	0	0	1	0	0	0	0	0	0	0	0	0	0	0	0	0
PENA	0	22	60	4	0	27	10	5	0	259	51	0	105	0	6	0	14	0	0	0	676	0	0	0	0	27	0	51	135	2	7	1	105	0	55	0	22	0	3	1	0	15	0	0	3	15	0	1	1	307	4	30	7	16	838	0	8	4	37	1	25	0	17	0
PGPB	0	0	0	0	0	0	0	0	1	0	0	0	0	0	0	0	0	0	0	0	0	0	0	0	0	0	0	0	0	0	0	0	0	0	0	0	0	0	0	0	0	0	0	0	0	0	0	0	0	0	0	0	0	0	0	0	0	0	0	0	0	0	0	0
PMRF	0	0	2	1	0	0	0	4	0	10	0	2	22	0	0	0	6	0	0	0	3	0	0	0	1	0	0	0	6	0	1	0	1	0	3	0	0	0	0	0	0	0	0	0	1	0	0	0	0	1	0	0	0	0	1	0	7	0	0	0	0	0	0	0
PORIN_OMPC	0	0	0	0	0	0	0	0	0	0	0	0	1	0	0	0	0	0	0	0	0	0	0	0	0	0	0	0	0	0	0	0	0	0	0	0	1	0	0	0	0	0	0	0	0	0	0	0	0	0	0	0	0	0	0	0	1	0	0	0	0	0	0	0
POXTA	0	0	0	0	0	0	0	0	0	0	0	0	0	0	0	0	0	0	0	0	0	0	0	0	0	0	0	0	0	0	0	0	0	0	0	0	0	0	2	0	0	0	0	0	0	0	0	0	0	0	0	0	0	0	1	0	0	0	0	0	0	0	0	0
PUROMYCIN_RESISTANCE_PROTEIN	0	0	0	0	0	0	0	0	0	0	0	0	0	0	0	0	0	0	0	0	0	0	0	0	0	1	0	0	0	0	0	0	0	0	0	0	5	0	0	0	0	0	0	0	0	0	0	0	0	0	0	0	0	0	0	0	0	0	0	0	0	0	0	0
PVRR	0	0	1	0	0	0	0	0	0	0	1	0	0	0	0	0	0	0	0	0	0	0	0	0	0	0	0	0	0	0	0	0	0	0	0	0	0	0	0	0	0	0	0	0	0	0	0	0	0	0	0	0	0	0	0	0	0	0	0	0	0	0	0	0
QACA	1	306	115	3	2	39	0	147	0	10	24	0	10	0	4	1	129	0	0	0	6	45	4	0	0	2	0	149	3	0	84	0	54	0	71	9	545	0	44	8	2	289	3	1	140	18	0	48	0	14	0	4	8	50	70	3	324	0	40	0	7	0	37	0
QACB	8	1271	373	13	7	138	3	426	2	88	134	2	57	5	61	27	724	0	13	0	18	1255	6	0	0	49	0	387	20	5	868	0	197	0	202	80	6989	0	338	23	3	1123	2	10	581	67	9	166	0	78	1	37	29	270	2262	19	716	1	105	5	40	1	267	13
QACG	0	28	20	1	0	7	0	19	0	1	2	0	0	0	1	0	2	0	1	0	2	105	0	0	0	1	0	6	9	2	139	0	4	0	9	8	1091	1	3	0	0	37	0	0	9	2	0	23	0	0	0	0	1	13	139	1	58	0	2	0	1	0	26	0
QACH	0	0	0	0	0	0	0	0	0	0	0	0	0	0	0	0	0	0	0	0	0	0	0	0	0	0	0	0	0	0	3	0	0	0	0	0	0	0	1	0	0	0	0	0	0	0	0	0	0	0	0	1	0	0	0	0	0	0	0	0	0	0	0	0
QEPA	0	0	0	0	0	0	0	0	0	0	0	0	0	0	0	0	0	0	0	0	0	0	0	0	0	1	0	0	0	0	0	0	0	0	0	0	0	0	0	0	0	0	0	0	0	0	0	0	0	0	0	0	0	0	0	0	0	0	0	0	0	0	0	0
QNRD2	0	0	0	0	0	0	0	0	0	0	0	0	1	0	0	0	0	0	0	0	0	0	0	0	0	0	0	0	0	0	0	0	0	0	1	0	0	0	0	0	0	0	0	0	0	0	0	0	0	0	0	0	0	0	0	0	0	0	0	0	0	0	0	0
RAMA	0	0	0	0	0	0	0	1	0	2	0	0	3	0	0	0	0	0	0	0	0	0	0	0	0	0	0	0	0	0	0	1	2	0	0	0	0	0	0	0	0	1	0	0	0	0	0	0	0	0	0	0	0	1	0	0	0	0	0	0	0	3	0	0
RBPA	1	9	3	18	2	11	0	16	0	9	2	1	0	0	2	1	19	0	2	0	2	3	0	0	0	8	0	51	0	0	20	0	13	4	13	0	49	0	14	0	0	19	4	0	8	1	0	2	1	0	0	1	1	16	5	0	39	0	7	0	3	1	0	0
RIFAMPIN_MONOOXYGENASE	0	0	0	3	0	0	0	0	0	0	0	0	0	12	6	0	0	0	0	0	0	0	0	0	0	1	0	0	0	0	0	0	0	0	1	0	7	0	0	0	0	0	4	0	0	0	3	2	0	0	0	0	0	0	0	0	0	0	0	0	0	2	0	0
RLMA(II)	7	58	128	10	20	30	0	1004	4	80	100	4	213	0	2	0	36	0	1	0	74	0	0	0	0	55	0	60	57	0	20	0	70	1	67	10	101	1	9	1	0	27	1	0	13	4	0	6	1	119	2	23	11	20	73	1	16	9	165	0	11	0	42	1
RMTD	0	0	0	0	0	1	0	0	0	0	0	0	0	0	0	0	0	0	0	0	0	0	0	0	0	0	0	0	0	0	0	0	0	0	0	0	0	0	0	0	0	0	0	0	0	0	0	0	0	0	0	0	0	0	0	0	0	0	0	0	0	0	0	0
ROSA	0	0	3	3	0	1	0	3	3	4	0	6	43	0	1	0	1	0	0	0	0	0	0	0	1	0	0	4	0	0	1	1	0	0	1	0	2	1	1	0	0	1	1	2	0	1	0	3	0	2	0	2	0	0	1	0	5	0	2	0	1	0	0	1
ROSB	0	1	14	4	0	2	0	1	0	52	0	2	123	0	0	1	9	0	0	0	3	0	1	0	0	1	0	0	2	0	2	0	2	0	6	0	1	0	7	2	0	2	3	1	2	0	1	4	0	1	0	1	0	2	1	0	3	0	3	0	0	2	0	0
RPHA	0	1	0	1	0	0	0	0	0	0	0	0	1	0	0	0	0	0	0	0	0	0	0	0	0	1	0	1	0	0	0	1	1	0	0	0	0	0	0	0	0	0	1	0	0	0	7	1	0	0	0	0	0	0	2	0	1	0	0	0	0	0	0	0
RPHB	0	0	3	1	0	0	0	0	0	2	0	0	1	0	0	1	0	0	0	0	0	1	0	0	0	0	0	0	0	0	0	0	1	0	0	0	1	0	2	2	0	1	0	0	0	0	0	2	2	0	1	0	0	0	1	0	0	0	2	0	0	0	0	3
RPOB2	35	3174	1848	476	77	1138	13	1194	55	1516	332	126	1147	1189	1052	70	1892	0	25	86	778	6029	158	13	9	1588	3	2778	211	58	1328	11	1190	26	1308	121	4067	9	2811	105	8	2228	220	36	612	526	206	604	80	736	50	459	250	832	3670	86	1763	13	719	35	723	206	3652	167
RPSD_(RAMA_OR_SUD2)	0	0	0	0	0	0	0	0	0	0	0	32	146	0	0	0	0	0	0	0	0	0	0	0	0	0	0	0	0	0	0	0	0	0	15	0	0	0	0	0	0	1	0	0	0	0	0	0	0	0	3	0	0	0	0	0	0	0	1	0	0	0	0	0
SALA	0	0	0	0	0	0	0	0	0	0	0	0	0	0	0	0	0	0	0	0	0	0	0	0	0	0	0	1	0	0	0	0	0	0	0	0	0	0	0	0	0	0	0	0	0	0	0	0	0	0	0	0	0	0	0	0	0	0	0	0	0	0	0	0
SAT-4	0	1	0	0	0	1	0	0	0	1	0	0	0	0	0	0	2	0	0	0	0	0	1	0	0	1	0	0	0	0	0	0	0	0	0	0	0	0	11	0	0	3	0	0	0	5	0	1	0	0	0	0	3	5	2	0	0	0	3	0	1	0	0	0
SDEY	0	0	0	0	0	0	0	0	0	0	0	0	1	0	0	0	0	0	0	0	0	0	0	0	0	0	0	0	0	0	0	0	0	0	0	0	0	0	0	0	0	0	0	0	0	0	0	0	0	0	0	0	0	0	0	0	0	0	0	0	0	0	0	0
SDIA	0	2	3	0	0	1	0	2	0	3	0	0	3	0	0	0	0	0	0	0	0	0	0	0	0	0	0	0	0	0	0	0	1	0	0	0	0	0	0	0	0	1	0	0	0	0	0	1	0	1	1	0	2	1	0	0	8	0	0	2	0	0	0	0
SERRATIA_MARCESCENS_OMP1	0	0	0	0	0	0	0	0	0	2	0	1	15	0	0	0	1	0	0	1	0	0	0	0	0	1	0	0	0	0	0	0	1	0	1	0	0	0	0	2	0	0	0	0	0	0	0	0	0	0	0	0	1	0	0	0	2	0	0	0	0	0	0	0
SHV	0	0	0	0	0	0	0	1	4	0	0	0	0	0	0	0	0	0	0	0	0	0	0	0	0	0	0	0	0	1	0	0	0	0	0	0	0	0	0	0	0	0	0	0	0	0	0	0	0	0	0	0	0	0	0	0	0	0	0	0	0	0	0	0
SMEB	0	3	1	0	0	0	0	0	0	1	0	0	0	0	2	1	1	0	0	0	0	0	0	0	0	2	0	0	4	0	0	0	1	0	33	2	8	0	23	0	0	1	0	0	0	0	0	2	0	0	0	2	0	0	0	0	0	0	1	0	0	0	0	0
SMEC	0	0	0	0	0	0	0	0	0	0	0	1	0	0	0	0	0	0	0	0	0	0	0	0	0	2	0	0	0	0	0	0	1	0	2	0	0	0	6	0	0	0	0	0	0	0	0	0	0	0	0	0	0	0	0	0	0	0	0	0	0	0	0	0
SMED	1	0	0	0	0	0	0	0	0	0	0	6	42	0	0	0	0	0	0	0	0	0	0	0	0	1	0	2	0	0	0	1	0	0	26	0	1	0	4	0	0	0	0	0	0	0	0	0	0	0	1	1	0	0	1	0	0	0	0	0	0	0	0	0
SMEE	0	0	2	2	0	1	0	0	0	0	0	6	11	0	0	0	4	0	0	0	1	0	0	0	0	7	0	1	2	0	0	1	6	0	32	0	5	0	16	0	0	1	3	2	0	0	0	6	0	0	2	2	6	0	0	0	0	0	0	0	0	0	0	0
SMEF	0	0	0	2	0	0	0	0	0	1	0	1	0	0	0	0	1	0	0	0	0	0	1	0	0	0	0	0	0	0	0	0	2	0	15	0	1	0	2	0	0	0	0	0	0	0	0	0	0	0	0	1	0	0	0	0	0	1	2	0	0	0	0	0
SMER	0	4	5	0	0	6	0	7	0	15	1	1	4	0	1	0	18	0	0	0	6	3	0	0	0	5	0	16	1	0	14	0	5	0	13	0	57	0	10	0	0	14	0	0	0	1	0	4	1	3	0	1	2	6	12	0	4	4	15	0	2	0	1	0
SMES	0	0	0	0	0	0	0	0	0	0	0	0	0	0	0	0	0	0	0	0	0	0	0	0	0	2	0	0	0	0	0	0	0	0	16	0	7	0	6	1	0	0	0	0	0	0	0	0	2	0	0	0	0	0	0	0	0	0	0	0	0	0	0	0
SRMB	0	0	0	0	0	0	0	0	0	0	0	0	0	0	0	0	0	0	0	0	0	0	0	0	0	1	0	0	0	0	0	0	0	0	0	0	0	0	0	0	0	0	1	0	0	0	0	0	0	0	0	0	0	0	0	0	0	0	0	0	0	0	0	0
STAPHYLOCOCCUS_MUPA_CONFERRING_RESISTANCE_TO_MUPIROCIN	0	17	41	1	2	5	0	8	0	7	15	1	5	0	2	0	3	0	0	0	0	31	0	0	0	10	0	53	0	0	25	0	26	0	38	1	18	0	8	0	0	28	0	0	9	7	1	2	1	16	0	0	0	6	11	0	6	0	2	0	18	0	35	0
STREPTOMYCIN_RESISTANCE_PROTEIN	0	1	0	0	0	0	0	1	0	4	0	0	0	0	0	0	10	0	1	0	0	0	0	0	0	0	0	0	0	0	0	0	1	0	0	0	3	0	0	0	0	1	0	0	0	0	0	8	0	0	0	0	0	0	0	0	0	0	0	0	0	0	0	0
SUL1	0	0	0	0	0	3	0	0	0	0	0	0	0	0	0	4	0	1	0	0	0	1	6	0	0	0	0	6	0	0	0	0	1	0	4	0	0	0	0	0	0	2	0	0	0	6	2	1	0	0	0	4	2	5	5	0	6	0	1	0	0	0	0	3
SUL2	0	0	0	0	0	0	0	4	0	2	0	0	3	0	0	0	1	0	0	0	0	0	0	0	0	0	0	0	0	0	0	0	0	0	0	0	0	0	0	0	0	1	0	0	0	0	0	0	0	0	1	1	0	6	0	0	2	1	0	0	0	0	0	0
TAEA	1	14	8	0	1	1	0	4	1	2	1	0	6	0	0	1	3	0	0	0	2	29	0	0	0	1	0	6	3	0	5	0	2	0	4	1	8	0	15	0	0	3	1	0	5	1	0	2	0	4	0	1	1	1	28	0	5	0	3	0	5	0	8	3
TAP	0	0	0	4	0	0	0	0	0	0	0	0	0	0	0	0	0	0	0	0	0	0	1	0	0	0	0	0	0	0	0	0	0	0	0	0	0	0	0	0	0	0	12	0	0	0	0	0	0	0	0	0	0	0	0	0	0	0	0	0	0	0	0	0
TCMA	0	0	0	0	0	0	0	0	0	0	0	0	0	0	0	0	0	0	0	0	0	0	0	0	0	0	0	0	0	0	0	0	0	0	0	0	0	0	0	0	0	0	0	0	0	0	5	0	0	0	0	0	0	0	0	0	0	0	0	0	0	0	0	0
TCR3	0	0	0	0	0	0	0	0	0	0	0	0	0	0	0	0	0	0	0	0	0	1	0	0	0	0	0	0	0	0	0	0	0	0	0	0	0	0	0	0	0	0	0	0	0	0	0	0	0	0	0	0	0	0	0	0	0	0	0	0	0	0	0	0
TEM	2	2	4	0	0	0	0	2	0	0	0	0	0	0	0	2	0	0	0	0	0	0	0	7	0	0	0	5	2	0	2	0	0	0	0	0	0	4	1	0	0	1	0	1	1	0	0	0	0	0	0	0	0	3	0	0	0	0	0	0	0	1	0	0
TET(33)	0	0	0	0	0	0	0	0	0	0	0	0	0	0	0	0	0	0	0	0	0	0	0	0	0	0	0	4	0	0	0	0	0	0	0	0	2	0	0	0	0	0	0	0	0	0	0	0	0	0	0	0	0	0	0	0	0	0	0	0	0	0	0	0
TET(38)	0	5	0	0	0	1	0	4	2	0	1	0	0	0	0	0	26	0	0	0	2	0	0	0	0	0	0	5	0	0	0	0	0	0	4	0	2	0	0	0	0	2	0	0	0	0	0	4	0	2	0	0	0	1	0	0	1	0	0	0	0	0	1	0
TET(40)	0	0	0	0	0	0	0	1	0	0	0	0	0	0	0	0	1	0	0	0	0	0	0	0	0	0	0	0	0	0	0	0	0	0	0	0	0	0	50	0	0	0	0	0	0	0	0	0	0	0	0	0	0	0	0	0	2	0	0	0	0	0	0	0
TET(42)	0	0	2	87	0	0	0	0	0	0	0	0	0	0	0	0	3	0	0	0	0	0	0	0	1	506	0	0	0	0	0	0	1	0	2	0	0	0	0	0	0	0	96	0	0	0	6	0	0	0	0	0	0	0	0	0	0	0	0	0	0	0	0	0
TET(K)	0	344	70	4	0	72	0	39	0	6	40	4	26	0	26	7	302	0	0	1	9	10	8	0	0	27	0	196	65	1	70	0	67	2	100	1	248	0	29	10	0	203	0	1	106	57	1	76	1	26	0	18	18	95	38	3	23	0	38	6	11	0	56	6
TET(W/N/W)	0	1	0	0	0	0	0	0	0	4	1	0	3	0	0	0	0	0	0	0	0	0	0	0	0	0	0	0	0	0	0	0	0	0	1	0	0	0	9	0	0	0	0	0	1	0	0	0	0	1	0	0	0	0	5	0	1	0	3	0	0	0	0	0
TET32	0	7	2	0	0	16	0	13	3	106	6	0	1	0	1	1	25	0	0	0	3	0	0	0	0	3	0	2	0	0	1	0	0	0	5	0	1	0	328	0	0	2	0	0	0	0	0	14	0	4	0	2	0	5	18	0	12	0	4	0	0	0	1	0
TET34	0	0	0	0	0	0	0	0	0	2	0	0	4	0	0	0	0	0	0	0	0	0	0	0	0	0	0	0	0	0	0	0	0	0	0	0	1	0	0	0	0	0	0	0	0	0	0	0	0	0	0	0	0	0	0	0	0	0	0	0	0	0	0	0
TET35	0	0	0	0	1	1	0	7	0	5	1	0	3	0	0	0	0	0	0	0	20	0	0	0	0	3	0	4	0	0	0	0	1	0	0	0	4	0	5	0	0	0	0	0	0	0	3	1	0	3	0	0	0	3	92	0	3	0	3	0	0	0	1	0
TET37	0	1	0	0	0	0	0	1	0	0	3	0	0	0	0	0	0	0	0	0	0	0	0	0	0	2	0	0	1	0	1	0	1	0	3	0	2	0	3	0	0	2	0	0	0	0	0	0	0	0	0	0	0	0	0	0	0	0	2	0	0	1	0	0
TET39	0	0	0	0	0	0	0	0	0	0	1	0	0	0	0	0	0	0	0	0	0	0	0	0	0	0	0	0	0	0	0	0	0	0	0	0	0	0	0	0	0	0	0	0	0	0	0	0	0	0	0	0	0	0	0	0	0	0	0	0	0	0	0	0
TET40	0	2	0	0	0	0	0	0	0	4	0	0	0	0	0	0	1	0	0	0	0	0	0	0	0	0	0	0	0	0	0	0	0	0	1	0	0	0	306	0	0	0	0	0	0	0	0	3	0	0	0	0	0	0	4	0	11	0	0	0	0	0	0	0
TET41	0	0	3	1	0	0	0	0	0	0	0	0	0	0	0	0	0	0	0	0	0	0	0	0	0	0	0	0	0	0	0	0	0	0	0	0	0	0	0	0	0	0	0	0	0	0	0	0	0	0	0	0	0	0	0	0	0	0	0	0	0	0	0	0
TET43	0	0	0	1	0	0	0	1	0	0	0	0	0	0	0	0	0	0	0	0	0	0	0	0	0	0	0	0	0	0	0	0	0	0	0	0	39	0	0	0	0	0	2	0	0	0	6	0	0	0	4	0	0	0	0	0	0	0	0	0	0	0	0	0
TET44	0	1	0	0	0	0	0	0	0	1	0	0	0	0	0	0	2	0	0	0	0	0	0	0	0	0	0	0	0	0	0	0	0	0	0	0	0	0	9	0	0	0	0	0	0	0	0	1	0	0	0	0	0	3	0	0	2	0	0	0	0	0	0	0
TETA	0	58	25	4	1	25	1	81	2	69	5	0	26	0	9	1	29	0	0	3	5	27	1	0	0	19	0	7	6	0	29	1	9	3	3	1	210	0	26	0	0	50	1	0	48	2	3	18	0	6	0	7	14	37	32	2	68	0	96	3	7	0	12	3
TETA(46)	0	4	2	2	0	1	0	2	1	36	32	0	23	0	1	0	3	0	0	4	16	0	0	0	0	0	1	12	6	0	0	0	3	0	10	0	7	0	6	0	0	4	0	0	1	7	0	0	0	103	0	3	0	2	248	0	1	0	73	0	0	1	21	0
TETA(48)	0	4	2	14	0	0	0	3	0	0	0	0	2	0	0	0	4	0	0	0	0	0	0	0	0	18	0	3	1	0	1	0	2	0	3	1	77	0	0	0	0	3	19	0	2	0	10	1	0	2	0	1	0	1	0	0	1	0	0	0	0	1	0	0
TETA(60)	0	6	6	1	0	2	0	21	5	6	15	0	21	0	0	0	2	0	0	1	5	0	0	0	0	1	0	18	0	0	0	0	5	0	6	0	21	0	1	0	0	4	0	0	0	1	0	1	0	25	0	1	1	1	81	0	3	1	13	0	2	0	0	0
TETB	0	81	22	14	2	58	1	133	0	15	16	0	18	3	21	3	189	0	2	0	20	14	3	0	0	52	0	60	0	0	62	0	20	0	24	11	289	0	54	0	1	98	1	0	60	11	0	38	1	24	1	9	12	33	30	1	61	0	13	0	2	3	25	2
TETB(46)	0	4	5	1	0	1	0	1	1	40	35	0	30	0	0	0	3	0	0	0	27	1	0	0	0	0	1	9	11	2	0	0	6	0	6	0	8	0	1	0	0	6	0	0	4	4	0	1	2	109	2	3	0	2	269	0	3	0	103	0	1	2	2	0
TETB(48)	0	0	0	1	0	1	0	0	0	0	0	0	1	0	0	0	0	0	0	0	0	0	0	0	0	6	0	0	0	0	0	0	0	0	0	0	33	0	0	0	0	0	10	0	0	0	7	0	0	0	0	0	0	0	0	0	0	0	0	0	0	0	2	0
TETB(60)	0	1	11	0	0	2	1	40	1	1	7	0	48	0	1	0	3	0	0	0	13	1	1	0	0	9	0	32	0	0	1	0	2	1	9	0	29	0	8	0	0	1	0	0	1	2	0	0	0	19	0	6	0	5	71	0	3	2	28	0	0	0	13	0
TETC	0	0	0	0	0	0	0	2	0	4	1	0	0	0	0	0	2	0	0	0	0	0	0	0	0	11	0	0	0	0	0	0	0	0	0	0	0	0	0	0	0	1	0	0	0	0	0	0	0	1	0	0	0	2	2	1	11	0	0	0	1	0	2	0
TETD	0	0	0	0	0	0	0	0	0	4	0	0	1	0	0	0	1	0	0	0	0	0	0	0	0	7	0	0	0	0	0	0	0	0	2	0	0	0	0	0	0	0	0	0	0	0	0	0	0	1	0	0	0	2	0	0	4	0	0	0	0	0	0	0
TETL	0	11	1	0	0	0	0	3	0	0	0	0	0	0	0	0	1	0	0	0	0	0	0	0	0	0	0	6	0	0	2	0	2	0	0	0	0	0	44	0	0	8	0	0	1	2	0	7	0	1	0	0	0	3	1	0	3	0	0	0	0	0	3	0
TETM	4	244	161	8	9	195	0	2592	2	254	116	2	228	0	1	7	216	0	1	1	64	3	3	2	0	128	0	77	88	1	38	1	43	1	115	31	234	2	1870	6	0	72	1	1	18	7	1	59	0	271	4	46	15	101	3431	10	181	8	385	1	27	4	105	3
TETO	0	41	8	0	0	20	0	17	0	37	9	0	1	0	0	2	41	0	0	0	0	0	0	0	0	0	0	0	4	0	0	0	0	0	13	0	3	0	536	0	0	1	0	0	0	1	0	11	0	1	0	2	0	4	8	0	22	0	21	0	1	0	4	0
TETP	0	12	1	0	2	4	9	17	7	1	1	0	0	0	0	29	5	0	0	0	0	35	0	0	0	0	0	0	1	0	0	0	0	0	0	0	0	0	0	0	0	0	0	0	1	0	6	8	0	0	0	0	2	1	4	23	9	0	0	0	0	0	4	0
TETQ	3	54	7	1	3	8	0	72	4	256	4	0	7	0	1	3	49	0	0	3	24	1	0	0	0	8	0	22	7	0	17	0	21	1	16	0	14	0	349	1	0	12	0	0	2	4	8	27	0	8	4	3	5	6	9	1	47	0	9	0	9	0	2	1
TETR	0	3	0	0	0	3	0	1	2	8	0	0	1	0	0	0	0	0	0	0	2	3	0	0	0	10	0	1	0	0	4	0	0	0	4	0	4	0	0	0	0	0	0	0	2	0	0	1	0	1	2	2	0	2	1	0	8	0	1	0	0	0	0	0
TETS	0	2	20	0	0	0	0	0	0	0	0	0	0	0	0	0	0	0	0	0	0	12	0	12	0	0	0	0	6	0	0	0	0	0	3	0	0	0	0	1	0	0	0	0	0	0	0	13	0	0	0	2	0	1	1	0	0	0	0	0	0	0	16	0
TETT	0	0	0	0	0	0	0	0	0	0	0	0	0	0	0	0	0	0	0	0	0	0	0	0	0	0	0	0	0	0	0	0	0	0	0	0	0	0	1	0	0	0	0	0	0	0	0	0	0	0	0	0	0	0	0	0	1	0	0	0	0	0	0	0
TETV	0	0	0	4	0	0	0	0	0	0	0	0	0	0	0	0	0	0	0	0	0	0	0	0	0	0	0	0	0	0	0	0	1	0	0	0	0	0	0	0	0	0	6	0	0	0	0	2	0	0	0	0	0	0	0	0	0	0	0	0	0	0	1	0
TETW	0	121	18	0	0	66	0	50	5	206	15	0	43	0	2	2	90	0	0	0	3	11	0	0	0	13	0	6	0	0	2	0	1	0	12	0	15	2	985	0	0	7	0	0	4	4	0	31	0	28	0	5	1	12	78	2	86	0	9	0	4	0	0	0
TETX	0	13	0	0	0	0	0	0	0	4	0	0	0	0	0	0	5	0	0	0	0	0	0	0	0	1	0	1	0	0	1	0	1	0	0	0	2	0	18	0	0	2	0	0	0	0	2	0	0	0	0	0	0	2	1	0	1	0	3	0	1	0	0	0
TOLC	0	1	8	2	1	1	2	6	1	60	0	0	136	0	1	0	11	0	0	0	5	2	0	0	1	1	0	8	2	0	9	0	10	0	8	0	7	0	0	0	0	5	0	1	5	0	0	5	0	4	0	1	0	4	0	0	12	0	2	0	0	1	4	0
TRANSCRIPTIONAL_REGULATORY_PROTEIN_CPXR_CPXR	0	3	3	5	0	3	0	64	0	48	3	2	95	191	152	0	22	0	0	0	18	7	0	0	0	5	0	4	4	1	0	0	14	1	6	0	2	0	2	0	0	1	1	0	3	1	0	3	0	12	0	7	1	5	70	0	9	0	10	0	1	0	2	0
TRIA	0	0	0	0	0	0	1	0	0	0	0	31	79	0	0	0	1	0	0	0	0	0	0	0	0	0	0	0	0	0	0	0	0	0	6	0	0	0	0	0	0	0	0	0	0	0	0	0	0	0	0	0	0	0	0	0	0	0	0	0	0	0	0	0
TRIC	3	4	3	2	0	0	0	11	1	15	2	747	1953	1324	845	3	8	0	0	0	1	0	0	0	0	5	0	5	0	0	11	0	10	0	186	0	8	0	5	0	0	5	4	0	1	0	0	6	2	22	0	5	1	7	0	1	0	1	2	0	1	0	1	0
TRUNCATED_PUTATIVE_RESPONSE_REGULATOR_ARLR	2	194	172	24	11	249	1	220	4	55	49	1	137	11	27	13	424	0	2	1	35	128	22	0	0	112	0	455	24	3	430	3	177	0	169	25	1579	0	274	15	1	490	0	0	89	117	6	120	12	188	3	93	36	173	248	3	553	1	99	7	21	0	160	4
TYPE_A_NFXB	0	0	0	0	0	0	0	0	0	0	0	0	0	0	0	0	0	0	0	0	0	0	0	0	0	1	0	0	0	0	0	0	0	0	0	0	0	0	0	0	0	0	0	0	0	0	0	0	0	0	0	0	0	0	0	0	0	0	0	0	0	0	0	0
UGD	2	250	181	25	1	53	1	74	5	177	26	2	146	2	7	14	113	0	3	6	60	638	14	1	1	55	0	160	12	5	43	0	60	0	81	7	134	1	371	14	0	81	3	2	35	36	4	46	2	32	8	23	20	32	241	5	48	0	48	2	96	20	381	22
VANA	0	2	1	0	0	0	0	1	0	1	1	0	0	0	0	0	1	0	0	0	0	0	0	0	0	0	0	1	0	0	0	0	0	0	0	0	0	0	1	0	0	1	0	0	0	1	0	0	0	0	0	0	0	0	0	0	1	0	0	0	0	0	0	0
VANB	0	0	0	0	0	0	0	0	0	0	0	0	0	0	0	0	1	0	0	0	0	0	0	0	0	1	0	0	0	0	0	0	0	0	0	0	0	0	1	0	0	0	0	0	0	0	0	1	0	1	0	0	0	0	0	0	0	0	0	0	0	0	0	0
VAND	0	5	0	0	0	1	0	3	0	6	0	0	0	0	0	2	1	0	0	0	0	0	0	0	0	3	0	1	0	0	1	0	0	0	0	2	7	0	21	0	0	0	0	0	0	0	0	1	0	0	0	0	0	1	0	1	6	0	0	0	0	0	0	0
VANE	0	1	0	0	0	0	0	0	0	0	0	0	0	0	0	0	0	0	0	0	0	0	0	0	0	0	0	0	0	0	0	0	0	0	0	0	0	0	1	0	0	0	0	0	0	0	0	0	0	0	0	0	0	0	0	0	0	0	0	0	0	0	0	0
VANG	0	2	0	0	0	3	0	0	0	1	0	0	0	0	0	0	1	0	0	0	0	0	0	0	0	0	0	0	0	0	0	0	0	0	0	0	0	0	14	0	0	0	0	0	0	0	0	0	0	0	0	0	0	0	1	0	0	0	0	0	0	0	0	0
VANH	0	0	0	0	0	0	0	0	0	0	0	0	0	0	0	0	0	0	0	0	0	0	0	0	0	0	0	0	0	0	0	0	0	0	0	0	0	0	9	0	0	0	0	0	0	0	0	0	0	0	0	0	0	0	0	0	0	0	0	0	0	0	0	0
VANI	0	0	0	0	0	0	0	0	0	0	0	0	0	0	0	0	0	0	0	0	0	0	0	0	0	0	0	0	0	0	0	0	0	0	0	0	0	0	0	0	0	0	0	0	0	0	1	0	0	0	0	0	0	0	0	0	0	0	0	0	0	0	0	0
VANN	0	0	0	0	0	0	0	0	0	0	0	0	0	0	0	0	0	0	0	0	0	0	0	0	0	0	0	0	0	0	0	0	0	0	0	0	0	0	0	0	0	0	0	0	0	0	0	0	0	0	0	2	0	0	0	0	0	0	0	0	0	0	0	0
VANR	0	27	4	49	5	8	0	18	0	54	3	1	7	0	0	3	27	0	0	0	1	5	0	0	0	380	0	5	0	0	3	0	3	0	6	0	104	2	362	0	0	3	70	0	1	1	13	11	1	2	1	4	1	2	24	4	21	0	0	2	0	0	0	0
VANRI	0	5	0	0	0	1	0	5	0	1	0	0	0	0	0	0	3	0	0	0	0	0	0	0	0	0	0	1	0	0	0	0	0	0	0	0	0	0	55	0	0	0	0	0	0	0	0	0	0	0	0	0	0	0	1	1	1	0	0	0	1	0	0	0
VANS	0	3	2	2	0	14	0	4	0	27	0	0	1	0	0	1	27	0	0	0	0	0	10	0	0	15	0	20	0	0	1	0	12	1	7	0	6	0	113	0	0	19	2	0	0	8	2	4	0	3	0	11	1	12	0	7	12	0	3	0	2	0	1	0
VANSD	0	1	0	0	0	2	0	4	0	7	0	0	0	0	0	0	3	0	0	0	0	0	0	0	0	0	0	0	0	0	0	0	0	0	3	0	0	0	20	0	0	0	0	0	0	0	0	0	0	0	0	0	0	0	0	0	0	0	1	0	0	0	0	0
VANTG	0	0	0	0	0	1	0	0	0	0	0	0	0	0	0	0	0	0	0	0	0	0	0	0	0	0	0	0	0	0	0	0	0	0	0	0	0	0	0	0	0	0	0	0	0	0	0	0	0	0	0	0	0	0	0	0	0	0	0	0	0	0	0	0
VANU	0	1	2	0	0	3	0	6	0	4	0	0	0	0	0	0	4	0	0	0	0	0	0	0	0	0	0	0	0	0	2	0	0	0	0	0	0	0	60	0	0	0	0	0	0	0	0	4	0	0	0	0	0	0	0	0	2	0	0	0	0	0	0	0
VANVB	0	0	0	0	0	0	0	0	0	4	0	0	0	0	0	0	0	0	0	0	0	0	0	0	0	0	0	0	0	0	0	0	0	0	0	0	0	0	28	0	0	0	0	0	0	0	3	0	0	0	0	0	0	0	0	1	2	0	0	0	0	0	0	0
VANW	0	2	0	0	0	0	0	0	0	0	0	0	0	0	0	0	1	0	0	0	0	0	0	0	0	0	0	0	0	0	0	0	0	0	0	0	0	0	0	0	0	0	0	0	0	0	0	0	0	0	0	0	0	0	0	0	0	0	0	0	0	0	0	0
VANX	0	0	0	0	0	0	2	0	0	0	0	0	0	0	0	0	0	0	0	0	0	0	0	0	0	0	0	0	0	0	0	0	0	0	0	0	0	0	11	0	0	0	0	0	0	0	0	0	0	0	0	0	0	0	0	0	0	0	0	0	0	0	0	0
VANY	0	0	0	0	0	0	0	0	0	0	0	0	0	0	0	0	1	0	0	0	0	0	0	0	0	0	0	0	0	0	0	0	0	0	0	0	0	0	13	0	0	0	0	0	1	0	0	0	0	0	0	0	0	0	0	0	0	0	0	0	0	0	1	0
VANYG1	0	1	0	0	0	0	0	0	0	1	0	0	0	0	0	0	0	0	0	0	0	0	0	0	0	0	0	0	0	0	0	0	0	0	0	0	0	0	0	0	0	0	0	0	0	0	0	0	0	0	0	0	0	0	0	0	0	0	0	0	0	0	0	0
VATB	0	2	0	1	0	1	0	1	0	0	0	0	0	0	0	0	0	0	0	0	0	11	0	0	0	0	0	0	1	0	0	0	0	0	0	0	0	0	8	0	0	0	0	0	0	0	0	0	0	0	0	0	0	0	12	0	1	0	0	0	0	0	4	0
VATF	0	0	1	1	0	0	0	0	0	8	0	0	15	0	0	0	0	0	0	0	0	0	0	0	0	0	0	0	0	0	3	0	0	0	0	0	0	0	0	0	0	0	0	0	0	0	0	0	0	0	0	0	0	0	0	0	0	0	0	0	0	0	0	0
VATG	0	1	1	0	0	0	0	0	0	0	0	0	0	0	0	0	0	0	0	0	0	0	0	0	0	0	0	0	0	0	0	0	0	0	0	0	1	0	0	0	0	0	0	0	0	0	0	0	0	0	0	0	0	0	0	0	0	0	0	0	0	0	0	0
VGAA	6	611	230	28	16	180	3	221	6	77	71	0	110	1	55	38	1419	0	3	0	18	140	16	0	0	207	0	1006	32	3	177	0	181	2	197	4	355	0	1734	9	0	326	0	1	84	90	0	228	0	83	0	31	31	189	437	11	472	8	214	7	35	3	236	5
VGAB	0	2	0	0	0	0	0	0	0	0	0	0	0	0	0	0	0	0	0	0	0	33	0	0	0	0	0	0	0	0	0	0	0	0	0	0	0	0	0	0	0	0	0	0	3	0	0	0	0	0	0	0	0	0	26	0	0	0	0	0	0	0	4	0
VGAC	0	0	2	0	0	0	0	0	0	0	0	0	6	0	0	0	1	0	0	0	0	0	0	0	0	2	0	0	0	0	0	0	0	0	0	0	0	0	0	0	0	0	0	0	1	0	0	2	0	0	0	0	0	0	0	0	0	0	0	0	0	0	0	0
VGAD	0	1	0	0	0	0	0	0	0	0	0	0	0	0	0	0	0	0	0	0	0	1	0	0	0	0	0	0	0	0	0	0	0	0	0	0	0	0	0	0	0	0	0	0	0	0	0	0	0	0	0	0	0	0	1	0	0	0	0	0	0	0	0	0
VGAE	0	4	0	0	0	0	0	0	0	0	0	0	0	0	0	0	0	0	0	0	0	0	0	0	0	0	0	0	0	0	0	0	0	0	0	0	1	0	0	0	0	0	0	0	2	0	0	0	0	0	0	0	0	0	0	0	0	0	0	0	0	0	0	0
YKKD	0	4	0	0	0	0	0	0	0	0	0	0	0	0	0	0	1	0	0	0	0	0	0	0	0	0	0	0	2	0	1	0	0	0	0	0	2	0	0	0	0	0	0	0	4	0	0	0	0	0	0	0	0	0	2	0	1	0	0	0	1	0	0	0
YOJI	0	2	5	0	0	1	0	0	0	11	0	2	35	0	0	0	1	0	0	0	4	0	0	0	1	1	0	1	0	0	0	0	7	0	2	0	1	0	0	0	0	0	0	0	3	0	0	1	0	1	0	1	0	2	0	0	12	0	0	0	0	1	0	0
