ARG-category	SRR17140442	SRR17140443	SRR17140444	SRR17140445	SRR17140446	SRR17140447	SRR17140448	SRR17140449	SRR17140450	SRR17140451	SRR17140452	SRR17140453	SRR17140454	SRR17140455	SRR17140456	SRR17140457	SRR17140458	SRR17140459	SRR17140460	SRR17140461	SRR17140462	SRR17140463	SRR17140464	SRR17140465	SRR17140466	SRR17140467	SRR17140468	SRR17140469	SRR17140470	SRR17140471	SRR17140472	SRR17140473	SRR17140474	SRR17140475	SRR17140476	SRR17140477	SRR17140478	SRR17140479	SRR17140480	SRR17140481	SRR17140482	SRR17140483	SRR17140484	SRR17140485	SRR17140486	SRR17140487	SRR17140488	SRR17140489	SRR17140490	SRR17140491	SRR17140492	SRR17140493	SRR17140494	SRR17140495	SRR17140496	SRR17140497	SRR17140498	SRR17140499	SRR17140500	SRR17140501	SRR17140502	SRR17140503	SRR17140504	SRR17140505
MLS	1.73459446921	1.8397915667	1.39272791344	0.439549328326	0.316948214693	0.990779668183	0.508251996451	3.16689810037	0.39188331538	0.96240571748	3.89746522427	0.0961078041313	0.754394979025	0.0589001075006	0.163778513896	1.57992808107	1.71667253079	0.0563446783396	1.85085987147	0.252967778406	1.09381276702	0.653579371873	0.404985140447	0.0322857014024	0.11791831357	0.720438199491	0.275102459016	1.34804887078	3.0905535347	0.821624378427	1.87023830431	0.595766810547	1.05718026203	1.65050906064	1.56404835013	1.7377896435	1.60519958043	0.984361574154	0.983967963311	0.384766065145	1.90341160833	0.969663980652	0.035812982206	0.132752387133	3.31629616094	1.30023690354	0.122865722866	1.36094504051	1.28242486868	3.85528043339	0.297510887371	1.20720784011	1.61340459338	2.17915177113	2.13925900377	0.290741064865	1.89071957285	2.70209922164	1.91013780447	1.06346205779	0.706348124639	0.196946774859	0.947802076291	0.760536501935
aminoglycoside	0.130591400301	0.0665250625178	0.0394429620924	0.0567956997275	0.0090272393164	0.0285563062258	0.0512496271995	0.0786104233393	0.0453954667935	0.0700842630829	0.098741286796	0.000245931693846	0.0555040440408	0.0	0.00310348933475	0.0724696356275	0.0708877784523	0.0	0.117410732587	0.0113882173304	0.0203270497388	0.150583491987	0.0198599264961	0.0394338271741	0.0548406862745	0.0390899525521	0.176877470356	0.018203035933	0.0280153861898	0.0220389066732	0.0422475692983	0.315470617393	0.0397917548099	0.107870778899	0.022496693049	0.0334479408028	0.0385699808504	0.350272121323	0.0838358141725	0.112253856767	0.152975109497	0.0527062816225	0.0160043363705	0.0171087727263	0.12545199293	0.0462932643676	0.0107776949882	0.0728252569383	0.0	0.0252643591004	0.021145114253	0.0336568362285	0.0524721516514	0.0671533303112	0.224433195049	0.0393138459078	0.309636837191	0.0442651581892	0.0301881869268	0.0	0.0207825380239	0.065648924953	0.021906240678	0.175490196078
aminoglycoside:aminocoumarin	0.0	0.000173638435789	0.0	0.00130127874263	0.0	0.0	0.0716223819944	0.000394446023698	0.0	0.00445653545946	0.0	0.0	0.0121149417792	0.0	0.0	0.0	0.000778504152113	0.0	0.0	0.0	0.000622710495281	0.0	0.0	0.0	0.0	0.00105753601494	0.0	0.0	0.0	0.0126349968236	0.0	0.0	0.00190995929066	0.0	0.000261887105078	0.0	0.0	0.0	0.0	0.0133623847004	0.0	0.000908979392923	0.00239014432666	0.0	0.0	0.0	0.0	0.00266735834199	0.0	0.000938635809961	0.0	0.0	0.00208204598821	0.000501116138214	0.0	0.0	0.00195050059898	0.0	0.00135604423337	0.0	0.00109142431635	0.0	0.0	0.0
antibacterial_free_fatty_acids	0.0	0.000826591303705	0.00185349271694	0.00351191566171	0.0	0.00155757411747	0.0	0.0	0.0	0.0364897409641	0.00480630458277	0.0	0.000794695266394	0.0	9.55914964155e-05	0.0	0.000875434049005	0.0	0.0	0.0	0.227885284181	0.0	0.0	0.0	0.0	0.00507395232363	0.0	0.00205581608538	0.0	0.0	0.000650639962561	0.0	0.000687284563646	0.0726520009741	0.000706785868231	0.0	7.01253206079e-05	0.0	0.0	0.0	0.0	0.00108178016293	0.0	0.0	0.000821117867112	0.000781941092315	0.0	0.00179967927503	0.0	0.0260650690631	0.0	0.000693114737594	0.00187302168624	0.00315565064202	0.0481664241101	0.0	0.000928519555971	0.0	0.00609952967174	0.0	0.000981852190106	0.0	0.0	0.0
bacitracin	0.130591400301	0.177599045825	0.134017901442	0.0980248986894	0.117122643438	0.264908554443	0.149869178441	0.150548343902	0.04489661551	0.0650530112357	0.183343794597	0.566113138865	0.342652970603	0.418718830294	0.384036911013	0.163919413919	0.281493413419	0.0	0.121281416079	0.0339143615006	0.0588963236022	0.0542988323621	0.202454855086	0.117434804002	0.273199023199	0.125691835445	0.0	0.264305519228	0.111240581061	0.126905352712	0.371084041944	0.391449346673	0.204624503052	0.162229523054	0.292849259669	0.219947777762	0.334444864222	0.456123586558	0.111067336964	0.0782898693346	0.283536283536	0.355299401206	0.0320086727409	0.0329641555093	0.304060246967	0.305558519151	0.0210026876694	0.242233754045	0.0553314477365	0.16341202482	0.0611117038302	0.162508747707	0.233517091989	0.277664230327	0.0930377608566	0.0719783361293	0.288310423885	0.221325790946	0.125985450231	0.256569517439	0.0968329244191	0.206325192709	0.109835456733	0.0532144184318
beta-lactam	0.562500691563	0.295666708605	0.519373724313	0.0816699889258	0.24787745084	0.425190019227	0.207299047619	1.87542871273	0.0490271041369	0.364420261658	1.6096331152	0.0023802908875	0.31976242721	0.00215768585179	0.0248850859281	0.444231129425	0.438706483057	0.0	0.324028552033	0.0376366694701	0.699800281755	0.133566000375	0.333778693472	0.342274393159	0.0710317460317	0.339395045818	0.0532738095238	0.44700132576	1.44652342775	0.0926836845648	0.473438979163	0.274454373398	0.547318206211	0.413912708353	0.39269458816	0.699335735958	0.491758677111	0.590850482232	0.0926802863326	0.215766879886	0.206414414414	0.433882389619	0.026285196833	0.0377253654705	0.39634570471	0.573928065508	0.0204776204776	0.374153961735	0.09264697609	0.706786084219	0.587765411635	0.456104029744	0.392787978388	0.517513870922	0.575862904623	0.036770370066	0.367019658793	0.338362869198	0.74982972591	0.12452173913	0.344354081991	0.139454827108	0.329629803939	0.184640775698
bicyclomycin	0.0	0.0	0.0	0.0	0.0	0.0	0.0	0.0	0.0	0.0	0.0	0.0	0.0	0.0	0.0	0.0	0.0	0.0	0.0	0.0	0.0	0.0	0.0	0.0	0.0	0.0	0.0	0.0	0.0	0.0	0.0	0.0	0.0	0.0	0.0	0.0	0.0	0.0	0.0	0.0	0.0	0.0	0.0	0.0	0.00103763153356	0.0	0.0	0.0	0.0	0.0	0.0	0.0	0.0	0.0	0.0	0.0	0.0	0.0	0.0	0.0	0.0	0.0	0.0	0.0
diaminopyrimidine	0.0	0.110896721491	0.103598237112	0.0517116856854	0.0851139706975	0.141539952598	0.10165039929	0.0806139873525	0.0	0.0232758480568	0.0758261716785	0.00158404451254	0.0218509466859	0.000433324073755	0.00814368301139	0.16091860085	0.190042050847	0.0	0.102825548415	0.0191689869351	0.0194432649676	0.0290581632946	0.12483382369	0.0663761935663	0.0	0.0770468630012	0.0	0.165115347252	0.0362741025199	0.0717291124023	0.287413131288	0.132752387133	0.121440194203	0.13754242172	0.0810272196598	0.19212829599	0.225247756524	0.0	0.0822983168055	0.113787760399	0.0	0.176094996957	0.020353340819	0.00698696774382	0.170996520798	0.217117357707	0.0267099397534	0.11546265295	0.018764577928	0.11367793031	0.0518120967256	0.104974594792	0.135927859516	0.173535584907	0.0765876060385	0.00499239983824	0.194885297114	0.18764577928	0.0702468814742	0.0966783688901	0.105332615078	0.0807359449733	0.0776639728385	0.103123593483
fluoroquinolone	0.275655558883	0.021285612971	0.0329060301115	0.043925551193	0.0497579857745	0.021733841076	0.0632695139912	0.194961295593	0.0105298763181	0.0201041391478	0.137536634359	0.0	0.0388606472511	0.0	0.00114627742912	0.0353794894963	0.0221405912617	0.0	0.0	0.00795414148596	0.032060904631	0.00112802340995	0.00431663350817	0.0	0.0	0.0283734222402	0.115335051546	0.0287268814989	0.10401949184	0.0247819465596	0.0202145179784	0.0	0.0457029486229	0.113560666138	0.0256829199615	0.0609649065353	0.0142953325246	0.160466158673	0.00133700024947	0.00786934253621	0.0997492337699	0.0149313519484	0.0197063703634	0.0	0.0375952163363	0.0102289976368	0.0	0.00980941064074	0.0233589977815	0.0530826078479	0.0573315984386	0.0340012937798	0.0142928435972	0.0299777137017	0.0204975896594	0.00175698191732	0.0151113568937	0.20244464744	0.0664927268937	0.0678222980013	0.0160551795893	0.0325427074338	0.0197986660205	0.0
fluoroquinolone,multidrug	0.0	0.0	0.0	0.0	0.0	0.0	0.0	0.0	0.0	0.0379828448775	0.0	0.0	0.0131404946038	0.0	0.0	0.0	0.0	0.0	0.0	0.0	0.200826105331	0.0	0.0	0.0	0.0	0.0	0.0	0.0	0.0	0.0	0.0	0.0	0.0	0.0	0.0	0.0	0.0	0.0	0.0	0.0	0.0	0.0	0.0	0.0	0.0	0.0	0.0	0.0	0.0	0.0217193197545	0.0	0.0	0.0	0.0	0.0	0.0	0.0026327643106	0.0	0.0	0.0	0.0	0.0	0.0	0.0
fluoroquinolone/multidrug	0.0	0.0	0.0	0.0	0.0	0.0	0.0	0.0	0.0	0.0	0.0	0.006994525664	0.0	0.0	0.0	0.0	0.0	0.0	0.0	0.0	0.0	0.0	0.0	0.0	0.0	0.0	0.0	0.0	0.0	0.0	0.0	0.0	0.0	0.0	0.0	0.0	0.000526087848273	0.0	0.0	0.0	0.0	0.0	0.0	0.0	0.0	0.0	0.0	0.00321461698916	0.0	0.0	0.0	0.0	0.0	0.0	0.0	0.0	0.0	0.0	0.0	0.0	0.0	0.0	0.000768335973147	0.0
fluoroquinolone/multidrug/fluoroquinolone,multidrug	0.0	0.0	0.0	0.0	0.0	0.0	0.0	0.0	0.0	0.0	0.0	0.0	0.0	0.0	0.0	0.0	0.00281468668921	0.0	0.0	0.0	0.0	0.0	0.0	0.0	0.0	0.0	0.0	0.0	0.0	0.0	0.0	0.0	0.0	0.0	0.0	0.0	0.0	0.0	0.0	0.0	0.0	0.0	0.0	0.0	0.0	0.0	0.0	0.0	0.0	0.0	0.0	0.0	0.0	0.0	0.0	0.0	0.0	0.0	0.0	0.0	0.0	0.0	0.0	0.0
fosfomycin	0.0	0.0493750538747	0.0416111972342	0.0171132197232	0.0246463116588	0.0410276560127	0.0	0.038905431546	0.0	0.00234433002011	0.127349782578	0.0	0.012388836682	0.0	0.0031442037526	0.0	0.0211162250324	0.0	0.0	0.0	0.0112603081287	0.00453806252406	0.144591695065	0.0	0.107314148681	0.0173846747779	0.0	0.0286873067349	0.054619925593	0.0415409607798	0.0939261977608	0.0	0.0274324724404	0.0	0.0120543431531	0.0392712513598	0.135574947177	0.0	0.021515123439	0.0878648893252	0.0	0.0545403984304	0.0	0.0	0.0960294391926	0.111451920295	0.0	0.0635800361626	0.0	0.0349748758158	0.0205969075872	0.0253310997624	0.0547623031143	0.100500824353	0.00468535486328	0.00589031347821	0.0442482988399	0.0	0.03789607068	0.0	0.0179417594451	0.140271443964	0.0288208903884	0.0149306641643
fosmidomycin	0.0	0.000146137689053	0.00557726937405	0.0101531480431	0.0	0.00115792339269	0.0	0.000879326013804	0.0149472878466	0.0111269907784	0.0	0.00497621788328	0.0233501959667	0.0	0.000118440195559	0.00433750121159	0.00216936827753	0.0	0.0	0.0	0.000786128995424	0.0	0.00308444530602	0.0	0.0363821138211	0.000296681374356	0.0	0.00092625682605	0.00215106095975	0.0	0.00120923817432	0.0521295959228	0.000642984453651	0.0	0.00204335816864	0.0	0.00026066094782	0.0506185931425	0.000810461289437	0.0112460585785	0.0	0.000759884602255	0.0106565459247	0.00621492710915	0.00153638260218	0.000968844085112	0.00263984057723	0.0052029752049	0.0	0.00104623552476	0.0	0.00257635819535	0.0	0.000843499356037	0.000211793276747	0.0	0.00173927565606	0.0	0.00188936650808	0.0	0.00121653881116	0.00797942734235	0.0	0.00506185931425
fusaric-acid	0.0	0.00931370483048	0.00631505231527	0.00279194547128	0.0	0.000742955541478	0.0	0.0101555962158	0.0	0.00114740096055	0.00859719270439	0.0	0.000270761365076	0.0	0.000227983475019	0.0110575735112	0.00334062345085	0.0	0.0	0.0	0.000668025108787	0.00296145864246	0.0	0.0	0.0	0.0	0.0	0.00757747661687	0.0	0.0	0.0108623272623	0.0	0.00245873632628	0.0	0.00280944617419	0.0427128633725	0.0102020818544	0.0	0.0015600428576	0.0	0.0	0.0141393238197	0.0	0.0	0.0195834683799	0.014919289198	0.0	0.0171687712999	0.0	0.00134258705838	0.0	0.00661224951545	0.0357369020323	0.0150523054098	0.00224222459654	0.32673264669	0.244815297011	0.0	0.0123651498228	0.0	0.0	0.0	0.00398957552254	0.0
fusidic-acid	0.0	0.00484312651185	0.00568354708374	0.00558389094255	0.0	0.00891546649774	0.0	0.00930929653112	0.0	0.00191233493425	0.0	0.0	0.0010830454603	0.0	0.00159588432513	0.0	0.00250546758814	0.0	0.0	0.0	0.00133605021757	0.0	0.00786316338577	0.0	0.0	0.000759896161675	0.0	0.00356587134911	0.00548369061569	0.0	0.00543116363114	0.0	0.00491747265257	0.0	0.00280944617419	0.0	0.0065226424971	0.0	0.000780021428801	0.0	0.0	0.00195025156134	0.0	0.0	0.013708427866	0.0279736672462	0.0	0.0171687712999	0.0	0.00134258705838	0.0	0.00826531189431	0.0670066913107	0.0301046108197	0.000611515799057	0.0	0.0	0.0	0.0138198733314	0.0	0.0	0.0	0.00341963616217	0.0
glycopeptide	0.0	0.0194961535081	0.00704859114316	0.137634377403	0.0249333138324	0.0259201816928	0.081018387553	0.0163168038337	0.0	0.0778924213481	0.021324041293	0.00111367321624	0.0030221224853	0.0	0.00105566261259	0.0368833156717	0.0295202398801	0.0	0.0	0.0	0.000621350865379	0.0555499807804	0.0374687651268	0.0	0.0	0.281393862489	0.0	0.0122768954315	0.00634796794099	0.0	0.00649503473543	0.0	0.01677094385	0.0165132959708	0.0087321927869	0.010609725829	0.0211564111361	0.18125435099	0.261240466289	0.0331880967832	0.0	0.0117909313829	0.175940288422	0.0	0.0127506337793	0.02254995185	0.0609289378864	0.0292768785703	0.0131925635215	0.00437073647171	0.0121422817654	0.0149663164368	0.00831000014508	0.023001011916	0.103116851616	0.0256432886546	0.0120598304681	0.0	0.00598434542043	0.0679703816214	0.0128995063597	0.0	0.00217265474286	0.0
multidrug	1.43583398223	2.98945559347	2.48136685882	4.30102873463	0.275262410974	2.7339688596	1.66181417554	2.13744677656	2.19755327887	1.06021156334	3.03594023422	6.89478995798	4.67549300153	1.25469709619	2.19757471266	2.68582640813	1.96563925607	11.0921406579	6.16818739152	0.882952240457	2.45012272334	0.812679586706	1.43804927915	0.796684955684	1.26542416452	2.24901267682	1.0353470437	3.43537687951	1.66238802553	1.67733642922	0.978335607569	1.4157418038	2.61931984661	2.16319932155	3.23509944942	2.26393548113	4.80622584872	1.28042919414	1.09797509786	1.86137304311	3.48224831515	4.1526693665	1.47068773863	0.292069620777	4.47131811469	3.24052850573	1.19391370805	2.82691726123	0.334983901152	2.15418976798	0.356546296142	2.07400601331	1.23299267724	3.24230053785	0.358285085128	0.435686348865	2.11645319096	0.978555855651	1.69129791915	1.70057002347	2.50703037636	0.756940014217	2.96198235501	1.34445065385
multidrug/fluoroquinolone,multidrug	0.0	0.00318080704211	0.00482422034464	0.0150553008957	0.0	0.0	0.0	0.00380299225379	0.0	0.0	0.0	0.0	0.0	0.0	0.0	0.0	0.0	0.0	0.0	0.0	0.0	0.0	0.0	0.0	0.0	0.0	0.0	0.0	0.0	0.0	0.0	0.0	0.00699754283577	0.0	0.00353492341411	0.0	0.0	0.0	0.0	0.0	0.0	0.00416279961432	0.0	0.0	0.0	0.0	0.0	0.0	0.0	0.0	0.0	0.0	0.0100368672638	0.0	0.0	0.0	0.0	0.0	0.0107861303183	0.0	0.0	0.0	0.0	0.0
mupirocin	0.0	0.00131737989028	0.00538567889348	0.0005807464701	0.00223036283892	0.000772702784838	0.0	0.000704147784491	0.0	0.000556892849016	0.00894141624041	0.000249053873553	0.000281602396295	0.0	9.48446878497e-05	0.0	0.000260578416149	0.0	0.0	0.0	0.0	0.00159135021291	0.0	0.0	0.0	0.00157322252222	0.0	0.00491395528078	0.0	0.0	0.00403473023658	0.0	0.00443244849445	0.0	0.00444133932303	0.00177692185515	0.000626197198866	0.0	0.000324501102216	0.0	0.0	0.0028396729277	0.0	0.0	0.00366616297699	0.00271541262136	0.00139983733734	0.000595206426899	0.00295029008439	0.00223414877683	0.0	0.0	0.0	0.00134185590916	0.000466400233461	0.0	0.000522292250233	0.0	0.000302593854809	0.0	0.00876763322884	0.0	0.00414931438623	0.0
nitroimidazole	0.0	0.00177248444506	0.000693353682037	0.00817435581281	0.0	0.00135953204755	0.0281197839961	0.00944671117063	0.0	0.0114779525641	0.0041951936908	0.0315502474043	0.0290342715344	0.0123467579297	0.0123487131727	0.0	0.00168107404324	0.115787345866	0.0711121705103	0.0	0.00293380099323	0.0	0.0	0.0	0.0	0.00332160796444	0.0	0.000652517695328	0.0130449650471	0.0	0.000851868816961	0.0	0.00419928506585	0.0	0.00329023799369	0.0	0.000367254256379	0.0	0.000142735880013	0.0	0.0	0.000356875930039	0.0	0.0	0.00143342912884	0.0	0.0	0.00314170815023	0.0	0.00171975713406	0.0	0.00181496024071	0.0	0.0	0.0142487384038	0.0	0.00260368370334	0.0103817767918	0.00585638690819	0.0	0.000857011877275	0.0	0.000417172109131	0.0142636585487
nucleoside	0.0	0.00044084869531	0.0	0.0	0.0	0.000879164057416	0.0	0.0	0.0	0.000452585934438	0.0	0.0	0.0	0.0	0.0	0.0	0.000988267770876	0.0	0.0	0.0	0.0	0.0	0.00930474333983	0.0	0.0	0.00161907523895	0.0	0.0	0.0	0.0	0.0	0.0	0.0	0.0	0.0	0.0	0.000895066906251	0.0	0.00253831973289	0.0	0.0	0.00173084826069	0.0	0.0	0.0	0.011034057636	0.0	0.00169303161429	0.0	0.0	0.0	0.0	0.0158582502769	0.00636139097678	0.000482418019256	0.0	0.0	0.0	0.0025821342277	0.0	0.00277100506986	0.0	0.0	0.0
oxazolidinone	0.0	0.00012114925978	0.0	0.0	0.0	0.000241602336389	0.0	0.0	0.0	0.000124374760609	0.0	0.0	0.0	0.0	0.0	0.0	0.0	0.0	0.0	0.0	0.0	0.0	0.0	0.0	0.0	0.0	0.0	0.0	0.0	0.0	0.0	0.0	0.0	0.0	0.0	0.0	0.0	0.0	0.0	0.0	0.0	0.0	0.0	0.0	0.0	0.0	0.0	0.0	0.0	0.0	0.0	0.0	0.0	0.0	6.6286445394e-05	0.0	0.000136088362402	0.0	0.0	0.0	0.0	0.0	0.0	0.0
peptide	0.0306283954314	0.036847536288	0.0464762451656	0.0293537082364	0.00294315921012	0.0156224399234	0.0421796759941	0.0133466256483	0.0315896289542	0.0302330713791	0.0301294669366	0.00419612522608	0.0233008221905	0.000179807154316	0.000876091137251	0.0849837221921	0.0195124166828	0.0	0.0640009534593	0.0477248489157	0.0176886209793	0.0864356659706	0.0604328691144	0.0275426988768	0.0818098720293	0.0164926640428	0.0	0.0279443387055	0.0301037654933	0.0744097106751	0.0187411139731	0.0	0.0236164545855	0.0	0.0190354102574	0.0328272573652	0.00898732262504	0.0534887195577	0.0282476133147	0.0570711197019	0.0	0.022215526645	0.00844558729859	0.00579846292142	0.0305029525772	0.0368560275677	0.0184720803278	0.028413217951	0.0155726651877	0.00888758270273	0.0644980482434	0.0160924262659	0.0490461348769	0.0146532954858	0.0270800630397	0.0105509481117	0.0128736605347	0.0	0.0191663571541	0.0401165396683	0.0893611141357	0.0910923839842	0.0847782193697	0.117675183027
peptide,polymyxin	0.0	0.0	0.0	0.0	0.0	0.0	0.0	0.0	0.0	0.00455320592652	0.0	0.0	0.0	0.0	0.0	0.0	0.0	0.0	0.0	0.0	0.0	0.0	0.0	0.0	0.0	0.0	0.0	0.0	0.00176438988088	0.0	0.0	0.0	0.0	0.0	0.0	0.0	0.0	0.0	0.0	0.0	0.0	0.0	0.0	0.0	0.0	0.0	0.0	0.0	0.0	0.0	0.0	0.0	0.0	0.0	0.0	0.0	0.0	0.0	0.0	0.0	0.0	0.0	0.0	0.0
peptide/peptide,polymyxin	0.0	0.0	0.0	0.0	0.0	0.0	0.0	0.0	0.0	0.0	0.0	0.0	0.0	0.0	0.0	0.0	0.0	0.0	0.0	0.0	0.0	0.0	0.0	0.0	0.0	0.0	0.0	0.0	0.0	0.0	0.0	0.0	0.0	0.0	0.0	0.0	0.0	0.0	0.0	0.0	0.0	0.0	0.0	0.0	0.0	0.0	0.0	0.0	0.0	0.00388782385334	0.0	0.0	0.0	0.0	0.0	0.0	0.0	0.0	0.0	0.0	0.0	0.0	0.0	0.0
peptide/polymyxin	0.0	0.0	0.0	0.0	0.0	0.0	0.0	0.000816896523398	0.0	0.0	0.0	0.0	0.0	0.0	0.0	0.0	0.0	0.0	0.0	0.0	0.0	0.0	0.0	0.0	0.0	0.0	0.0	0.0	0.0	0.0	0.0	0.0	0.0	0.0	0.0	0.0	0.000269060897801	0.0	0.0	0.0	0.0	0.00031374892943	0.0	0.0	0.0	0.0	0.0	0.0	0.0	0.0	0.0	0.00159562969803	0.0	0.0	0.0	0.0	0.0	0.0	0.0	0.0	0.0	0.0	0.0	0.0
peptide/polymyxin/peptide,polymyxin	0.0	0.0	0.0	0.0	0.0	0.0	0.0	0.0	0.0	0.0	0.0	0.0	0.0	0.0	0.0	0.0	0.0	0.0	0.0	0.0	0.0	0.0	0.0	0.0	0.0	0.0	0.0	0.0	0.0	0.0	0.0	0.0	0.00158220796827	0.0	0.0	0.0	0.0	0.0	0.0	0.0	0.0	0.0	0.0	0.0	0.0	0.0	0.0	0.0	0.0	0.0	0.0	0.0	0.0	0.0	0.0	0.0	0.0	0.0	0.0	0.0	0.0	0.0	0.0	0.0
phenicol	0.0375278445075	0.0283999370031	0.0172739946805	0.0287952439238	0.0106227513816	0.00533051049549	0.0	0.0370011130545	0.0190027535415	0.00651723745591	0.0154206488087	0.0	0.00206405663777	0.0	0.00132902366806	0.0	0.00468126838836	0.0	0.0348524490417	0.0	0.0008986695674	0.000995985301334	0.0	0.0	0.0	0.0437508215358	0.0	0.00459715887877	0.0108653590804	0.0	0.0219190330124	0.0994099271086	0.00698281116665	0.0	0.00352748147008	0.0153226777235	0.0212992005363	0.0	0.00874445075445	0.00642801032432	0.540037712131	0.0601242027398	0.041392267855	0.0	0.0614714765358	0.0125439813125	0.0266685289941	0.0179639564969	0.0	0.0141480410963	0.0	0.00148253594399	0.0140220318237	0.0178386795391	0.00347340973865	0.00344738346724	0.0114471800416	0.0	0.00358780755849	0.0	0.00315019523731	0.0	0.0153343684746	0.00965284799461
pleuromutilin	0.00916961221249	0.00171441159287	0.00166062486809	0.0	0.00176226199618	0.000244212238171	0.0	0.000556363681573	0.00315246297177	0.000251436630243	0.00094197636113	0.0	0.000534001581122	0.0	0.0	0.00363466536712	0.000411778237865	0.0	0.0	0.0	0.000439164654851	0.00235248585835	0.0	0.0	0.0	0.000248608003511	0.0	0.000879086339539	0.00270376412301	0.0	0.0012751740007	0.0	0.00053879715792	0.0	0.00073878029025	0.00280797527727	0.000439798307022	0.0	0.000961484747307	0.0	0.0	0.000480791183525	0.00168564190939	0.0	0.00321857929393	0.000613003202	0.0	0.000940573119051	0.0	0.000882626677268	0.0	0.000543367726386	0.00146835650712	0.000353410609821	0.00187607007489	0.0	0.000687792263682	0.0	0.000717259507696	0.0	0.00384861815258	0.0	0.0014987294291	0.00960815888352
polymyxin	0.0	0.0	0.0	0.0	0.0	0.000239047628905	0.0	0.0	0.0	0.0	0.0	0.000385243453955	0.0	0.0	0.0	0.0106733979965	0.000940496519112	0.0	0.0	0.0	0.000429877184809	0.0	0.0	0.0	0.0	0.0	0.0	0.0	0.0	0.0	0.0012482065747	0.0	0.0	0.0	0.0	0.00549718422861	0.0	0.0	0.0	0.0	0.0	0.0	0.0	0.0	0.0	0.0	0.0	0.00184136368926	0.0	0.0	0.0	0.0	0.0	0.000691873338864	0.0	0.0	0.0	0.0	0.000234030292541	0.0	0.0	0.00654505898323	0.0	0.0
polymyxin/peptide	0.0	0.0	0.000609564717441	0.0	0.0	0.0	0.0	0.0	0.0	0.0	0.0	0.0	0.0	0.0	0.0	0.0	0.0	0.0	0.0	0.0	0.0	0.000238214007117	0.0	0.0	0.0	0.0	0.0	0.0	0.0	0.0	0.0	0.0	0.0	0.0	0.0	0.0	0.0	0.0	0.0	0.0	0.0	0.0	0.0	0.0	0.0	0.0	0.0	0.0	0.0	0.0	0.0	0.0	0.0	0.0	0.0	0.0	0.0	0.0	0.0	0.0	0.0	0.0	0.0	0.0
polymyxin/peptide,polymyxin	0.0	0.0	0.0	0.00628820347081	0.0	0.0	0.0	0.0	0.0	0.0	0.0	0.0	0.00810198169304	0.0	0.0	0.0	0.0	0.0	0.0	0.0	0.0	0.0	0.0	0.0	0.0	0.0	0.0	0.0	0.0	0.0	0.0	0.0	0.0	0.0	0.0	0.0	0.0	0.0	0.0	0.0	0.0	0.0	0.0	0.0	0.0	0.0	0.0	0.0	0.0	0.0	0.0	0.0	0.0	0.0	0.0	0.0	0.00161579233909	0.0	0.0	0.0	0.0	0.0	0.0	0.0
rifamycin	0.0521220062605	0.0160097684086	0.00707950601659	0.140846301801	0.0200341363776	0.0152696915235	0.0	0.012649953181	0.0272372800761	0.00786070307182	0.0107087838949	0.00223711549577	0.000133346059563	0.000875713504701	0.00340775299502	0.0413204062789	0.0148240165631	0.0	0.145218537674	0.0	0.00249630435389	0.00184441722469	0.0223313840156	0.0	0.0	0.040981066684	0.0	0.0441393877852	0.0	0.0	0.0289934299106	0.0247088258131	0.0197846316388	0.25899801049	0.0178473764855	0.0	0.0396860103889	0.0	0.00619398595107	0.081421464108	0.258018018018	0.0182194553757	0.138357487923	0.0	0.0695213127488	0.00348443925347	0.21979312646	0.0213856624963	0.079502553853	0.0	0.0031454553442	0.00308861654998	0.00834644751413	0.0321417649353	0.00304685064793	0.0	0.0312764482011	0.0	0.0122311621312	0.0	0.0131258134888	0.013596743871	0.0	0.0553429951691
sulfonamide	0.0	0.0	0.0	0.0	0.0	0.00167755685867	0.0	0.00133034562974	0.0	0.000601221167519	0.0	0.0	0.000638437314699	0.0	0.0	0.0332899386275	0.000328207008778	0.0595302431927	0.0	0.0	0.0	0.00018574519754	0.0355092678693	0.0	0.0	0.0	0.0	0.00201289027569	0.0	0.0	0.0	0.0	0.000616856110128	0.0	0.0016916241275	0.0	0.0	0.0	0.0	0.0	0.0	0.00110089288666	0.0	0.0	0.0	0.00842175423808	0.0101302716144	0.00107683989602	0.0	0.0	0.0102604521191	0.00622088845756	0.00672434640715	0.00890145168482	0.000767095790337	0.0	0.00251979865366	0.0222959191617	0.00054744895287	0.0	0.0	0.0	0.0	0.0220003072669
tetracenomycin_C	0.0	0.0	0.0	0.0	0.0	0.0	0.0	0.0	0.0	0.0	0.0	0.0	0.0	0.0	0.0	0.0	0.0	0.0	0.0	0.0	0.0	0.0	0.0	0.0	0.0	0.0	0.0	0.0	0.0	0.0	0.0	0.0	0.0	0.0	0.0	0.0	0.0	0.0	0.0	0.0	0.0	0.0	0.0	0.0	0.0	0.0	0.0133218720579	0.0	0.0	0.0	0.0	0.0	0.0	0.0	0.0	0.0	0.0	0.0	0.0	0.0	0.0	0.0	0.0	0.0
tetracycline	0.063308007604	0.125682951023	0.0764454733531	0.213737419685	0.0321674865782	0.117882279248	0.169592894152	0.538527884013	0.343739712499	0.136072789851	0.296125526485	0.00239465884055	0.0439535949307	0.000232550586248	0.00528378281741	0.197168148682	0.208436756255	0.0	0.0388612988141	0.0610664987141	0.052344786115	0.00952106699779	0.0491753274955	0.250858384136	0.0348520249221	0.310151263296	0.155923344948	0.108471046613	0.179133893446	0.0361451865314	0.0653629085705	0.0668955691028	0.0762725285142	0.0924124356678	0.100816214781	0.178389017615	0.108971646859	0.1299131342	0.301007222416	0.119737447218	0.086006006006	0.0776850205268	0.377709817005	0.00352081942647	0.163848352112	0.0634069790914	0.177504607411	0.151420515003	0.0268541959681	0.142314228188	0.227259148618	0.0668933532587	0.133803986711	0.115216248996	0.473316240863	0.0767024044863	0.0800848117025	0.114791252195	0.194932950148	0.169555745003	0.0515172773551	0.0757929279341	0.0514845222194	0.0678222980013
triclosan	0.0175622917646	0.00148169063569	0.00167440598733	0.00117179189238	0.0	0.0	0.0213651622529	0.00243091683277	0.00201260690217	0.00270424790702	0.00759834873874	0.526993862764	0.309180268147	0.0455020161861	0.0852327100238	0.00696136893959	0.00258343857117	0.0	0.0	0.0	0.000140186549923	0.0	0.0	0.0	0.0	0.00200536912376	0.0	0.00216671072899	0.0	0.0	0.00179102271468	0.0	0.00470832703145	0.0	0.0620759372513	0.0	0.000886896171007	0.0	0.000204611532432	0.0190039724319	0.0	0.0017236663177	0.00430461460999	0.0	0.00259623159643	0.0	0.0	0.00180145235806	0.00595290058407	0.00800956241986	0.00576884341135	0.00584402135598	0.000937433513903	0.00157937982872	0.0	0.000806653766966	0.0	0.00595290058407	0.000305276953029	0.0	0.00206963034263	0.0	0.000119603038184	0.0
unclassified	0.145813710765	0.0983390095795	0.155141076634	0.100125432233	0.0573580068894	0.248539139667	0.100403155127	0.20625050198	0.0466391782125	0.0968441535221	0.224687367612	0.0813596359445	0.170074054592	0.0321748071385	0.0539229871927	0.139810141793	0.214645709215	0.0	0.0755932113918	0.014092268934	0.0624330813406	0.0328836851772	0.168250153542	0.0655617617434	0.0	0.11096034769	0.0	0.225727843348	0.136150281728	0.105464722345	0.365095328379	0.292782662032	0.187039584821	0.0905698564291	0.14978657075	0.207713239688	0.345746224898	0.0	0.0708407804985	0.20913047288	0.176724669875	0.316012541338	0.00470817222967	0.0	0.237993205606	0.215844305537	0.0392721488612	0.199017593843	0.165539564187	0.182460052253	0.114270514696	0.224654219734	0.199037222863	0.219662725157	0.108144505666	0.0112158023763	0.27059712774	0.0275899273645	0.120710814817	0.291847826087	0.0734401343667	0.0	0.122141851142	0.0473827013434
