Pair_ID	Run_nonPMA	Run_PMA	Microbiome_BrayCurtis	Resistome_BrayCurtis	Flight	LocationCode	Location	non-PMA	PMA	Depth_ratio_PMA_nonPMA	Log10_depth_ratio	Abs_log10_depth_imbalance	rank_micro	rank_res	rank_depth	micro_depth_residual	res_depth_residual	z_rank_micro	z_rank_res	z_rank_depth
F6_S7	SRR17140447	SRR17140446	0.565967151459379	0.417731034045165	F6	S7	Lab overhead	16866871	19315696	1.14518549409668	0.0588758382373838	0.0588758382373838	24	9	2	7.95711143695013	-3.00329912023462	0.799502686333539	-0.799502686333539	-1.54570519357818
F6_S8	SRR17140445	SRR17140484	0.385982546945713	0.491728034481974	F6	S8	Crew quarters	12673520	24504358	1.9335084491128	0.286346074208436	0.286346074208436	16	17	6	-0.168988269794723	3.75623167155425	-0.0533001790889026	0.0533001790889026	-1.11930376086695
F4_S5	SRR17140444	SRR17140442	0.507420565424061	0.468277370510263	F4	S5	Overhead 4	8617463	198582	0.0230441372362144	-1.63743954705629	1.63743954705629	21	14	27	4.16898826979472	-5.75623167155425	0.479701611800123	-0.266500895444513	1.11930376086695
F6_S5	SRR17140451	SRR17140450	0.382959031033152	0.749689573847532	F6	S5	Overhead 4	17537836	21648137	1.23436762665588	0.0914445231093048	0.0914445231093048	14	29	3	-2.07441348973607	16.6865835777126	-0.266500895444513	1.33250447722257	-1.43910483540037
F4_S3	SRR17140452	SRR17140481	0.524655601908821	0.506882936319144	F4	S3	Exercise platform	1820150	353823	0.194392220421394	-0.711321119531481	0.711321119531481	23	18	12	6.64186217008798	2.89552785923754	0.692902328155734	0.159900537266708	-0.479701611800123
F6_S6	SRR17140449	SRR17140448	0.681480332143768	0.583346469835498	F6	S6	PMM	7597150	493641	0.0649771295814878	-1.1872394778857	1.1872394778857	29	22	18	12.4527126099707	5.03482404692082	1.33250447722257	0.586301969977929	0.159900537266708
F6_S2	SRR17140458	SRR17140457	0.252567310579522	0.308421515786684	F6	S2	Waste compartment	6290659	341088	0.0542213462850236	-1.26582970333801	1.26582970333801	6	4	21	-10.641862170088	-13.8955278592375	-1.11930376086695	-1.33250447722257	0.479701611800123
F6_S3	SRR17140456	SRR17140455	0.0585622314376184	0.104795881464939	F6	S3	Exercise platform	18521971	26885590	1.45155124149584	0.161832371553218	0.161832371553218	1	1	5	-15.1374633431085	-11.933651026393	-1.65230555175598	-1.65230555175598	-1.22590411904476
F6_S4	SRR17140454	SRR17140453	0.371384847742263	0.373425886942772	F6	S4	Dining table	14480923	3229827	0.223040133560547	-0.651616983518458	0.651616983518458	11	6	11	-5.32661290322581	-8.79435483870967	-0.586301969977929	-1.11930376086695	-0.586301969977929
F5_S8	SRR17140462	SRR17140461	0.689232985235867	0.761094572363417	F5	S8	Crew quarters	3554696	270054	0.0759710535021842	-1.11935185112615	1.11935185112615	30	30	15	13.5472873900293	13.9651759530792	1.43910483540037	1.43910483540037	-0.159900537266708
F6_S1	SRR17140460	SRR17140459	0.118108031066058	0.416804398332625	F6	S1	Cupola	34503061	30173615	0.87451994476664	-0.0582302813215885	0.0582302813215885	2	8	1	-14.0113636363636	-3.69318181818181	-1.54570519357818	-0.906103044511344	-1.65230555175598
F4_S2	SRR17140496	SRR17140463	0.61379675988216	0.415393267676619	F4	S2	Waste compartment	9671164	12124421	1.25366719042299	0.0981822601420627	0.0981822601420627	28	7	4	11.8940615835777	-5.62353372434017	1.22590411904476	-1.01270340268915	-1.33250447722257
F4_S4	SRR17140470	SRR17140465	0.768363221519493	0.782876749211812	F4	S4	Dining table	1535938	57855	0.0376675360593982	-1.42403278730416	1.42403278730416	32	31	23	15.2950879765396	12.4842375366569	1.65230555175598	1.54570519357818	0.692902328155734
F7_S8	SRR17140467	SRR17140466	0.592991657449986	0.65027730843352	F7	S8	Crew quarters	5333466	75212	0.014101899215257	-1.85072239350341	1.85072239350341	27	25	28	10.1374633431085	4.93365102639296	1.11930376086695	0.906103044511344	1.22590411904476
F7_S6	SRR17140472	SRR17140471	0.462134096320452	0.603224382653413	F7	S6	PMM	3920743	150345	0.0383460481852547	-1.41627938633742	1.41627938633742	20	23	22	3.32661290322581	4.79435483870968	0.373101253622318	0.692902328155734	0.586301969977929
F7_S7	SRR17140469	SRR17140468	0.197211873572888	0.684748754005274	F7	S7	Lab overhead	8560711	30111	0.00351734803335844	-2.45378465713403	2.45378465713403	3	26	32	-13.9886363636364	4.69318181818182	-1.43910483540037	1.01270340268915	1.65230555175598
F7_S3	SRR17140478	SRR17140477	0.396726757829107	0.288893349340442	F7	S3	Exercise platform	14769515	415685	0.0281447969009138	-1.55060188095761	1.55060188095761	17	3	26	0.200513196480939	-16.4461143695015	0.0533001790889026	-1.43910483540037	1.01270340268915
F7_S4	SRR17140476	SRR17140475	0.372999429480823	0.515016943142667	F7	S4	Dining table	6571027	212040	0.0322689284338658	-1.49121545613269	1.49121545613269	12	19	25	-4.76796187683284	-0.135997067448681	-0.479701611800123	0.266500895444513	0.906103044511344
F7_S5	SRR17140474	SRR17140473	0.400559747262591	0.572507576364263	F7	S5	Overhead 4	5410282	54478	0.0100693457383552	-1.99699874706833	1.99699874706833	18	21	29	1.10593841642229	0.623533724340175	0.159900537266708	0.479701611800123	1.33250447722257
F7_S1	SRR17140483	SRR17140482	0.20284726011283	0.491457831383992	F7	S1	Cupola	14467541	64565	0.00446274871451894	-2.35039756643534	2.35039756643534	4	16	31	-12.9571114369501	-4.9967008797654	-1.33250447722257	-0.0533001790889026	1.54570519357818
F7_S2	SRR17140480	SRR17140479	0.573756535325813	0.720695376378935	F7	S2	Waste compartment	14960575	76026	0.0050817565501326	-2.29398614437549	2.29398614437549	26	27	30	9.07441348973607	6.31341642228739	1.01270340268915	1.11930376086695	1.43910483540037
F5_S7	SRR17140487	SRR17140464	0.292368324972617	0.323225861297287	F5	S7	Lab overhead	1380254	395479	0.286526248067385	-0.542835587069461	0.542835587069461	8	5	10	-8.29508797653959	-9.48423753665689	-0.906103044511344	-1.22590411904476	-0.692902328155734
F4_S1	SRR17140486	SRR17140485	0.513423708796844	0.917090568818816	F4	S1	Cupola	1795922	126103	0.0702163011533909	-1.15356205198519	1.15356205198519	22	32	16	5.51576246334311	15.6550586510264	0.586301969977929	1.65230555175598	-0.0533001790889026
F4_S6	SRR17140443	SRR17140505	0.382955415159747	0.450545228204027	F4	S6	PMM	8358448	487255	0.0582949131226276	-1.23436934059534	1.23436934059534	13	12	20	-3.61033724340176	-5.58541055718475	-0.373101253622318	-0.479701611800123	0.373101253622318
F5_S5	SRR17140491	SRR17140490	0.569915063477294	0.438891435490577	F5	S5	Overhead 4	3781829	395781	0.10465333043879	-0.980246946320287	0.980246946320287	25	10	13	8.61033724340176	-5.41458944281525	0.906103044511344	-0.692902328155734	-0.373101253622318
F5_S6	SRR17140489	SRR17140488	0.754870917558312	0.733132402880675	F5	S6	PMM	2076451	782464	0.37682757743862	-0.423857321666954	0.423857321666954	31	28	7	14.7994868035191	14.4461143695015	1.54570519357818	1.22590411904476	-1.01270340268915
F5_S3	SRR17140495	SRR17140494	0.222621768550981	0.21902508719005	F5	S3	Exercise platform	2733611	873971	0.319713009641825	-0.495239691220647	0.495239691220647	5	2	8	-11.2320381231672	-11.8640029325513	-1.22590411904476	-1.54570519357818	-0.906103044511344
F5_S4	SRR17140493	SRR17140492	0.448530515445348	0.547405655362124	F5	S4	Dining table	1714849	498275	0.290564941869517	-0.536756786703852	0.536756786703852	19	20	9	2.73643695014663	5.8258797653959	0.266500895444513	0.373101253622318	-0.799502686333539
F4_S8	SRR17140502	SRR17140501	0.257564767616942	0.473357810621132	F4	S8	Crew quarters	1742847	118450	0.0679635102794451	-1.16772419814286	1.16772419814286	7	15	17	-9.51576246334311	-1.65505865102639	-1.01270340268915	-0.159900537266708	0.0533001790889026
F5_S1	SRR17140500	SRR17140499	0.385445121524127	0.466232188582718	F5	S1	Cupola	3387138	109518	0.0323334921694953	-1.49034738700499	1.49034738700499	15	13	24	-1.73643695014663	-5.82587976539589	-0.159900537266708	-0.373101253622318	0.799502686333539
F5_S2	SRR17140498	SRR17140497	0.35059699178167	0.640724210931404	F5	S2	Waste compartment	5419601	334157	0.0616571219910838	-1.21001675097769	1.21001675097769	9	24	19	-7.57881231671554	6.72470674486804	-0.799502686333539	0.799502686333539	0.266500895444513
F4_S7	SRR17140504	SRR17140503	0.361079853765632	0.444629519625395	F4	S7	Lab overhead	6474533	520325	0.0803648695589319	-1.0949337558648	1.0949337558648	10	11	14	-6.42118768328446	-4.72470674486803	-0.692902328155734	-0.586301969977929	-0.266500895444513
