Pair_ID	Run_nonPMA	Run_PMA	Microbiome_BrayCurtis	Resistome_BrayCurtis	Flight	LocationCode	Location
F6_S7	SRR17140447	SRR17140446	0.565967151459379	0.417731034045165	F6	S7	Lab overhead
F6_S8	SRR17140445	SRR17140484	0.385982546945713	0.491728034481974	F6	S8	Crew quarters
F4_S5	SRR17140444	SRR17140442	0.507420565424061	0.468277370510263	F4	S5	Overhead 4
F6_S5	SRR17140451	SRR17140450	0.382959031033152	0.749689573847532	F6	S5	Overhead 4
F4_S3	SRR17140452	SRR17140481	0.524655601908821	0.506882936319144	F4	S3	Exercise platform
F6_S6	SRR17140449	SRR17140448	0.681480332143768	0.583346469835498	F6	S6	PMM
F6_S2	SRR17140458	SRR17140457	0.252567310579522	0.308421515786684	F6	S2	Waste compartment
F6_S3	SRR17140456	SRR17140455	0.0585622314376184	0.104795881464939	F6	S3	Exercise platform
F6_S4	SRR17140454	SRR17140453	0.371384847742263	0.373425886942772	F6	S4	Dining table
F5_S8	SRR17140462	SRR17140461	0.689232985235867	0.761094572363417	F5	S8	Crew quarters
F6_S1	SRR17140460	SRR17140459	0.118108031066058	0.416804398332625	F6	S1	Cupola
F4_S2	SRR17140496	SRR17140463	0.61379675988216	0.415393267676619	F4	S2	Waste compartment
F4_S4	SRR17140470	SRR17140465	0.768363221519493	0.782876749211812	F4	S4	Dining table
F7_S8	SRR17140467	SRR17140466	0.592991657449986	0.65027730843352	F7	S8	Crew quarters
F7_S6	SRR17140472	SRR17140471	0.462134096320452	0.603224382653413	F7	S6	PMM
F7_S7	SRR17140469	SRR17140468	0.197211873572888	0.684748754005274	F7	S7	Lab overhead
F7_S3	SRR17140478	SRR17140477	0.396726757829107	0.288893349340442	F7	S3	Exercise platform
F7_S4	SRR17140476	SRR17140475	0.372999429480823	0.515016943142667	F7	S4	Dining table
F7_S5	SRR17140474	SRR17140473	0.400559747262591	0.572507576364263	F7	S5	Overhead 4
F7_S1	SRR17140483	SRR17140482	0.20284726011283	0.491457831383992	F7	S1	Cupola
F7_S2	SRR17140480	SRR17140479	0.573756535325813	0.720695376378935	F7	S2	Waste compartment
F5_S7	SRR17140487	SRR17140464	0.292368324972617	0.323225861297287	F5	S7	Lab overhead
F4_S1	SRR17140486	SRR17140485	0.513423708796844	0.917090568818816	F4	S1	Cupola
F4_S6	SRR17140443	SRR17140505	0.382955415159747	0.450545228204027	F4	S6	PMM
F5_S5	SRR17140491	SRR17140490	0.569915063477294	0.438891435490577	F5	S5	Overhead 4
F5_S6	SRR17140489	SRR17140488	0.754870917558312	0.733132402880675	F5	S6	PMM
F5_S3	SRR17140495	SRR17140494	0.222621768550981	0.21902508719005	F5	S3	Exercise platform
F5_S4	SRR17140493	SRR17140492	0.448530515445348	0.547405655362124	F5	S4	Dining table
F4_S8	SRR17140502	SRR17140501	0.257564767616942	0.473357810621132	F4	S8	Crew quarters
F5_S1	SRR17140500	SRR17140499	0.385445121524127	0.466232188582718	F5	S1	Cupola
F5_S2	SRR17140498	SRR17140497	0.35059699178167	0.640724210931404	F5	S2	Waste compartment
F4_S7	SRR17140504	SRR17140503	0.361079853765632	0.444629519625395	F4	S7	Lab overhead
