Pair_ID	PMA	non-PMA	Flight	LocationCode	Metric	PMA_minus_nonPMA
F4_S5	282	1150	F4	S5	Microbial_species_richness	-868
F4_S6	300	1089	F4	S6	Microbial_species_richness	-789
F6_S8	332	607	F6	S8	Microbial_species_richness	-275
F6_S7	454	833	F6	S7	Microbial_species_richness	-379
F6_S6	218	1162	F6	S6	Microbial_species_richness	-944
F6_S5	568	1110	F6	S5	Microbial_species_richness	-542
F4_S3	341	498	F4	S3	Microbial_species_richness	-157
F6_S4	456	935	F6	S4	Microbial_species_richness	-479
F6_S3	356	773	F6	S3	Microbial_species_richness	-417
F6_S2	521	969	F6	S2	Microbial_species_richness	-448
F6_S1	159	336	F6	S1	Microbial_species_richness	-177
F5_S8	235	500	F5	S8	Microbial_species_richness	-265
F4_S2	462	673	F4	S2	Microbial_species_richness	-211
F5_S7	251	458	F5	S7	Microbial_species_richness	-207
F4_S4	113	491	F4	S4	Microbial_species_richness	-378
F7_S8	161	1033	F7	S8	Microbial_species_richness	-872
F7_S7	94	912	F7	S7	Microbial_species_richness	-818
F7_S6	213	754	F7	S6	Microbial_species_richness	-541
F7_S5	154	867	F7	S5	Microbial_species_richness	-713
F7_S4	351	1093	F7	S4	Microbial_species_richness	-742
F7_S3	287	1501	F7	S3	Microbial_species_richness	-1214
F7_S2	246	964	F7	S2	Microbial_species_richness	-718
F7_S1	147	975	F7	S1	Microbial_species_richness	-828
F4_S1	267	636	F4	S1	Microbial_species_richness	-369
F5_S6	501	865	F5	S6	Microbial_species_richness	-364
F5_S5	268	669	F5	S5	Microbial_species_richness	-401
F5_S4	437	736	F5	S4	Microbial_species_richness	-299
F5_S3	707	832	F5	S3	Microbial_species_richness	-125
F5_S2	375	778	F5	S2	Microbial_species_richness	-403
F5_S1	183	748	F5	S1	Microbial_species_richness	-565
F4_S8	151	429	F4	S8	Microbial_species_richness	-278
F4_S7	322	518	F4	S7	Microbial_species_richness	-196
F4_S5	56	186	F4	S5	ARG_group_richness	-130
F4_S6	67	206	F4	S6	ARG_group_richness	-139
F6_S8	76	144	F6	S8	ARG_group_richness	-68
F6_S7	67	175	F6	S7	ARG_group_richness	-108
F6_S6	57	192	F6	S6	ARG_group_richness	-135
F6_S5	79	223	F6	S5	ARG_group_richness	-144
F4_S3	75	134	F4	S3	ARG_group_richness	-59
F6_S4	95	214	F6	S4	ARG_group_richness	-119
F6_S3	50	119	F6	S3	ARG_group_richness	-69
F6_S2	104	210	F6	S2	ARG_group_richness	-106
F6_S1	5	43	F6	S1	ARG_group_richness	-38
F5_S8	36	137	F5	S8	ARG_group_richness	-101
F4_S2	107	165	F4	S2	ARG_group_richness	-58
F5_S7	59	105	F5	S7	ARG_group_richness	-46
F4_S4	22	106	F4	S4	ARG_group_richness	-84
F7_S8	30	168	F7	S8	ARG_group_richness	-138
F7_S7	13	167	F7	S7	ARG_group_richness	-154
F7_S6	37	149	F7	S6	ARG_group_richness	-112
F7_S5	38	193	F7	S5	ARG_group_richness	-155
F7_S4	52	200	F7	S4	ARG_group_richness	-148
F7_S3	69	193	F7	S3	ARG_group_richness	-124
F7_S2	32	180	F7	S2	ARG_group_richness	-148
F7_S1	29	186	F7	S1	ARG_group_richness	-157
F4_S1	54	133	F4	S1	ARG_group_richness	-79
F5_S6	61	185	F5	S6	ARG_group_richness	-124
F5_S5	54	169	F5	S5	ARG_group_richness	-115
F5_S4	77	160	F5	S4	ARG_group_richness	-83
F5_S3	124	184	F5	S3	ARG_group_richness	-60
F5_S2	72	200	F5	S2	ARG_group_richness	-128
F5_S1	41	166	F5	S1	ARG_group_richness	-125
F4_S8	38	117	F4	S8	ARG_group_richness	-79
F4_S7	69	121	F4	S7	ARG_group_richness	-52
