Run	Observed	Shannon	Simpson	SampleName	Pair_ID	STATUS	Flight	LocationCode	Location	HostRemoved_read_pairs
SRR17140442	282	3.87852837222304	0.943158574858234	F4_S5_P	F4_S5	PMA	F4	S5	Overhead 4	198582
SRR17140443	1089	2.98455720865182	0.817453621894906	F4_S6	F4_S6	non-PMA	F4	S6	PMM	8358448
SRR17140444	1150	3.08591316081196	0.81174941815847	F4_S5	F4_S5	non-PMA	F4	S5	Overhead 4	8617463
SRR17140445	607	3.34955055475581	0.908829930813624	F6_S8	F6_S8	non-PMA	F6	S8	Crew quarters	12673520
SRR17140446	454	3.31040622631516	0.894706535494844	F6_S7_P	F6_S7	PMA	F6	S7	Lab overhead	19315696
SRR17140447	833	3.42354663419682	0.882899137003387	F6_S7	F6_S7	non-PMA	F6	S7	Lab overhead	16866871
SRR17140448	218	4.00782018282972	0.952651076037853	F6_S6_P	F6_S6	PMA	F6	S6	PMM	493641
SRR17140449	1162	3.70743912541032	0.92577166043228	F6_S6	F6_S6	non-PMA	F6	S6	PMM	7597150
SRR17140450	568	0.122848823597565	0.0248351940307944	F6_S5_P	F6_S5	PMA	F6	S5	Overhead 4	21648137
SRR17140451	1110	2.37286629918656	0.621908720803701	F6_S5	F6_S5	non-PMA	F6	S5	Overhead 4	17537836
SRR17140452	498	3.94244680808326	0.947386726019385	F4_S3	F4_S3	non-PMA	F4	S3	Exercise platform	1820150
SRR17140453	456	0.747358523703451	0.214547716827028	F6_S4_P	F6_S4	PMA	F6	S4	Dining table	3229827
SRR17140454	935	2.51630281240843	0.690978645039855	F6_S4	F6_S4	non-PMA	F6	S4	Dining table	14480923
SRR17140455	356	1.53829252652619	0.586316616194883	F6_S3_P	F6_S3	PMA	F6	S3	Exercise platform	26885590
SRR17140456	773	1.85257605057435	0.63362713712288	F6_S3	F6_S3	non-PMA	F6	S3	Exercise platform	18521971
SRR17140457	521	4.05817695517259	0.926182105367746	F6_S2_P	F6_S2	PMA	F6	S2	Waste compartment	341088
SRR17140458	969	3.36430995364188	0.886423949083251	F6_S2	F6_S2	non-PMA	F6	S2	Waste compartment	6290659
SRR17140459	159	3.04145383172953	0.901104890822362	F6_S1_P	F6_S1	PMA	F6	S1	Cupola	30173615
SRR17140460	336	3.34608972746118	0.915497279697893	F6_S1	F6_S1	non-PMA	F6	S1	Cupola	34503061
SRR17140461	235	1.17325599528111	0.31813710994755	F5_S8_P	F5_S8	PMA	F5	S8	Crew quarters	270054
SRR17140462	500	3.03000462887423	0.871607910165947	F5_S8	F5_S8	non-PMA	F5	S8	Crew quarters	3554696
SRR17140463	462	0.500970416868435	0.16716118888698	F4_S2_P	F4_S2	PMA	F4	S2	Waste compartment	12124421
SRR17140464	251	2.39594567994636	0.758995138479665	F5_S7_P	F5_S7	PMA	F5	S7	Lab overhead	395479
SRR17140465	113	2.61162129731416	0.805961772247509	F4_S4_P	F4_S4	PMA	F4	S4	Dining table	57855
SRR17140466	161	2.62422519885378	0.714208858367584	F7_S8_P	F7_S8	PMA	F7	S8	Crew quarters	75212
SRR17140467	1033	3.03180308165449	0.846305799679268	F7_S8	F7_S8	non-PMA	F7	S8	Crew quarters	5333466
SRR17140468	94	2.69045283812241	0.77915160865522	F7_S7_P	F7_S7	PMA	F7	S7	Lab overhead	30111
SRR17140469	912	2.52916951849224	0.747101532559568	F7_S7	F7_S7	non-PMA	F7	S7	Lab overhead	8560711
SRR17140470	491	3.47139652796507	0.90960625847154	F4_S4	F4_S4	non-PMA	F4	S4	Dining table	1535938
SRR17140471	213	2.43910762774207	0.78497864411062	F7_S6_P	F7_S6	PMA	F7	S6	PMM	150345
SRR17140472	754	2.65742927373908	0.811609376651981	F7_S6	F7_S6	non-PMA	F7	S6	PMM	3920743
SRR17140473	154	3.64384339447088	0.891545351330446	F7_S5_P	F7_S5	PMA	F7	S5	Overhead 4	54478
SRR17140474	867	3.11943097760032	0.819046653481682	F7_S5	F7_S5	non-PMA	F7	S5	Overhead 4	5410282
SRR17140475	351	3.60050702996571	0.912007883171494	F7_S4_P	F7_S4	PMA	F7	S4	Dining table	212040
SRR17140476	1093	3.12014742808425	0.867195260267881	F7_S4	F7_S4	non-PMA	F7	S4	Dining table	6571027
SRR17140477	287	2.92391359135445	0.836745761628016	F7_S3_P	F7_S3	PMA	F7	S3	Exercise platform	415685
SRR17140478	1501	3.50807771388822	0.928786420373885	F7_S3	F7_S3	non-PMA	F7	S3	Exercise platform	14769515
SRR17140479	246	4.12007157650038	0.936672263311989	F7_S2_P	F7_S2	PMA	F7	S2	Waste compartment	76026
SRR17140480	964	3.9614649452377	0.959776954211087	F7_S2	F7_S2	non-PMA	F7	S2	Waste compartment	14960575
SRR17140481	341	2.59778962142414	0.767726943700207	F4_S3_P	F4_S3	PMA	F4	S3	Exercise platform	353823
SRR17140482	147	3.10641304850739	0.850733987889273	F7_S1_P	F7_S1	PMA	F7	S1	Cupola	64565
SRR17140483	975	2.91695243895667	0.83623341091522	F7_S1	F7_S1	non-PMA	F7	S1	Cupola	14467541
SRR17140484	332	2.6757786189581	0.851109758752716	F6_S8_P	F6_S8	PMA	F6	S8	Crew quarters	24504358
SRR17140485	267	3.73430717913696	0.926113915670327	F4_S1_P	F4_S1	PMA	F4	S1	Cupola	126103
SRR17140486	636	2.89149107532455	0.852478048185435	F4_S1	F4_S1	non-PMA	F4	S1	Cupola	1795922
SRR17140487	458	2.59337474868788	0.807115284683381	F5_S7	F5_S7	non-PMA	F5	S7	Lab overhead	1380254
SRR17140488	501	4.03327628802162	0.934287828388731	F5_S6_P	F5_S6	PMA	F5	S6	PMM	782464
SRR17140489	865	3.58758472763824	0.869950310446485	F5_S6	F5_S6	non-PMA	F5	S6	PMM	2076451
SRR17140490	268	2.43429708268425	0.714686095027882	F5_S5_P	F5_S5	PMA	F5	S5	Overhead 4	395781
SRR17140491	669	3.74459009442792	0.917186527287626	F5_S5	F5_S5	non-PMA	F5	S5	Overhead 4	3781829
SRR17140492	437	3.60171915197735	0.820565474582419	F5_S4_P	F5_S4	PMA	F5	S4	Dining table	498275
SRR17140493	736	3.73594383944407	0.903303434514649	F5_S4	F5_S4	non-PMA	F5	S4	Dining table	1714849
SRR17140494	707	3.57292771634801	0.875212383986788	F5_S3_P	F5_S3	PMA	F5	S3	Exercise platform	873971
SRR17140495	832	3.56652736961665	0.906997330058859	F5_S3	F5_S3	non-PMA	F5	S3	Exercise platform	2733611
SRR17140496	673	3.02456964729109	0.871684783112681	F4_S2	F4_S2	non-PMA	F4	S2	Waste compartment	9671164
SRR17140497	375	3.68150005720825	0.912268392665365	F5_S2_P	F5_S2	PMA	F5	S2	Waste compartment	334157
SRR17140498	778	3.04406115256694	0.845551348122021	F5_S2	F5_S2	non-PMA	F5	S2	Waste compartment	5419601
SRR17140499	183	3.29475551216107	0.917093044299727	F5_S1_P	F5_S1	PMA	F5	S1	Cupola	109518
SRR17140500	748	3.78630389733589	0.936394078162563	F5_S1	F5_S1	non-PMA	F5	S1	Cupola	3387138
SRR17140501	151	2.36396214231682	0.761001423588345	F4_S8_P	F4_S8	PMA	F4	S8	Crew quarters	118450
SRR17140502	429	1.84854208998505	0.643702005043299	F4_S8	F4_S8	non-PMA	F4	S8	Crew quarters	1742847
SRR17140503	322	2.13797596637045	0.651679373768012	F4_S7_P	F4_S7	PMA	F4	S7	Lab overhead	520325
SRR17140504	518	1.29302397919304	0.417692896847007	F4_S7	F4_S7	non-PMA	F4	S7	Lab overhead	6474533
SRR17140505	300	1.88511344656149	0.542577975617328	F4_S6_P	F4_S6	PMA	F4	S6	PMM	487255
