Run	Observed	Shannon	Simpson	SampleName	Pair_ID	STATUS	Flight	LocationCode	Location	HostRemoved_read_pairs	Bracken_depth	log10_Bracken_depth
SRR17140442	282	3.87852837222304	0.943158574858234	F4_S5_P	F4_S5	PMA	F4	S5	Overhead 4	198582	122639	5.08862860061791
SRR17140443	1089	2.98455720865182	0.817453621894906	F4_S6	F4_S6	non-PMA	F4	S6	PMM	8358448	7248760	6.86026372088603
SRR17140444	1150	3.08591316081196	0.81174941815847	F4_S5	F4_S5	non-PMA	F4	S5	Overhead 4	8617463	4428174	6.64622467764371
SRR17140445	607	3.34955055475581	0.908829930813624	F6_S8	F6_S8	non-PMA	F6	S8	Crew quarters	12673520	1417588	6.15155002821972
SRR17140446	454	3.31040622631516	0.894706535494844	F6_S7_P	F6_S7	PMA	F6	S7	Lab overhead	19315696	607631	5.78363992250725
SRR17140447	833	3.42354663419682	0.882899137003387	F6_S7	F6_S7	non-PMA	F6	S7	Lab overhead	16866871	3248923	6.51173941861757
SRR17140448	218	4.00782018282972	0.952651076037853	F6_S6_P	F6_S6	PMA	F6	S6	PMM	493641	58354	4.76607063104783
SRR17140449	1162	3.70743912541032	0.92577166043228	F6_S6	F6_S6	non-PMA	F6	S6	PMM	7597150	5597211	6.7479716789647
SRR17140450	568	0.122848823597565	0.0248351940307944	F6_S5_P	F6_S5	PMA	F6	S5	Overhead 4	21648137	16026812	7.20484714253491
SRR17140451	1110	2.37286629918656	0.621908720803701	F6_S5	F6_S5	non-PMA	F6	S5	Overhead 4	17537836	12324493	7.09076906248629
SRR17140452	498	3.94244680808326	0.947386726019385	F4_S3	F4_S3	non-PMA	F4	S3	Exercise platform	1820150	1030767	6.01316050616591
SRR17140453	456	0.747358523703451	0.214547716827028	F6_S4_P	F6_S4	PMA	F6	S4	Dining table	3229827	2344219	6.36999818159892
SRR17140454	935	2.51630281240843	0.690978645039855	F6_S4	F6_S4	non-PMA	F6	S4	Dining table	14480923	9118058	6.9599023504235
SRR17140455	356	1.53829252652619	0.586316616194883	F6_S3_P	F6_S3	PMA	F6	S3	Exercise platform	26885590	18111200	7.25794722646606
SRR17140456	773	1.85257605057435	0.63362713712288	F6_S3	F6_S3	non-PMA	F6	S3	Exercise platform	18521971	12515337	7.09744254833257
SRR17140457	521	4.05817695517259	0.926182105367746	F6_S2_P	F6_S2	PMA	F6	S2	Waste compartment	341088	202219	5.30582195841371
SRR17140458	969	3.36430995364188	0.886423949083251	F6_S2	F6_S2	non-PMA	F6	S2	Waste compartment	6290659	4917762	6.69176750679639
SRR17140459	159	3.04145383172953	0.901104890822362	F6_S1_P	F6_S1	PMA	F6	S1	Cupola	30173615	635951	5.80342365456442
SRR17140460	336	3.34608972746118	0.915497279697893	F6_S1	F6_S1	non-PMA	F6	S1	Cupola	34503061	804965	5.90577699758859
SRR17140461	235	1.17325599528111	0.31813710994755	F5_S8_P	F5_S8	PMA	F5	S8	Crew quarters	270054	242425	5.38457740428219
SRR17140462	500	3.03000462887423	0.871607910165947	F5_S8	F5_S8	non-PMA	F5	S8	Crew quarters	3554696	3184452	6.50303470704732
SRR17140463	462	0.500970416868435	0.16716118888698	F4_S2_P	F4_S2	PMA	F4	S2	Waste compartment	12124421	11913962	7.07605621056754
SRR17140464	251	2.39594567994636	0.758995138479665	F5_S7_P	F5_S7	PMA	F5	S7	Lab overhead	395479	353055	5.54784236639597
SRR17140465	113	2.61162129731416	0.805961772247509	F4_S4_P	F4_S4	PMA	F4	S4	Dining table	57855	42811	4.6315553724129
SRR17140466	161	2.62422519885378	0.714208858367584	F7_S8_P	F7_S8	PMA	F7	S8	Crew quarters	75212	53436	4.72783394117885
SRR17140467	1033	3.03180308165449	0.846305799679268	F7_S8	F7_S8	non-PMA	F7	S8	Crew quarters	5333466	4563701	6.65931718300651
SRR17140468	94	2.69045283812241	0.77915160865522	F7_S7_P	F7_S7	PMA	F7	S7	Lab overhead	30111	19653	4.2934288541516
SRR17140469	912	2.52916951849224	0.747101532559568	F7_S7	F7_S7	non-PMA	F7	S7	Lab overhead	8560711	6579085	6.81816549740076
SRR17140470	491	3.47139652796507	0.90960625847154	F4_S4	F4_S4	non-PMA	F4	S4	Dining table	1535938	986143	5.99393989628792
SRR17140471	213	2.43910762774207	0.78497864411062	F7_S6_P	F7_S6	PMA	F7	S6	PMM	150345	108432	5.03515746829595
SRR17140472	754	2.65742927373908	0.811609376651981	F7_S6	F7_S6	non-PMA	F7	S6	PMM	3920743	3393428	6.53063863898957
SRR17140473	154	3.64384339447088	0.891545351330446	F7_S5_P	F7_S5	PMA	F7	S5	Overhead 4	54478	28464	4.45429593073985
SRR17140474	867	3.11943097760032	0.819046653481682	F7_S5	F7_S5	non-PMA	F7	S5	Overhead 4	5410282	3144159	6.49750450017799
SRR17140475	351	3.60050702996571	0.912007883171494	F7_S4_P	F7_S4	PMA	F7	S4	Dining table	212040	132444	5.12203228859841
SRR17140476	1093	3.12014742808425	0.867195260267881	F7_S4	F7_S4	non-PMA	F7	S4	Dining table	6571027	5062948	6.70440346690313
SRR17140477	287	2.92391359135445	0.836745761628016	F7_S3_P	F7_S3	PMA	F7	S3	Exercise platform	415685	357177	5.55288348522579
SRR17140478	1501	3.50807771388822	0.928786420373885	F7_S3	F7_S3	non-PMA	F7	S3	Exercise platform	14769515	11810940	7.07228446328391
SRR17140479	246	4.12007157650038	0.936672263311989	F7_S2_P	F7_S2	PMA	F7	S2	Waste compartment	76026	45896	4.66177483687438
SRR17140480	964	3.9614649452377	0.959776954211087	F7_S2	F7_S2	non-PMA	F7	S2	Waste compartment	14960575	8381294	6.92331107515475
SRR17140481	341	2.59778962142414	0.767726943700207	F4_S3_P	F4_S3	PMA	F4	S3	Exercise platform	353823	304039	5.48292929544572
SRR17140482	147	3.10641304850739	0.850733987889273	F7_S1_P	F7_S1	PMA	F7	S1	Cupola	64565	34000	4.53147891704226
SRR17140483	975	2.91695243895667	0.83623341091522	F7_S1	F7_S1	non-PMA	F7	S1	Cupola	14467541	5544713	6.74387907154162
SRR17140484	332	2.6757786189581	0.851109758752716	F6_S8_P	F6_S8	PMA	F6	S8	Crew quarters	24504358	1567120	6.19510225322829
SRR17140485	267	3.73430717913696	0.926113915670327	F4_S1_P	F4_S1	PMA	F4	S1	Cupola	126103	85685	4.9329048010667
SRR17140486	636	2.89149107532455	0.852478048185435	F4_S1	F4_S1	non-PMA	F4	S1	Cupola	1795922	1554684	6.19164212905256
SRR17140487	458	2.59337474868788	0.807115284683381	F5_S7	F5_S7	non-PMA	F5	S7	Lab overhead	1380254	1273641	6.10504703106818
SRR17140488	501	4.03327628802162	0.934287828388731	F5_S6_P	F5_S6	PMA	F5	S6	PMM	782464	422207	5.62552542943628
SRR17140489	865	3.58758472763824	0.869950310446485	F5_S6	F5_S6	non-PMA	F5	S6	PMM	2076451	1600699	6.2043096736251
SRR17140490	268	2.43429708268425	0.714686095027882	F5_S5_P	F5_S5	PMA	F5	S5	Overhead 4	395781	178973	5.25278751793263
SRR17140491	669	3.74459009442792	0.917186527287626	F5_S5	F5_S5	non-PMA	F5	S5	Overhead 4	3781829	2850595	6.45493551904241
SRR17140492	437	3.60171915197735	0.820565474582419	F5_S4_P	F5_S4	PMA	F5	S4	Dining table	498275	171196	5.23349361315526
SRR17140493	736	3.73594383944407	0.903303434514649	F5_S4	F5_S4	non-PMA	F5	S4	Dining table	1714849	1299077	6.11363489370892
SRR17140494	707	3.57292771634801	0.875212383986788	F5_S3_P	F5_S3	PMA	F5	S3	Exercise platform	873971	668994	5.82542222273258
SRR17140495	832	3.56652736961665	0.906997330058859	F5_S3	F5_S3	non-PMA	F5	S3	Exercise platform	2733611	2292189	6.36025042406019
SRR17140496	673	3.02456964729109	0.871684783112681	F4_S2	F4_S2	non-PMA	F4	S2	Waste compartment	9671164	8672548	6.93814671221285
SRR17140497	375	3.68150005720825	0.912268392665365	F5_S2_P	F5_S2	PMA	F5	S2	Waste compartment	334157	207602	5.31723153311081
SRR17140498	778	3.04406115256694	0.845551348122021	F5_S2	F5_S2	non-PMA	F5	S2	Waste compartment	5419601	4735292	6.6753467647709
SRR17140499	183	3.29475551216107	0.917093044299727	F5_S1_P	F5_S1	PMA	F5	S1	Cupola	109518	89894	4.95373070559473
SRR17140500	748	3.78630389733589	0.936394078162563	F5_S1	F5_S1	non-PMA	F5	S1	Cupola	3387138	2832527	6.45217405830423
SRR17140501	151	2.36396214231682	0.761001423588345	F4_S8_P	F4_S8	PMA	F4	S8	Crew quarters	118450	98857	4.99500742684887
SRR17140502	429	1.84854208998505	0.643702005043299	F4_S8	F4_S8	non-PMA	F4	S8	Crew quarters	1742847	1639647	6.21475035874674
SRR17140503	322	2.13797596637045	0.651679373768012	F4_S7_P	F4_S7	PMA	F4	S7	Lab overhead	520325	461550	5.66421875530314
SRR17140504	518	1.29302397919304	0.417692896847007	F4_S7	F4_S7	non-PMA	F4	S7	Lab overhead	6474533	6207456	6.79291364984965
SRR17140505	300	1.88511344656149	0.542577975617328	F4_S6_P	F4_S6	PMA	F4	S6	PMM	487255	401584	5.60377640122328
