ARG_group	N_pairs	Median_nonPMA	Median_PMA	Median_delta	Median_log2_ratio	PMA_higher	PMA_lower	Equal	Wilcoxon_V	P_value	FDR_BH	N_detected_PMA	N_detected_non-PMA	Prevalence_PMA	Prevalence_non-PMA	Median_16S_PMA	Median_16S_non-PMA	Mean_16S_PMA	Mean_16S_non-PMA	Prevalence_change	Persistent_PMA_50	Persistent_PMA_75	Direction
RPOB2	32	0.15669292712	0.172067267966	0.000731527800049994	-0.00358766405904364	16	16	0	288	0.660353553300313	0.919140756620706	31	32	0.96875	1	0.172067267966	0.15669292712	0.167154807493134	0.162909288204728	-0.03125	TRUE	TRUE	Not significant
MULTIDRUG_ABC_TRANSPORTER	32	0.0955365061486	0.0552812180893	-0.0429492631288	-0.800728685680454	6	26	0	66	0.000221588620254059	0.00456472557723361	30	32	0.9375	1	0.0552812180893	0.0955365061486	0.0654569509608606	0.113353565096603	-0.0625	TRUE	TRUE	Lower in PMA
BACA	32	0.1764467755495	0.1287483765065	-0.07070001074955	-0.700631138982819	9	23	0	167	0.0711611524870504	0.18985339967566	30	32	0.9375	1	0.1287483765065	0.1764467755495	0.162035836508512	0.204148396405122	-0.0625	TRUE	TRUE	Not significant
MAJOR_FACILITATOR_SUPERFAMILY_TRANSPORTER	32	0.123316657503	0.04997455715535	-0.05189239944795	-1.0016586568913	5	27	0	96	0.00173577056022313	0.0155464667567811	29	32	0.90625	1	0.04997455715535	0.123316657503	0.0996974128607929	0.152817892670891	-0.09375	TRUE	TRUE	Lower in PMA
NORA	32	0.1068522670175	0.04360354351505	-0.019029486660275	-0.909639166540143	8	24	0	91	0.00125723354341487	0.012493673960451	27	32	0.84375	1	0.04360354351505	0.1068522670175	0.0706077533110497	0.118637686998292	-0.15625	TRUE	TRUE	Lower in PMA
MARR	32	0.153495687549	0.0683932646114	-0.0629785362708	-0.968317538929889	5	27	0	75	0.000423882383120299	0.00646813117946531	26	32	0.8125	1	0.0683932646114	0.153495687549	0.0962691406483934	0.177172770518084	-0.1875	TRUE	TRUE	Lower in PMA
MSRA	32	0.0915713644218	0.03690143447645	-0.05314274946815	-1.299718126304	6	26	0	84	0.00078947227259667	0.00919889656831964	26	32	0.8125	1	0.03690143447645	0.0915713644218	0.0700306175532541	0.138106454492382	-0.1875	TRUE	TRUE	Lower in PMA
FMTC	32	0.0266502930489	0.0157210438448	-0.01364066434578	-0.725444746689158	7	25	0	128	0.0112863269595254	0.0584433054976037	26	32	0.8125	1	0.0157210438448	0.0266502930489	0.0257331330883683	0.0368665336535613	-0.1875	TRUE	TRUE	Not significant
UGD	32	0.02544453376095	0.026933694836	-0.0005863510721175	-0.078962171418898	15	17	0	264	1	1	26	32	0.8125	1	0.026933694836	0.02544453376095	0.0353102320344717	0.034048200046536	-0.1875	TRUE	TRUE	Not significant
TETM	32	0.02529785680175	0.00938989084891	-0.01206861076375	-1.57349590357878	4	28	0	57	0.000112770971927725	0.00307283441051156	25	32	0.78125	1	0.00938989084891	0.02529785680175	0.0168122323298578	0.0493550315148551	-0.21875	TRUE	TRUE	Lower in PMA
EMRB-QACA_FAMILY_MAJOR_FACILITATOR_TRANSPORTER	32	0.0819253549132	0.0275083776328	-0.04125370860235	-1.33866685372628	4	28	0	79	0.000560681266601015	0.00770002272798727	25	32	0.78125	1	0.0275083776328	0.0819253549132	0.0452590208410943	0.0876036058601881	-0.21875	TRUE	TRUE	Lower in PMA
DFRC	32	0.102918140411	0.0404351300101	-0.0330606123017	-1.18192348897836	9	23	0	97	0.0018496179589696	0.0162136723211804	24	32	0.75	1	0.0404351300101	0.102918140411	0.0614317485520723	0.109373149612006	-0.25	TRUE	TRUE	Lower in PMA
ACRB	32	0.00174226949681	0.00566966406323	0.00066873958197	0.486772916402382	19	11	2	346	0.0201135801863983	0.0837050003716776	24	29	0.75	0.90625	0.00566966406323	0.00174226949681	0.0101933217059439	0.00440038600459903	-0.15625	TRUE	TRUE	Not significant
QACB	32	0.06498381941525	0.01365351605785	-0.0269377565522	-2.00390392667908	1	31	0	19	4.83342867630927e-06	0.00175405281124123	23	32	0.71875	1	0.01365351605785	0.06498381941525	0.044479304841462	0.107184486463416	-0.28125	TRUE	FALSE	Lower in PMA
MPHC	32	0.07158544140505	0.0125843312006	-0.03370677545907	-1.90298253715853	5	27	0	79	0.000560681266601015	0.00770002272798727	23	32	0.71875	1	0.0125843312006	0.07158544140505	0.0528126808963606	0.112991437593431	-0.28125	TRUE	FALSE	Lower in PMA
TRUNCATED_PUTATIVE_RESPONSE_REGULATOR_ARLR	32	0.0990003480566	0.03733799352895	-0.0516733125385	-1.49662743432679	5	27	0	89	0.00110253137136926	0.0119537611843194	23	32	0.71875	1	0.03733799352895	0.0990003480566	0.0697601034557703	0.122083368765413	-0.28125	TRUE	FALSE	Lower in PMA
MEXF	32	0.00139823708072	0.00311898394361	0.001639706475255	0.861376483184142	20	10	2	369	0.0051532593031592	0.0344358002577528	23	30	0.71875	0.9375	0.00311898394361	0.00139823708072	0.0226007889295698	0.0110049963644599	-0.21875	TRUE	FALSE	Higher in PMA
CLASS_A	32	0.0561912275848	0.02265811519625	-0.0244615429171	-1.12576838002734	9	23	0	146	0.0280114896459215	0.0969809557489047	23	32	0.71875	1	0.02265811519625	0.0561912275848	0.0460656736150878	0.0655851941199987	-0.28125	TRUE	FALSE	Not significant
PBP-1A	32	0.02257072698595	0.00501331941452	-0.0100441272691	-2.66678865769718	9	23	0	147	0.0293742997448304	0.100851762457251	21	32	0.65625	1	0.00501331941452	0.02257072698595	0.0235566445416067	0.0453839211864682	-0.34375	TRUE	FALSE	Not significant
MEL	32	0.0258084765361	0.0093674549802	-0.0059963930083	-1.51901409434437	10	21	1	151	0.0586154548457486	0.163616724458081	21	31	0.65625	0.96875	0.0093674549802	0.0258084765361	0.0268390282114677	0.046670661741161	-0.3125	TRUE	FALSE	Not significant
MACB	32	0.00936163054615	0.003455206576475	-0.00129248529634	-0.465728760923099	10	21	1	146	0.046695759239266	0.1457473697468	20	31	0.625	0.96875	0.003455206576475	0.00936163054615	0.0112656488176925	0.020386225492733	-0.34375	TRUE	FALSE	Not significant
ERMX	32	0.0289653161222	0.00657273815409	-0.006564394422535	-2.48669464619618	9	23	0	210	0.317120221129492	0.588529419393471	20	32	0.625	1	0.00657273815409	0.0289653161222	0.0653849706879477	0.0446070936525512	-0.375	TRUE	FALSE	Not significant
VGAA	32	0.05546090345165	0.01319685391665	-0.0246316565926	-2.22396572232144	5	27	0	57	0.000112770971927725	0.00307283441051156	19	32	0.59375	1	0.01319685391665	0.05546090345165	0.0263758733811605	0.0630897849125144	-0.40625	TRUE	FALSE	Lower in PMA
PBP-2X	32	0.01529904351645	0.004168004356575	-0.0125823751307	-3.06125975453047	7	24	1	135	0.0274813809289688	0.0959519401926708	19	31	0.59375	0.96875	0.004168004356575	0.01529904351645	0.0172384003577884	0.0334230899809126	-0.375	TRUE	FALSE	Not significant
PBP-1B	32	0.01406060839095	0.000653949293538	-0.006562010878715	-4.62949556471259	7	25	0	151	0.0354106714096461	0.117654811457856	18	32	0.5625	1	0.000653949293538	0.01406060839095	0.013618796463327	0.0232242810048731	-0.4375	TRUE	FALSE	Not significant
PATB	32	0.01746940973185	0.004790785833605	-0.009252265945335	-1.78100070540678	9	22	1	200	0.351938461665693	0.594904545693974	18	31	0.5625	0.96875	0.004790785833605	0.01746940973185	0.0346531955801462	0.0343378361369281	-0.40625	TRUE	FALSE	Not significant
TET(K)	32	0.01702930836805	0.000572613190675	-0.0113542830365	-4.6549032351894	5	26	1	65	0.000348399154531095	0.00552078660256967	16	31	0.5	0.96875	0.000572613190675	0.01702930836805	0.0116910259767006	0.0259248320895941	-0.46875	TRUE	FALSE	Lower in PMA
TETA	32	0.00727722041582	0.0013003523301	-0.00294233775508	-1.96362564776435	9	22	1	165	0.105939821887558	0.253762829172523	16	31	0.5	0.96875	0.0013003523301	0.00727722041582	0.00918008858008781	0.00956675061040784	-0.46875	TRUE	FALSE	Not significant
MEXB	32	0.001780091439175	0.000150762593414	-0.000120024018156	-0.5915681486562	13	17	2	254	0.665788563949399	0.920656546705718	16	30	0.5	0.9375	0.000150762593414	0.001780091439175	0.0112655295131793	0.00591238183531977	-0.4375	TRUE	FALSE	Not significant
TETB	32	0.01089655260404	0	-0.005691818114835	-7.19699636068016	5	26	1	92	0.00230935745216598	0.0194174544957629	15	31	0.46875	0.96875	0	0.01089655260404	0.00777057345774025	0.0145456096457419	-0.5	FALSE	FALSE	Lower in PMA
LMRD	32	0.00452046669223	0	-0.001891423794535	-5.16834455757097	8	23	1	143	0.0405757817723174	0.127612382367899	15	31	0.46875	0.96875	0	0.00452046669223	0.00969066446188219	0.0173821143729603	-0.5	FALSE	FALSE	Not significant
RLMA(II)	32	0.0198281374442	0	-0.0112969396528	-10.4462160629064	7	25	0	158	0.0485254031926692	0.150319294100599	15	32	0.46875	1	0	0.0198281374442	0.02220994041514	0.0423754763431358	-0.53125	FALSE	FALSE	Not significant
MEFA	32	0.02476015810375	0	-0.00784735245609	-10.7986289964014	9	23	0	183	0.132256048697417	0.302719400351867	15	32	0.46875	1	0	0.02476015810375	0.029364564258004	0.0465609734616899	-0.53125	FALSE	FALSE	Not significant
MEXK	32	0.000861896518955	0	-4.456822757915e-05	-0.526482643767611	11	17	4	235	0.473189107750515	0.708923317793499	15	27	0.46875	0.84375	0	0.000861896518955	0.0116007257601601	0.00552071412192664	-0.375	FALSE	FALSE	Not significant
ARLS	32	0.0302811534565	0	-0.01828009256265	-12.3112922422859	5	27	0	41	3.17532003652005e-05	0.00261646371009252	14	32	0.4375	1	0	0.0302811534565	0.0104211308707191	0.0303477335991688	-0.5625	FALSE	FALSE	Lower in PMA
ERMC	32	0.02121994046645	0	-0.01336972127925	-9.88427010528908	4	27	1	74	0.000673857139583315	0.00895577875833309	14	31	0.4375	0.96875	0	0.02121994046645	0.017942627346131	0.0400683796514754	-0.53125	FALSE	FALSE	Lower in PMA
MEPA	32	0.0260743521902	0	-0.020286272661825	-11.7584231478421	5	27	0	114	0.00518208644655503	0.0344358002577528	14	32	0.4375	1	0	0.0260743521902	0.0308167996257016	0.0522719089759209	-0.5625	FALSE	FALSE	Lower in PMA
ADEJ	32	0.000420656997125	0	0	0	14	15	3	283	0.159870249540004	0.361904081376273	14	25	0.4375	0.78125	0	0.000420656997125	0.00277536876573617	0.000683123302243531	-0.34375	FALSE	FALSE	Not significant
MDTK	32	0.003982895934055	0	-0.001668327927975	-8.17995312241422	10	21	1	199	0.341892569936614	0.594904545693974	14	31	0.4375	0.96875	0	0.003982895934055	0.00701067380405206	0.0136330057090434	-0.53125	FALSE	FALSE	Not significant
MDTG	32	0.0120254646329	0	-0.006596630803925	-10.5186966157855	7	24	1	111	0.00747452119686051	0.0437098391393249	13	31	0.40625	0.96875	0	0.0120254646329	0.0136495369399525	0.0249186942964462	-0.5625	FALSE	FALSE	Lower in PMA
MEXW	32	0.0001479543477665	0	0	0	11	10	11	161	0.117795436456402	0.275748408068396	13	19	0.40625	0.59375	0	0.0001479543477665	0.0125248688634833	0.0065457661338357	-0.1875	FALSE	FALSE	Not significant
TETQ	32	0.002270362848205	0	-0.001087473469075	-8.89953118525609	9	22	1	189	0.251630557454287	0.491335496071879	13	31	0.40625	0.96875	0	0.002270362848205	0.00411319731172681	0.0048576826475211	-0.5625	FALSE	FALSE	Not significant
APH(3')-I	32	0.00443420591944	0	-0.00143356341988	-9.61124494492291	11	20	1	210	0.46241840310379	0.695315263061174	13	31	0.40625	0.96875	0	0.00443420591944	0.0195368248298122	0.00620086262424919	-0.5625	FALSE	FALSE	Not significant
MTRA	32	0.0078166592154	0	-0.00433146369196	-10.4148304251876	9	21	2	201	0.523722036967441	0.773381645987762	13	30	0.40625	0.9375	0	0.0078166592154	0.0252624195223647	0.0138561493349816	-0.53125	FALSE	FALSE	Not significant
QACA	32	0.0129836493138	0	-0.00635238408028	-10.3821455116573	3	28	1	62	0.000277809128005705	0.00520260730628865	12	31	0.375	0.96875	0	0.0129836493138	0.00926093815056406	0.0200594179102178	-0.59375	FALSE	FALSE	Lower in PMA
LMRC	32	0.00400031007094	0	-0.00272577592745	-9.54262514699244	5	26	1	65	0.000348399154531095	0.00552078660256967	12	31	0.375	0.96875	0	0.00400031007094	0.00321493034007984	0.01736411845241	-0.59375	FALSE	FALSE	Lower in PMA
EMRB	32	0.005060000897965	0	-0.00199738048239	-9.84040696840104	7	24	1	132	0.0236109841056414	0.0875323350184616	12	31	0.375	0.96875	0	0.005060000897965	0.0059971896227675	0.00858369421680641	-0.59375	FALSE	FALSE	Not significant
LNUA	32	0.0370653550222	0	-0.009308426852095	-11.1872213753551	7	24	1	132	0.0236109841056414	0.0875323350184616	12	31	0.375	0.96875	0	0.0370653550222	0.0505186604841131	0.0855874431192866	-0.59375	FALSE	FALSE	Not significant
OPRM	32	0.0003132651117805	0	0	0	12	10	10	179	0.0913701927301906	0.23675798367823	12	20	0.375	0.625	0	0.0003132651117805	0.00957537344260657	0.00262735276059075	-0.25	FALSE	FALSE	Not significant
AMRB	32	0.0001759669129655	0	0	0	11	13	8	193	0.22463863892378	0.447106856215447	12	20	0.375	0.625	0	0.0001759669129655	0.00246893153768091	0.000995507000478775	-0.25	FALSE	FALSE	Not significant
MEXD	32	0.000156452798066	0	0	0	11	14	7	206	0.247273502000825	0.485127061068285	12	23	0.375	0.71875	0	0.000156452798066	0.00237328913144482	0.000933216046243462	-0.34375	FALSE	FALSE	Not significant
VANR	32	0.002318238634845	0	-0.0006352912161145	-1.32420028521246	10	17	5	193	0.932986865767728	1	12	26	0.375	0.8125	0	0.002318238634845	0.0239477870163972	0.0185045283249112	-0.4375	FALSE	FALSE	Not significant
FOSB	32	0.0318978831021	0	-0.02585251341535	-13.5082359496093	3	28	1	75	0.000723793495344234	0.0090957339899997	11	31	0.34375	0.96875	0	0.0318978831021	0.0208006888785772	0.0427514353107875	-0.625	FALSE	FALSE	Lower in PMA
MTRD	32	0.00234323661049	0	-0.001621034704065	-9.20603139527287	3	27	2	74	0.0011548716402423	0.0122001824558931	11	30	0.34375	0.9375	0	0.00234323661049	0.00335353175774406	0.0129590161522013	-0.59375	FALSE	FALSE	Lower in PMA
AADD	32	0.00668295684581	0	-0.003476723902085	-9.64691247398066	5	25	2	121	0.0224253225903911	0.0866134555481239	11	30	0.34375	0.9375	0	0.00668295684581	0.0180811224428897	0.0135494975599273	-0.59375	FALSE	FALSE	Not significant
NORB	32	0.004429553094745	0	-0.003609649675575	-10.1561756680906	7	23	2	140	0.0584527226910135	0.163616724458081	11	30	0.34375	0.9375	0	0.004429553094745	0.00517852771616531	0.00546687090125528	-0.59375	FALSE	FALSE	Not significant
MEXY	32	0	0	0	0	10	10	12	149	0.104381970287785	0.251493402096884	11	14	0.34375	0.4375	0	0	0.00270143130687613	0.000432506483864616	-0.09375	FALSE	FALSE	Not significant
ADEF	32	0.0003019863235	0	0	0	10	14	8	190	0.259078669122514	0.501128693326178	11	22	0.34375	0.6875	0	0.0003019863235	0.00424239110860934	0.00206652143576866	-0.34375	FALSE	FALSE	Not significant
ERMB	32	0.008519078622875	0	-0.005715211435285	-11.711792860279	6	24	2	90	0.0034924125632797	0.026888868919061	10	30	0.3125	0.9375	0	0.008519078622875	0.00631164226550875	0.0148542351890155	-0.625	FALSE	FALSE	Lower in PMA
RBPA	32	0.0110069528694	0	-0.006348088158735	-12.3507266882689	7	24	1	122	0.0139182488688089	0.0641624746833847	10	28	0.3125	0.875	0	0.0110069528694	0.0139878716747069	0.0185803933192167	-0.5625	FALSE	FALSE	Not significant
CAT_CHLORAMPHENICOL_ACETYLTRANSFERASE	32	0.0052481347984	0	-0.003168572993545	-10.7420023223184	7	22	3	129	0.0570612037794071	0.163616724458081	10	29	0.3125	0.90625	0	0.0052481347984	0.0244309521891425	0.0152448794425274	-0.59375	FALSE	FALSE	Not significant
OQXB	32	0.000495031624316	0	-0.0002827778011845	-7.53816995997627	8	22	2	157	0.122921679017522	0.286122778278073	10	28	0.3125	0.875	0	0.000495031624316	0.00101864580538666	0.00115939101878881	-0.5625	FALSE	FALSE	Not significant
ADEB	32	0.0003929810709535	0	0	0	9	15	8	157	0.852668824833466	1	10	22	0.3125	0.6875	0	0.0003929810709535	0.00130895972319188	0.000987011203697616	-0.375	FALSE	FALSE	Not significant
MEXT	32	0.001775563516675	0	-5.95983047850003e-05	-0.00933865889317896	9	16	7	166	0.935664046257304	1	10	25	0.3125	0.78125	0	0.001775563516675	0.0218502529639891	0.009305305842412	-0.46875	FALSE	FALSE	Not significant
TRIC	32	0.000501495266395	0	-0.0001723990411775	-7.02779064423477	9	18	5	187	0.971252458876789	1	10	26	0.3125	0.8125	0	0.000501495266395	0.00867767734123309	0.00608581501503781	-0.5	FALSE	FALSE	Not significant
EFRB	32	0.007343643518075	0	-0.005757317836345	-11.7911151756168	2	29	1	33	2.62866886764502e-05	0.00261646371009252	9	31	0.28125	0.96875	0	0.007343643518075	0.00389118986810562	0.00997000741262562	-0.6875	FALSE	FALSE	Lower in PMA
PENA	32	0.00692005052044	0	-0.00305739266236	-10.9691609429476	6	25	1	108	0.00626236466187336	0.0379425623631151	9	31	0.28125	0.96875	0	0.00692005052044	0.00855531074863188	0.0206911125313163	-0.6875	FALSE	FALSE	Lower in PMA
MEXN	32	7.761497748775e-05	0	0	0	8	9	15	98	0.320174066831492	0.591532356657285	9	17	0.28125	0.53125	0	7.761497748775e-05	0.00296564126166719	0.00183984721412067	-0.25	FALSE	FALSE	Not significant
TAEA	32	0.000650397732841	0	-0.000541082442153	-9.08235564880443	9	21	2	198	0.484349860250127	0.723015008779175	9	29	0.28125	0.90625	0	0.000650397732841	0.00111380065572531	0.000943758876721969	-0.625	FALSE	FALSE	Not significant
MDTB	32	0.000357671418246	0	-9.326048656555e-05	-5.90465400310891	8	18	6	158	0.665911774073553	0.920656546705718	9	24	0.28125	0.75	0	0.000357671418246	0.00287423462902638	0.00191076733979815	-0.46875	FALSE	FALSE	Not significant
TETP	32	0	0	0	0	8	6	18	84	0.0516462183078041	0.15645766134423	8	14	0.25	0.4375	0	0	0.0140815423438916	0.000706515022922281	-0.1875	FALSE	FALSE	Not significant
OMPR	32	0.00333024769816	0	-0.001782082582155	-10.6350218861661	7	24	1	154	0.0669101677231786	0.181361770407563	8	31	0.25	0.96875	0	0.00333024769816	0.00492645829069688	0.00677041110693697	-0.71875	FALSE	FALSE	Not significant
APH(6)-I	32	0.001967384793645	0	-0.0010400171837935	-9.37392357186488	6	22	4	133	0.113509487391612	0.270323172285227	8	27	0.25	0.84375	0	0.001967384793645	0.00720578265359063	0.00345238766196938	-0.59375	FALSE	FALSE	Not significant
ROSB	32	0.00055916394867	0	-0.000280003230196	-7.71488056649988	7	21	4	136	0.129949855772509	0.300782812237493	8	25	0.25	0.78125	0	0.00055916394867	0.00119790753102947	0.00140124537825241	-0.53125	FALSE	FALSE	Not significant
MUXB	32	0.0003061817033655	0	-0.00010370968764475	-6.47744744051279	7	19	6	139	0.360544952114757	0.594904545693974	8	25	0.25	0.78125	0	0.0003061817033655	0.00434730591802076	0.00180884216531788	-0.53125	FALSE	FALSE	Not significant
ROSA	32	0.000272601588612	0	-0.0002351158475855	-7.1747455527404	6	20	6	141	0.387845458153092	0.614585879842592	8	22	0.25	0.6875	0	0.000272601588612	0.00534447111960938	0.000765261012526688	-0.4375	FALSE	FALSE	Not significant
ACRA	32	0.000112946010545	0	0	0	7	11	14	101	0.513591682337011	0.76115026303183	8	16	0.25	0.5	0	0.000112946010545	0.00235147062993125	0.000836305800959188	-0.25	FALSE	FALSE	Not significant
MDTC	32	0	0	0	0	7	11	14	97	0.631900275866177	0.885520114479132	8	15	0.25	0.46875	0	0	0.00107977180880625	0.000722797614567366	-0.21875	FALSE	FALSE	Not significant
MECA	32	0.004110359890755	0	-0.00244626642832	-10.0832581419436	3	26	3	36	9.08551186277937e-05	0.00307283441051156	7	29	0.21875	0.90625	0	0.004110359890755	0.00134181207129469	0.00448416320051977	-0.6875	FALSE	FALSE	Lower in PMA
TRANSCRIPTIONAL_REGULATORY_PROTEIN_CPXR_CPXR	32	0.004438119499	0	-0.00346493712874	-10.8823496219703	2	29	1	61	0.000257427036801241	0.00505047329343386	7	30	0.21875	0.9375	0	0.004438119499	0.00306304225304656	0.00726563001475394	-0.71875	FALSE	FALSE	Lower in PMA
ERM(TR)	32	0.0042663631599	0	-0.002133381419415	-10.5320778761236	4	24	4	44	0.000307059165224689	0.00550036417706835	7	28	0.21875	0.875	0	0.0042663631599	0.00181197668862625	0.00698854069169025	-0.65625	FALSE	FALSE	Lower in PMA
CHLORAMPHENICOL_EXPORTER	32	0.002904253884165	0	-0.001779549789455	-10.5457181582327	4	27	1	83	0.00126576097174081	0.012493673960451	7	31	0.21875	0.96875	0	0.002904253884165	0.00264240568832731	0.00856580509413034	-0.75	FALSE	FALSE	Lower in PMA
LSAC	32	0.0054686319679	0	-0.0048544125776205	-12.0725299231389	5	26	1	96	0.0029889062442916	0.0237530509029168	7	31	0.21875	0.96875	0	0.0054686319679	0.00760540338444997	0.00725032932164859	-0.75	FALSE	FALSE	Lower in PMA
MECR1	32	0.004777489908705	0	-0.00405540964274	-11.406806659924	4	25	3	90	0.00602998215296531	0.0372658497337768	7	28	0.21875	0.875	0	0.004777489908705	0.00285176270377719	0.00719586052313331	-0.65625	FALSE	FALSE	Lower in PMA
TETB(46)	32	0.001053451348815	0	-0.0008276825803645	-8.99679996058025	4	25	3	97	0.00946503425447148	0.0513104488531875	7	28	0.21875	0.875	0	0.001053451348815	0.00401870335108376	0.00495220981061018	-0.65625	FALSE	FALSE	Not significant
TOLC	32	0.001123967257935	0	-0.0011022187526	-9.38431709262928	5	22	5	93	0.0217682559720301	0.0866134555481239	7	26	0.21875	0.8125	0	0.001123967257935	0.00239037694719797	0.00201236921683018	-0.59375	FALSE	FALSE	Not significant
MEXE	32	0.00114629975232	0	-0.000730792010792	-9.35551068679081	6	20	6	94	0.0396635150333936	0.125702832259678	7	25	0.21875	0.78125	0	0.00114629975232	0.00427678874251106	0.00453126948115141	-0.5625	FALSE	FALSE	Not significant
MACA	32	0.002477964464845	0	-0.00181415248022	-10.6793467662873	6	24	2	139	0.0557665460839967	0.163616724458081	7	30	0.21875	0.9375	0	0.002477964464845	0.00648256404153	0.0101905992389582	-0.71875	FALSE	FALSE	Not significant
VANS	32	0.001457003367035	0	-0.000423942424724	-8.31235593055458	5	20	7	95	0.0714254294896295	0.18985339967566	7	25	0.21875	0.78125	0	0.001457003367035	0.00267194304256687	0.00260942809250531	-0.5625	FALSE	FALSE	Not significant
OXA	32	0.000586072610191	0	-0.0003919174065715	-7.83676093057754	6	18	8	116	0.338495154510859	0.594904545693974	7	22	0.21875	0.6875	0	0.000586072610191	0.00953071576163784	0.00138847850645191	-0.46875	FALSE	FALSE	Not significant
ARNA	32	0.0002914049136155	0	0	0	6	15	11	90	0.384879266166369	0.614585879842592	7	19	0.21875	0.59375	0	0.0002914049136155	0.00124688080561975	0.00115698128519503	-0.375	FALSE	FALSE	Not significant
ABCA	32	0.0001714983828495	0	-6.540746238765e-05	-5.40643908182249	6	18	8	121	0.415481291692167	0.640232965287874	7	23	0.21875	0.71875	0	0.0001714983828495	0.447711366320177	0.190364027701193	-0.5	FALSE	FALSE	Not significant
SUL1	32	0	0	0	0	6	9	17	74	0.443231075591052	0.668905506020196	7	12	0.21875	0.375	0	0	0.00523031625548406	0.000889333406215031	-0.15625	FALSE	FALSE	Not significant
BPEF	32	0	0	0	0	6	11	15	87	0.635941334000006	0.888162134264415	7	12	0.21875	0.375	0	0	0.00308562896434281	0.000393652553501325	-0.15625	FALSE	FALSE	Not significant
ERMA	32	0.0001861863913005	0	0	0	7	12	13	91	0.887990309731588	1	7	16	0.21875	0.5	0	0.0001861863913005	0.00461574250295309	0.00109249455691797	-0.28125	FALSE	FALSE	Not significant
TETW	32	0.002938681599205	0	-0.00268311654105	-9.97738044239979	1	27	4	7	8.51481947204483e-06	0.00175405281124123	6	28	0.1875	0.875	0	0.002938681599205	0.00291466058708259	0.00715761599610834	-0.6875	FALSE	FALSE	Lower in PMA
QACG	32	0.01020975876415	0	-0.008745765481175	-12.2827021198734	1	28	3	28	4.37392061925869e-05	0.00283070329129116	6	29	0.1875	0.90625	0	0.01020975876415	0.0158143169560769	0.0355399941352513	-0.71875	FALSE	FALSE	Lower in PMA
BLAZ	32	0.005353011436235	0	-0.00338013779307	-11.4741273141052	4	27	1	76	0.000777149761774029	0.00919889656831964	6	31	0.1875	0.96875	0	0.005353011436235	0.00236098922804219	0.00652490250796481	-0.78125	FALSE	FALSE	Lower in PMA
STAPHYLOCOCCUS_MUPA_CONFERRING_RESISTANCE_TO_MUPIROCIN	32	0.0007384252846645	0	-0.000568819659558	-9.15404549526879	5	23	4	62	0.00137721125093089	0.0129015907329111	6	28	0.1875	0.875	0	0.0007384252846645	0.000318681756320719	0.00208884619261133	-0.6875	FALSE	FALSE	Lower in PMA
CAMP-REGULATORY_PROTEIN	32	0.00595850598843	0	-0.00280953616278	-11.1735733749059	4	27	1	103	0.00463011574889041	0.0317934614757142	6	31	0.1875	0.96875	0	0.00595850598843	0.00853393613303125	0.012608527962674	-0.78125	FALSE	FALSE	Lower in PMA
EFRA	32	0.001666668225885	0	-0.001427881588182	-10.4103689202636	4	24	4	95	0.0143680358028092	0.0641624746833847	6	28	0.1875	0.875	0	0.001666668225885	0.00130057055095612	0.00272677854656681	-0.6875	FALSE	FALSE	Not significant
APH(3'')-I	32	0.001851111757945	0	-0.000575420398741	-9.09854760610681	4	21	7	75	0.0192372507871994	0.0808749726972056	6	25	0.1875	0.78125	0	0.001851111757945	0.00390549974716062	0.00339279835946487	-0.59375	FALSE	FALSE	Not significant
KASUGAMYCIN_RESISTANCE_PROTEIN_KSGA	32	0.002230118093265	0	-0.001353136483045	-10.2298885313827	4	22	6	86	0.0237951978690964	0.0875323350184616	6	26	0.1875	0.8125	0	0.002230118093265	0.00516802226298719	0.00599572070598506	-0.625	FALSE	FALSE	Not significant
MSBA	32	0.002209321972025	0	-0.0011082719624125	-10.0774045165596	5	25	2	123	0.0249646693016507	0.0899631965335586	6	30	0.1875	0.9375	0	0.002209321972025	0.00663904907926875	0.00664218156163228	-0.75	FALSE	FALSE	Not significant
TETB(60)	32	0.0010462694527485	0	-0.000504242394464	-8.85284781548224	5	22	5	107	0.050225622090609	0.154425047024858	6	27	0.1875	0.84375	0	0.0010462694527485	0.00169575260823078	0.00209247358971088	-0.65625	FALSE	FALSE	Not significant
TEM	32	0	0	0	0	6	6	20	57	0.169810505085521	0.380227870082798	6	10	0.1875	0.3125	0	0	0.0197626916121159	0.000455940033872969	-0.125	FALSE	FALSE	Not significant
BCRA	32	0.0005230539717595	0	-0.0004113155685045	-8.68515819481583	6	18	8	112	0.283976771750912	0.539163271711408	6	21	0.1875	0.65625	0	0.0005230539717595	0.00141406389258781	0.00185024700499659	-0.46875	FALSE	FALSE	Not significant
ADP-RIBOSYLATING_TRANSFERASE_ARR	32	0	0	0	0	6	8	18	66	0.414446222764492	0.640232965287874	6	9	0.1875	0.28125	0	0	0.0161073891655406	0.00269350742519631	-0.09375	FALSE	FALSE	Not significant
RPHB	32	0	0	0	0	6	10	16	71	0.897142487591123	1	6	11	0.1875	0.34375	0	0	0.000832978734110716	9.11588505915375e-05	-0.15625	FALSE	FALSE	Not significant
SMEE	32	4.56448676299e-05	0	0	0	6	12	14	87	0.96526282458649	1	6	16	0.1875	0.5	0	4.56448676299e-05	0.00119291309978969	0.000405535978585728	-0.3125	FALSE	FALSE	Not significant
BIFUNCTIONAL_AMINOGLYCOSIDE_N-ACETYLTRANSFERASE_AND_AMINOGLYCOSIDE_PHOSPHOTRANSFERASE	32	0.00198537948911	0	-0.001597853786255	-10.0529423057474	2	27	3	42	0.000154290475084444	0.00353153754082171	5	29	0.15625	0.90625	0	0.00198537948911	0.00170729757111469	0.00557824665580809	-0.75	FALSE	FALSE	Lower in PMA
SMER	32	0.002846003245595	0	-0.00260789024581	-11.3488686454722	4	25	3	68	0.00127362695713335	0.012493673960451	5	29	0.15625	0.90625	0	0.002846003245595	0.00402641816188116	0.00365437985852688	-0.75	FALSE	FALSE	Lower in PMA
CFXA2	32	0.00223094910985	0	-0.002073866309335	-10.9327969955669	4	26	2	82	0.00203380505022599	0.0174568266811064	5	30	0.15625	0.9375	0	0.00223094910985	0.00546074993829469	0.00514591030505225	-0.78125	FALSE	FALSE	Lower in PMA
ACRD	32	0.0002252017216155	0	-0.00010905273838005	-0.966326218165523	2	17	13	23	0.00401073735022956	0.0280071828524505	5	19	0.15625	0.59375	0	0.0002252017216155	0.000222240656244437	0.000909510532087534	-0.4375	FALSE	FALSE	Lower in PMA
MTRC	32	0.000993853671736	0	-0.0009635799765465	-9.28299744762406	3	22	7	60	0.00606022313631808	0.0372658497337768	5	25	0.15625	0.78125	0	0.000993853671736	0.00169859190244531	0.00750110118386994	-0.625	FALSE	FALSE	Lower in PMA
EMRA	32	0.0010161739123145	0	-0.0007019741770345	-8.59829658601768	3	21	8	61	0.0114527779643349	0.0584433054976037	5	23	0.15625	0.71875	0	0.0010161739123145	0.00210495456976244	0.00280145460965959	-0.5625	FALSE	FALSE	Not significant
FUSB	32	0.003665099486695	0	-0.00200938959194	-10.9362911942128	5	23	4	101	0.0208163190057353	0.0841002305623723	5	28	0.15625	0.875	0	0.003665099486695	0.0131000451327644	0.0134772373176447	-0.71875	FALSE	FALSE	Not significant
AADE	32	0.001567217051255	0	-0.0007766363678785	-9.19267973845417	3	20	9	65	0.0274481929403791	0.0959519401926708	5	23	0.15625	0.71875	0	0.001567217051255	0.00404525598268344	0.00454094814067406	-0.5625	FALSE	FALSE	Not significant
MDFA	32	0.000509125766323	0	-0.0003570245666465	-7.55117192085072	4	19	9	84	0.103694628178509	0.251306981232621	5	21	0.15625	0.65625	0	0.000509125766323	0.00198887541058156	0.00144706428322906	-0.5	FALSE	FALSE	Not significant
ERMF	32	0.001942872512805	0	-0.0011305788097335	-10.1228004839737	5	20	7	106	0.131865247809365	0.302719400351867	5	25	0.15625	0.78125	0	0.001942872512805	0.00428200133750625	0.00298677149003163	-0.625	FALSE	FALSE	Not significant
CEOB	32	9.169253009045e-05	0	-2.80779799227e-05	-0.0614050777553117	4	16	12	74	0.254850657012459	0.495275805137421	5	18	0.15625	0.5625	0	9.169253009045e-05	0.00297700537122156	0.00164686031264626	-0.40625	FALSE	FALSE	Not significant
ACRF	32	8.78996944566e-05	0	0	0	4	15	13	69	0.304808803121227	0.573430259753175	5	18	0.15625	0.5625	0	8.78996944566e-05	0.0008385320816835	0.000178425059181866	-0.40625	FALSE	FALSE	Not significant
ADEI	32	0.000220196707689	0	0	0	5	15	12	80	0.360375187544933	0.594904545693974	5	18	0.15625	0.5625	0	0.000220196707689	0.00103275636693812	0.00111742227804591	-0.40625	FALSE	FALSE	Not significant
ADEK	32	3.680130461655e-05	0	0	0	5	14	13	71	0.344306074987498	0.594904545693974	5	16	0.15625	0.5	0	3.680130461655e-05	0.00105568333020938	0.000320260699517222	-0.34375	FALSE	FALSE	Not significant
CPXA	32	0.0002177627704335	0	0	0	5	14	13	73	0.386925233783834	0.614585879842592	5	17	0.15625	0.53125	0	0.0002177627704335	0.00319037355728969	0.00101517176033241	-0.375	FALSE	FALSE	Not significant
OPRN	32	0.0001782805768375	0	0	0	5	14	13	85	0.702238315221897	0.964407286238072	5	17	0.15625	0.53125	0	0.0001782805768375	0.00568146516827594	0.00297781295688453	-0.375	FALSE	FALSE	Not significant
MDSB	32	0	0	0	0	5	8	19	42	0.833935414088552	1	5	9	0.15625	0.28125	0	0	0.000379002518844406	0.000219797913580859	-0.125	FALSE	FALSE	Not significant
MDTF	32	0	0	0	0	5	9	18	56	0.850618403625297	1	5	14	0.15625	0.4375	0	0	0.000503653311855938	0.000220633914548853	-0.28125	FALSE	FALSE	Not significant
MEXI	32	0	0	0	0	5	8	19	47	0.944284670241126	1	5	9	0.15625	0.28125	0	0	0.000821899601599331	7.42340066370156e-05	-0.125	FALSE	FALSE	Not significant
MUXC	32	0	0	0	0	4	10	18	48	0.801732212656982	1	5	11	0.15625	0.34375	0	0	0.00146884136147719	0.000549560790025625	-0.1875	FALSE	FALSE	Not significant
TETA(46)	32	0.0007623240651745	0	-0.000610048167311	-8.86964775211666	2	25	5	49	0.000803787078785211	0.00919889656831964	4	27	0.125	0.84375	0	0.0007623240651745	0.00333754562910531	0.00435167734359415	-0.71875	FALSE	FALSE	Lower in PMA
LMRP	32	0.000688696733259	0	-0.0005012646215575	-0.717161125079258	1	18	13	15	0.00137783978700992	0.0129015907329111	4	18	0.125	0.5625	0	0.000688696733259	0.000944019021170625	0.0050357352604305	-0.4375	FALSE	FALSE	Lower in PMA
AAC(6')-IE-APH(2'')-IA	32	0.001396967172745	0	-0.001030870273245	-9.96010018909273	3	23	6	70	0.00765800499340711	0.0437098391393249	4	26	0.125	0.8125	0	0.001396967172745	0.00289297021145656	0.00318953588865206	-0.6875	FALSE	FALSE	Lower in PMA
BAER	32	0.000739885832981	0	-0.000652453299994	-9.3518594305104	3	22	7	68	0.0114306670805178	0.0584433054976037	4	24	0.125	0.75	0	0.000739885832981	0.0011948229034535	0.00146658022766019	-0.625	FALSE	FALSE	Not significant
TETA(60)	32	0.000769879251727	0	-0.00057737594764	-9.1738224793988	4	22	6	84	0.0208209308673834	0.0841002305623723	4	26	0.125	0.8125	0	0.000769879251727	0.00109530850790906	0.00173531846558074	-0.6875	FALSE	FALSE	Not significant
TETA(48)	32	0.0007259931542195	0	-0.0004090479475405	-8.21251686886274	3	18	11	59	0.0516033011039804	0.15645766134423	4	20	0.125	0.625	0	0.0007259931542195	0.00355994351547594	0.00177162679795469	-0.5	FALSE	FALSE	Not significant
OPRA	32	0	0	0	0	4	2	26	18	0.142213241936393	0.323711909822065	4	3	0.125	0.09375	0	0	0.00108310414760375	0.000101429370294469	0.03125	FALSE	FALSE	Not significant
AAD(9)	32	0	0	0	0	2	10	20	21	0.169810505085521	0.380227870082798	4	11	0.125	0.34375	0	0	0.000899114049088437	0.00117719526624612	-0.21875	FALSE	FALSE	Not significant
MDTH	32	0.00010470664558205	0	0	0	4	15	13	62	0.190917097957811	0.39328922179309	4	17	0.125	0.53125	0	0.00010470664558205	0.00211662309536656	0.00120754329008285	-0.40625	FALSE	FALSE	Not significant
MEPR	32	0.000441620096722	0	-0.0001561784954425	-4.14583168464116	4	16	12	70	0.197753933820609	0.405346371811397	4	17	0.125	0.53125	0	0.000441620096722	0.00621385695154375	0.00329089158008044	-0.40625	FALSE	FALSE	Not significant
ESCHERICHIA_COLI_LAMB	32	9.97131158955e-05	0	0	0	3	13	16	44	0.224306571197272	0.447106856215447	4	16	0.125	0.5	0	9.97131158955e-05	0.00161875755766531	0.000498584453424187	-0.375	FALSE	FALSE	Not significant
MEXQ	32	0	0	0	0	4	1	27	12	0.280712665268496	0.535433417086205	4	3	0.125	0.09375	0	0	0.000578891398633969	3.57938883814906e-05	0.03125	FALSE	FALSE	Not significant
RIFAMPIN_MONOOXYGENASE	32	0	0	0	0	4	3	25	20	0.352542137499713	0.594904545693974	4	6	0.125	0.1875	0	0	0.000877412672043781	0.000210189163947531	-0.0625	FALSE	FALSE	Not significant
ADEL	32	0	0	0	0	4	9	19	36	0.529368106184798	0.77615537276917	4	10	0.125	0.3125	0	0	0.000767284374828062	0.000294528356347687	-0.1875	FALSE	FALSE	Not significant
SERRATIA_MARCESCENS_OMP1	32	0	0	0	0	3	7	22	27	1	1	4	7	0.125	0.21875	0	0	0.000868929051452344	0.000146272060862438	-0.09375	FALSE	FALSE	Not significant
SMED	32	0	0	0	0	3	7	22	26	0.918812683274642	1	4	8	0.125	0.25	0	0	0.00250839249408562	0.000514137256166591	-0.125	FALSE	FALSE	Not significant
LSA	32	0.0003019519897695	0	-0.00021113018694	-7.72204774671232	3	17	12	25	0.00299795788095067	0.0237530509029168	3	19	0.09375	0.59375	0	0.0003019519897695	0.000829476474932875	0.000828349395548531	-0.5	FALSE	FALSE	Lower in PMA
AXYY	32	9.61587827749e-05	0	-4.15479633809e-05	-3.19698200961692	3	16	13	36	0.0185642368956695	0.0788501608352149	3	18	0.09375	0.5625	0	9.61587827749e-05	9.74114800180625e-05	0.000213044064124769	-0.46875	FALSE	FALSE	Not significant
YOJI	32	0.000168085396754	0	-0.0001138644993122	-4.01526831843705	2	17	13	37	0.0206718115364889	0.0841002305623723	3	18	0.09375	0.5625	0	0.000168085396754	0.00100509275155162	0.000565251788186106	-0.46875	FALSE	FALSE	Not significant
TETR	32	0.000444885194916	0	-0.000138635025868	-4.06017091979908	3	16	13	41	0.0313220795037409	0.105776202914273	3	19	0.09375	0.59375	0	0.000444885194916	0.00147302504997922	0.00122307218568272	-0.5	FALSE	FALSE	Not significant
EMRD	32	4.520769399595e-05	0	-4.520769399595e-05	-3.25718256504715	3	16	13	53	0.0949093634711021	0.244391610938088	3	16	0.09375	0.5	0	4.520769399595e-05	0.0015590918952975	0.000400557497770153	-0.40625	FALSE	FALSE	Not significant
BAES	32	0	0	0	0	2	12	18	27	0.116551957746077	0.275274447873343	3	13	0.09375	0.40625	0	0	0.00156964152993281	0.000678752541624656	-0.3125	FALSE	FALSE	Not significant
OPMH	32	0.0002323237755955	0	0	0	3	15	14	49	0.116924826159794	0.275274447873343	3	18	0.09375	0.5625	0	0.0002323237755955	0.00437871444097656	0.00308521134509116	-0.46875	FALSE	FALSE	Not significant
AADA	32	0	0	0	0	3	10	19	26	0.184235113180511	0.381431490604878	3	11	0.09375	0.34375	0	0	0.000470300644240594	0.000242942350812125	-0.25	FALSE	FALSE	Not significant
ANT(3'')-IIC	32	0	0	0	0	3	1	28	9	0.201242620957724	0.406431175659717	3	1	0.09375	0.03125	0	0	0.00312437403591812	4.24833840128125e-05	0.0625	FALSE	FALSE	Not significant
CLASS_C	32	0	0	0	0	2	10	20	23	0.224015384088612	0.447106856215447	3	11	0.09375	0.34375	0	0	0.000394793461574062	0.000321033078857519	-0.25	FALSE	FALSE	Not significant
PATA	32	0	0	0	0	3	12	17	39	0.244293641331777	0.481574068079866	3	13	0.09375	0.40625	0	0	0.00145817602673188	0.000650107953733222	-0.3125	FALSE	FALSE	Not significant
MEXS	32	0	0	0	0	3	2	27	12	0.280712665268496	0.535433417086205	3	2	0.09375	0.0625	0	0	0.0128243685087891	2.5314386124875e-05	0.03125	FALSE	FALSE	Not significant
TET43	32	0	0	0	0	3	2	27	12	0.280712665268496	0.535433417086205	3	3	0.09375	0.09375	0	0	0.00131909456962031	0.00012488789460975	0	FALSE	FALSE	Not significant
LLMA_23S_RIBOSOMAL_RNA_METHYLTRANSFERASE	32	0	0	0	0	3	8	21	21	0.306556273379373	0.574096293783189	3	9	0.09375	0.28125	0	0	0.000569518059625906	0.000567099752206062	-0.1875	FALSE	FALSE	Not significant
BICYCLOMYCIN-MULTIDRUG_EFFLUX_PROTEIN_BCR	32	0	0	0	0	3	11	18	36	0.315174424989568	0.587564991383267	3	13	0.09375	0.40625	0	0	0.000400067340685	0.000628775218086688	-0.3125	FALSE	FALSE	Not significant
MVAT	32	0	0	0	0	3	8	21	22	0.350528908982333	0.594904545693974	3	10	0.09375	0.3125	0	0	0.0136271594832826	0.00685106251194444	-0.21875	FALSE	FALSE	Not significant
VAND	32	0	0	0	0	3	10	19	31	0.327876933144661	0.594904545693974	3	13	0.09375	0.40625	0	0	0.000835314855010937	0.000395121035052219	-0.3125	FALSE	FALSE	Not significant
OQXA	32	0	0	0	0	3	11	18	39	0.414446222764492	0.640232965287874	3	13	0.09375	0.40625	0	0	0.00188119510819063	0.000510008124137156	-0.3125	FALSE	FALSE	Not significant
SDIA	32	0	0	0	0	3	11	18	39	0.414446222764492	0.640232965287874	3	12	0.09375	0.375	0	0	0.00263656119125094	0.000388857699811313	-0.28125	FALSE	FALSE	Not significant
SMEF	32	0	0	0	0	3	8	21	25	0.504879873834092	0.750940462164786	3	9	0.09375	0.28125	0	0	0.000525585381100094	0.000282490067315538	-0.1875	FALSE	FALSE	Not significant
ADER	32	0	0	0	0	3	10	19	36	0.529368106184798	0.77615537276917	3	11	0.09375	0.34375	0	0	0.00116667987013875	0.000264439434514156	-0.25	FALSE	FALSE	Not significant
TETS	32	0	0	0	0	3	7	22	22	0.610298655976554	0.858167393386827	3	9	0.09375	0.28125	0	0	0.00640153831352156	0.000659584769456606	-0.1875	FALSE	FALSE	Not significant
TET(42)	32	0	0	0	0	2	5	25	11	0.672603817441517	0.926798571190317	3	6	0.09375	0.1875	0	0	0.00937337026626562	0.00979869386705184	-0.09375	FALSE	FALSE	Not significant
EVGS	32	0	0	0	0	2	5	25	13	0.932646638965876	1	3	6	0.09375	0.1875	0	0	0.000755118388248406	0.000161171016904781	-0.09375	FALSE	FALSE	Not significant
MDTE	32	0	0	0	0	3	7	22	25	0.838463781922464	1	3	9	0.09375	0.28125	0	0	0.000453270142375	0.00031741631949675	-0.1875	FALSE	FALSE	Not significant
OPMB	32	0	0	0	0	3	3	26	12	0.833935414088552	1	3	4	0.09375	0.125	0	0	0.000363019117831219	0.000185677379678688	-0.03125	FALSE	FALSE	Not significant
RPHA	32	0	0	0	0	3	6	23	24	0.905695442034309	1	3	9	0.09375	0.28125	0	0	0.00117411359536281	5.93582992349281e-05	-0.1875	FALSE	FALSE	Not significant
TET32	32	0.0007121768414245	0	-0.000544514298236	-8.53501239973965	1	24	7	5	2.39594001937852e-05	0.00261646371009252	2	25	0.0625	0.78125	0	0.0007121768414245	0.000414889044161562	0.00215994623093136	-0.71875	FALSE	FALSE	Lower in PMA
BLEOMYCIN_RESISTANCE_PROTEIN	32	0.00393559467514	0	-0.0036022512481	-11.7686102515332	1	27	4	24	4.80944733957236e-05	0.00283070329129116	2	28	0.0625	0.875	0	0.00393559467514	0.00485815406163125	0.0125143857801163	-0.8125	FALSE	FALSE	Lower in PMA
FARB	32	0.000807906566753	0	-0.000807906566753	-9.62441608032703	1	26	5	26	9.45913991776056e-05	0.00307283441051156	2	27	0.0625	0.84375	0	0.000807906566753	0.00232890695813563	0.00904172573207633	-0.78125	FALSE	FALSE	Lower in PMA
FUSD	32	0.00217662601043	0	-0.001783494064865	-10.5637156562668	1	26	5	27	0.000104440430362015	0.00307283441051156	2	27	0.0625	0.84375	0	0.00217662601043	0.00233968295926469	0.0048511358522325	-0.78125	FALSE	FALSE	Lower in PMA
MTRE	32	0.001235183082	0	-0.001235183082	-10.1930163274886	1	25	6	19	7.42982484835311e-05	0.00307283441051156	2	26	0.0625	0.8125	0	0.001235183082	0.000161123464186125	0.00788609350143087	-0.75	FALSE	FALSE	Lower in PMA
ERM(44)	32	0.000622766790158	0	-0.0004748237250135	-8.58617870711114	1	19	12	14	0.000728541800169879	0.0090957339899997	2	20	0.0625	0.625	0	0.000622766790158	0.001127823419075	0.0041289187572255	-0.5625	FALSE	FALSE	Lower in PMA
APH(3''')-III	32	0.000497477137761	0	-0.0004233585277685	-8.5752200454783	1	20	11	20	0.000960060287148272	0.0106904010352726	2	21	0.0625	0.65625	0	0.000497477137761	0.000391424973307813	0.00133738943196284	-0.59375	FALSE	FALSE	Lower in PMA
MDTL	32	0.000414359236155	0	-0.000214279443648	-4.0261031297946	1	17	14	18	0.00352426922725556	0.026888868919061	2	18	0.0625	0.5625	0	0.000414359236155	0.000441918149716563	0.000721161760205719	-0.5	FALSE	FALSE	Lower in PMA
PMRF	32	0	0	0	0	1	15	16	16	0.00774470450769592	0.0437098391393249	2	15	0.0625	0.46875	0	0	0.00149715925851063	0.000941251831804063	-0.40625	FALSE	FALSE	Not significant
EPTA	32	0	0	0	0	1	14	17	15	0.0114900673429755	0.0584433054976037	2	15	0.0625	0.46875	0	0	0.0002912432899025	0.000357338079476694	-0.40625	FALSE	FALSE	Not significant
OMPF	32	0.0001352440522365	0	0	0	2	15	15	25	0.015767922944396	0.0691104707775655	2	16	0.0625	0.5	0	0.0001352440522365	0.000282024377890313	0.00101159103729984	-0.4375	FALSE	FALSE	Not significant
MECI	32	0.0007279237988555	0	-0.0004032858205075	-8.63998889616489	2	17	13	35	0.0166471366277099	0.0721960030591207	2	18	0.0625	0.5625	0	0.0007279237988555	0.00116873742478125	0.00301146520835041	-0.5	FALSE	FALSE	Not significant
TET35	32	0.000407512441477	0	-0.000164494693438	-4.18313790750535	2	16	14	33	0.0235361010978647	0.0875323350184616	2	18	0.0625	0.5625	0	0.000407512441477	0.000460894823324688	0.00105710119368719	-0.5	FALSE	FALSE	Not significant
SAT-4	32	0	0	0	0	1	12	19	13	0.0253294436842058	0.0899631965335586	2	13	0.0625	0.40625	0	0	0.000786343550522813	0.00102653315025456	-0.34375	FALSE	FALSE	Not significant
MEXX	32	0	0	0	0	2	14	16	31	0.0591105680581476	0.163616724458081	2	15	0.0625	0.46875	0	0	0.000898647109527188	0.000427709585439281	-0.40625	FALSE	FALSE	Not significant
SMEB	32	0	0	0	0	2	13	17	26	0.0570833388248299	0.163616724458081	2	15	0.0625	0.46875	0	0	0.000178574806876563	0.000304910413939288	-0.40625	FALSE	FALSE	Not significant
MUXA	32	0	0	0	0	2	9	21	12	0.0683530349792642	0.184061767395143	2	10	0.0625	0.3125	0	0	0.0003205995025482	0.000334939624872906	-0.25	FALSE	FALSE	Not significant
BLEO	32	0	0	0	0	1	9	22	10	0.0831311427008039	0.218153062374084	2	10	0.0625	0.3125	0	0	0.000831221699786875	0.00137495047140431	-0.25	FALSE	FALSE	Not significant
ANT(3'')-IIA	32	0	0	0	0	2	12	18	25	0.0900820575789648	0.234897517231225	2	14	0.0625	0.4375	0	0	0.000802205220060938	0.00139506690405913	-0.375	FALSE	FALSE	Not significant
ADEH	32	0	0	0	0	2	12	18	26	0.102639775576908	0.250222411465598	2	12	0.0625	0.375	0	0	0.000169924224752813	0.000355497646163344	-0.3125	FALSE	FALSE	Not significant
METALLO-BETA-LACTAMASE	32	0	0	0	0	2	6	24	9	0.23395283347059	0.463406573989822	2	7	0.0625	0.21875	0	0	0.00161306385318662	0.000233253357353938	-0.15625	FALSE	FALSE	Not significant
EFPA	32	0	0	0	0	2	0	30	3	0.371093369522698	0.594904545693974	2	2	0.0625	0.0625	0	0	0.000543561119430625	7.80589260070625e-05	0	FALSE	FALSE	Not significant
OPMD	32	0	0	0	0	2	0	30	3	0.371093369522698	0.594904545693974	2	0	0.0625	0	0	0	0.000464323591484375	0	0.0625	FALSE	FALSE	Not significant
TAP	32	0	0	0	0	2	0	30	3	0.371093369522698	0.594904545693974	2	1	0.0625	0.03125	0	0	0.00112946250676781	0.000181749506535	0.03125	FALSE	FALSE	Not significant
KLEBSIELLA_PNEUMONIAE_OMPK37	32	0	0	0	0	2	8	22	19	0.414823067184775	0.640232965287874	2	10	0.0625	0.3125	0	0	0.00035580324123625	0.000286322620122875	-0.25	FALSE	FALSE	Not significant
OPRJ	32	0	0	0	0	2	1	29	5	0.422678074170635	0.640232965287874	2	1	0.0625	0.03125	0	0	0.000290673037933438	5.80272047096875e-06	0.03125	FALSE	FALSE	Not significant
SHV	32	0	0	0	0	2	1	29	5	0.422678074170635	0.640232965287874	2	1	0.0625	0.03125	0	0	0.00152375191993125	9.848220762125e-06	0.03125	FALSE	FALSE	Not significant
MEXJ	32	0	0	0	0	2	7	23	17	0.553616991965781	0.805972440600359	2	8	0.0625	0.25	0	0	0.00175687705897219	0.00107197455694078	-0.1875	FALSE	FALSE	Not significant
SUL2	32	0	0	0	0	2	7	23	17	0.553616991965781	0.805972440600359	2	8	0.0625	0.25	0	0	0.001017386602525	0.000322152283416687	-0.1875	FALSE	FALSE	Not significant
ARR-8	32	0	0	0	0	2	2	28	7	0.583882420770365	0.831955764623786	2	3	0.0625	0.09375	0	0	0.0009347371536425	0.000166922152545969	-0.03125	FALSE	FALSE	Not significant
MDSA	32	0	0	0	0	2	2	28	7	0.583882420770365	0.831955764623786	2	2	0.0625	0.0625	0	0	0.000449355807354687	1.34839732995625e-05	0	FALSE	FALSE	Not significant
RPSD_(RAMA_OR_SUD2)	32	0	0	0	0	1	4	27	5	0.589638551626567	0.831955764623786	2	4	0.0625	0.125	0	0	0.00188215612470625	0.00119458850202491	-0.0625	FALSE	FALSE	Not significant
TRIA	32	0	0	0	0	2	2	28	7	0.583882420770365	0.831955764623786	2	3	0.0625	0.09375	0	0	0.00131273036104063	0.000437593018247125	-0.03125	FALSE	FALSE	Not significant
MDTA	32	0	0	0	0	2	6	24	15	0.726286148878805	0.994119246970324	2	7	0.0625	0.21875	0	0	0.00178677691914656	0.000221752415674344	-0.15625	FALSE	FALSE	Not significant
ADEC	32	0	0	0	0	2	4	26	11	1	1	2	4	0.0625	0.125	0	0	0.000588186197524375	0.000106169108732	-0.0625	FALSE	FALSE	Not significant
BACTERIAL_REGULATORY_PROTEIN_LUXR	32	0	0	0	0	2	3	27	6	0.787406490666269	1	2	3	0.0625	0.09375	0	0	0.000334021767868906	0.000209376835971313	-0.03125	FALSE	FALSE	Not significant
EMRY	32	0	0	0	0	2	5	25	13	0.932646638965876	1	2	5	0.0625	0.15625	0	0	0.000884554884680625	0.000109894838673437	-0.09375	FALSE	FALSE	Not significant
MDTN	32	0	0	0	0	2	3	27	9	0.787406490666269	1	2	3	0.0625	0.09375	0	0	0.00276304546645	0.000158559360876875	-0.03125	FALSE	FALSE	Not significant
MEXC	32	0	0	0	0	1	3	28	4	0.855132140584706	1	2	3	0.0625	0.09375	0	0	0.00171702886962625	0.000132196505538	-0.03125	FALSE	FALSE	Not significant
MEXL	32	0	0	0	0	1	3	28	4	0.855132140584706	1	2	3	0.0625	0.09375	0	0	0.003225707055035	0.000168690364839687	-0.03125	FALSE	FALSE	Not significant
MPHD	32	0	0	0	0	2	2	28	6	0.855132140584706	1	2	2	0.0625	0.0625	0	0	0.000461375762960656	3.67219143488125e-05	0	FALSE	FALSE	Not significant
OPRC	32	0	0	0	0	2	3	27	9	0.787406490666269	1	2	3	0.0625	0.09375	0	0	0.000343866728249688	1.01925490825156e-05	-0.03125	FALSE	FALSE	Not significant
PDC	32	0	0	0	0	2	3	27	9	0.787406490666269	1	2	3	0.0625	0.09375	0	0	0.00043494628067125	3.69389078389063e-05	-0.03125	FALSE	FALSE	Not significant
RAMA	32	0	0	0	0	2	5	25	13	0.932646638965876	1	2	6	0.0625	0.1875	0	0	0.00702428878495625	0.000279254005603344	-0.125	FALSE	FALSE	Not significant
SMES	32	0	0	0	0	2	4	26	11	1	1	2	4	0.0625	0.125	0	0	0.000608638851505313	0.000183063234171562	-0.0625	FALSE	FALSE	Not significant
TETB(48)	32	0	0	0	0	2	5	25	13	0.932646638965876	1	2	6	0.0625	0.1875	0	0	0.00241662749156563	0.00036849274058025	-0.125	FALSE	FALSE	Not significant
VANVB	32	0	0	0	0	2	2	28	6	0.855132140584706	1	2	3	0.0625	0.09375	0	0	0.00140324941715281	0.000457003722006875	-0.03125	FALSE	FALSE	Not significant
MTRR	32	0.001488482018795	0	-0.001488482018795	-10.540582971079	1	24	7	19	0.000119237584482267	0.00307283441051156	1	24	0.03125	0.75	0	0.001488482018795	0.000165190107050625	0.00882718882569397	-0.71875	FALSE	FALSE	Lower in PMA
TETO	32	0.00077024197778	0	-0.0006907780985325	-9.42692348596227	1	22	9	11	0.000119333375165497	0.00307283441051156	1	23	0.03125	0.71875	0	0.00077024197778	0.0002303661148175	0.00291783459969611	-0.6875	FALSE	FALSE	Lower in PMA
HMRM	32	0.00114413070556	0	-0.000999370725028	-9.95416321320551	1	21	10	18	0.000454399458008079	0.00668616345354744	1	22	0.03125	0.6875	0	0.00114413070556	0.000158624943285	0.00165140042351675	-0.65625	FALSE	FALSE	Lower in PMA
TETC	32	0	0	0	0	0	12	20	0	0.00252617426850217	0.0208156759724579	1	12	0.03125	0.375	0	0	0.0001298784221875	0.000885195745203812	-0.34375	FALSE	FALSE	Not significant
ERMG	32	0	0	0	0	0	11	21	0	0.00385729282994253	0.0274000801023504	1	11	0.03125	0.34375	0	0	6.7323118473125e-06	0.000461966767056094	-0.3125	FALSE	FALSE	Not significant
TET(38)	32	0	0	0	0	1	15	16	16	0.00774470450769592	0.0437098391393249	1	15	0.03125	0.46875	0	0	0.000283721667459062	0.000506940777392844	-0.4375	FALSE	FALSE	Not significant
TETX	32	0	0	0	0	1	15	16	16	0.00774470450769592	0.0437098391393249	1	15	0.03125	0.46875	0	0	0.000232097382356562	0.0004030748734485	-0.4375	FALSE	FALSE	Not significant
DFRF	32	0	0	0	0	1	11	20	6	0.0107874492546704	0.0577198583496648	1	12	0.03125	0.375	0	0	0.000156012494945	0.00192495330541516	-0.34375	FALSE	FALSE	Not significant
APH(2'')-IF	32	0	0	0	0	1	10	21	5	0.0144832770523174	0.0641624746833847	1	10	0.03125	0.3125	0	0	2.21236914578125e-05	0.000497300484339156	-0.28125	FALSE	FALSE	Not significant
VATB	32	0	0	0	0	1	8	23	1	0.0128512401874965	0.0641624746833847	1	9	0.03125	0.28125	0	0	8.5233608481875e-05	0.000444252684976969	-0.25	FALSE	FALSE	Not significant
ADEA	32	0	0	0	0	1	12	19	11	0.0174961371837677	0.0750875887470032	1	13	0.03125	0.40625	0	0	0.000207931603280312	0.00107588192209047	-0.375	FALSE	FALSE	Not significant
MDTD	32	0	0	0	0	1	10	21	7	0.0233763900464205	0.0875323350184616	1	11	0.03125	0.34375	0	0	9.51057214328125e-05	0.000655338768670625	-0.3125	FALSE	FALSE	Not significant
MEXA	32	0	0	0	0	1	12	19	13	0.0253294436842058	0.0899631965335586	1	13	0.03125	0.40625	0	0	0.00195601580064687	0.00158088266293244	-0.375	FALSE	FALSE	Not significant
TET37	32	0	0	0	0	1	12	19	13	0.0253294436842058	0.0899631965335586	1	12	0.03125	0.375	0	0	0.0006268560542375	0.00124976517622622	-0.34375	FALSE	FALSE	Not significant
MARA	32	0	0	0	0	1	7	24	2	0.0299739735865559	0.102060141468273	1	7	0.03125	0.21875	0	0	1.29345203995312e-05	0.000422100838255781	-0.1875	FALSE	FALSE	Not significant
ESCHERICHIA_COLI_MIPA	32	0	0	0	0	1	6	25	1	0.0346105575157073	0.115931298345296	1	7	0.03125	0.21875	0	0	6.62372617234375e-06	0.000235904349806063	-0.1875	FALSE	FALSE	Not significant
COB(I)ALAMIN_ADENOLSYLTRANSFERASE	32	0	0	0	0	1	11	20	12	0.0376328835201408	0.12019184504107	1	12	0.03125	0.375	0	0	0.0001517052003525	0.000607810064683531	-0.34375	FALSE	FALSE	Not significant
KDPE	32	0	0	0	0	1	11	20	12	0.0376328835201408	0.12019184504107	1	12	0.03125	0.375	0	0	0.00056744333491875	0.00140108289085813	-0.34375	FALSE	FALSE	Not significant
MEFE	32	0	0	0	0	1	11	20	12	0.0376328835201408	0.12019184504107	1	12	0.03125	0.375	0	0	0.0012698597873	0.000420806786756469	-0.34375	FALSE	FALSE	Not significant
AAC(6')-I	32	0	0	0	0	1	5	26	1	0.0591720678258594	0.163616724458081	1	6	0.03125	0.1875	0	0	2.69292473892187e-05	0.000298675972822125	-0.15625	FALSE	FALSE	Not significant
ADES	32	0	0	0	0	1	7	24	4	0.058707408431205	0.163616724458081	1	7	0.03125	0.21875	0	0	2.20767976556563e-05	0.000157617062496438	-0.1875	FALSE	FALSE	Not significant
EMRK	32	0	0	0	0	1	9	22	9	0.0665457213437161	0.181361770407563	1	9	0.03125	0.28125	0	0	7.6832607930625e-05	0.000190330078286109	-0.25	FALSE	FALSE	Not significant
VANRI	32	0	0	0	0	1	9	22	9	0.0665457213437161	0.181361770407563	1	10	0.03125	0.3125	0	0	0.0001102846947025	0.000587921767305344	-0.28125	FALSE	FALSE	Not significant
ADEN	32	0	0	0	0	1	9	22	10	0.0831311427008039	0.218153062374084	1	9	0.03125	0.28125	0	0	0.00052406911856875	0.000596503122674156	-0.25	FALSE	FALSE	Not significant
CFXA3	32	0	0	0	0	1	7	24	8	0.183430618982178	0.381431490604878	1	7	0.03125	0.21875	0	0	0.000229289637645625	0.000292349334295219	-0.1875	FALSE	FALSE	Not significant
MDTM	32	0	0	0	0	1	7	24	8	0.183430618982178	0.381431490604878	1	7	0.03125	0.21875	0	0	0.000660492232759375	0.000110384710953838	-0.1875	FALSE	FALSE	Not significant
CTX-M	32	0	0	0	0	1	3	28	1	0.201242620957724	0.406431175659717	1	4	0.03125	0.125	0	0	4.8697770960625e-05	8.09568587424062e-05	-0.09375	FALSE	FALSE	Not significant
ERM(39)	32	0	0	0	0	1	3	28	1	0.201242620957724	0.406431175659717	1	3	0.03125	0.09375	0	0	6.67757760465625e-06	7.43686707057188e-05	-0.0625	FALSE	FALSE	Not significant
APH(3')-IIB	32	0	0	0	0	1	5	26	5	0.29450739368011	0.556591955028465	1	5	0.03125	0.15625	0	0	9.54703327275e-05	0.000179734577059063	-0.125	FALSE	FALSE	Not significant
OPCM	32	0	0	0	0	1	5	26	6	0.401678166469773	0.63406668423581	1	5	0.03125	0.15625	0	0	0.0001863589418975	0.0001616956691455	-0.125	FALSE	FALSE	Not significant
ANT(9)-I	32	0	0	0	0	1	2	29	1	0.422678074170635	0.640232965287874	1	2	0.03125	0.0625	0	0	6.3917668900625e-06	3.01130386296563e-05	-0.03125	FALSE	FALSE	Not significant
LNUE	32	0	0	0	0	1	2	29	1	0.422678074170635	0.640232965287874	1	3	0.03125	0.09375	0	0	9.49528376153125e-05	0.000167896581775937	-0.0625	FALSE	FALSE	Not significant
MDTO	32	0	0	0	0	1	4	27	4	0.41849223344682	0.640232965287874	1	4	0.03125	0.125	0	0	4.35347280659375e-05	9.18808848808906e-05	-0.09375	FALSE	FALSE	Not significant
SMEC	32	0	0	0	0	1	4	27	4	0.41849223344682	0.640232965287874	1	4	0.03125	0.125	0	0	1.69208576511563e-05	6.53760557496875e-05	-0.09375	FALSE	FALSE	Not significant
ACRS	32	0	0	0	0	1	4	27	5	0.589638551626567	0.831955764623786	1	4	0.03125	0.125	0	0	0.000159787188459687	0.000242053752826563	-0.09375	FALSE	FALSE	Not significant
KLEBSIELLA_PNEUMONIAE_OMPK36	32	0	0	0	0	1	4	27	5	0.589638551626567	0.831955764623786	1	4	0.03125	0.125	0	0	0.00077996548979375	5.06188566702188e-05	-0.09375	FALSE	FALSE	Not significant
MDTP	32	0	0	0	0	1	4	27	5	0.589638551626567	0.831955764623786	1	4	0.03125	0.125	0	0	0.000195524135761563	0.000135861159748375	-0.09375	FALSE	FALSE	Not significant
MEXV	32	0	0	0	0	1	4	27	5	0.589638551626567	0.831955764623786	1	4	0.03125	0.125	0	0	0.0006134843167375	4.43519766562969e-05	-0.09375	FALSE	FALSE	Not significant
VGAB	32	0	0	0	0	1	3	28	3	0.583882420770365	0.831955764623786	1	4	0.03125	0.125	0	0	9.82039402075e-05	0.000171225977121969	-0.09375	FALSE	FALSE	Not significant
AAC(3)-IIIA	32	0	0	0	0	1	0	31	1	1	1	1	0	0.03125	0	0	0	0.00024468995458875	0	0.03125	FALSE	FALSE	Not significant
AADK	32	0	0	0	0	1	0	31	1	1	1	1	0	0.03125	0	0	0	0.00167985525090937	0	0.03125	FALSE	FALSE	Not significant
ADC-18	32	0	0	0	0	1	2	29	3	1	1	1	2	0.03125	0.0625	0	0	7.763503725625e-05	1.81898434441563e-05	-0.03125	FALSE	FALSE	Not significant
ADC-44	32	0	0	0	0	1	2	29	3	1	1	1	2	0.03125	0.0625	0	0	0.0003843445101	1.83135598822188e-05	-0.03125	FALSE	FALSE	Not significant
ADC-80	32	0	0	0	0	1	3	28	4	0.855132140584706	1	1	3	0.03125	0.09375	0	0	0.000226875205962187	2.98657809302188e-05	-0.0625	FALSE	FALSE	Not significant
APH(3')-IIA	32	0	0	0	0	1	0	31	1	1	1	1	0	0.03125	0	0	0	0.00076932333929375	0	0.03125	FALSE	FALSE	Not significant
ARR-4	32	0	0	0	0	1	1	30	2	1	1	1	2	0.03125	0.0625	0	0	0.000432367149759375	0.000202624423454687	-0.03125	FALSE	FALSE	Not significant
BACILLUS_CLUSTER_A_INTRINSIC_MPH	32	0	0	0	0	1	0	31	1	1	1	1	0	0.03125	0	0	0	0.000214043143444687	0	0.03125	FALSE	FALSE	Not significant
BACILLUS_SUBTILIS_MPRF	32	0	0	0	0	1	1	30	2	1	1	1	1	0.03125	0.03125	0	0	0.000222934061335625	3.33760613215625e-05	0	FALSE	FALSE	Not significant
BASS	32	0	0	0	0	1	1	30	2	1	1	1	1	0.03125	0.03125	0	0	9.390942305e-05	1.14367321256562e-05	0	FALSE	FALSE	Not significant
BJP-1	32	0	0	0	0	1	2	29	3	1	1	1	2	0.03125	0.0625	0	0	0.000193406460424063	3.07363158462812e-05	-0.03125	FALSE	FALSE	Not significant
BURKHOLDERIA_PSEUDOMALLEI_OMP38	32	0	0	0	0	1	0	31	1	1	1	1	1	0.03125	0.03125	0	0	9.12680445590625e-05	4.968953754875e-05	0	FALSE	FALSE	Not significant
CRPP	32	0	0	0	0	1	0	31	1	1	1	1	0	0.03125	0	0	0	0.0035487708168125	0	0.03125	FALSE	FALSE	Not significant
CYSTATHIONINE_BETA-LYASE_PATB	32	0	0	0	0	1	0	31	1	1	1	1	0	0.03125	0	0	0	0.0004479031128	0	0.03125	FALSE	FALSE	Not significant
DNA-BINDING_TRANSCRIPTIONAL_REGULATOR_GADX	32	0	0	0	0	1	2	29	3	1	1	1	2	0.03125	0.0625	0	0	0.0001085190484275	5.556860492125e-05	-0.03125	FALSE	FALSE	Not significant
EFMA	32	0	0	0	0	1	1	30	2	1	1	1	1	0.03125	0.03125	0	0	0.000220582436215938	9.82116050784375e-06	0	FALSE	FALSE	Not significant
ERM(36)	32	0	0	0	0	1	0	31	1	1	1	1	0	0.03125	0	0	0	0.0002116314538725	0	0.03125	FALSE	FALSE	Not significant
ERMS	32	0	0	0	0	1	0	31	1	1	1	1	0	0.03125	0	0	0	0.000140422554215625	0	0.03125	FALSE	FALSE	Not significant
FOSA	32	0	0	0	0	1	3	28	4	0.855132140584706	1	1	3	0.03125	0.09375	0	0	0.0006436533621	0.000140119424641875	-0.0625	FALSE	FALSE	Not significant
GOLS	32	0	0	0	0	1	3	28	4	0.855132140584706	1	1	3	0.03125	0.09375	0	0	0.000166143176434687	0.000183606791915688	-0.0625	FALSE	FALSE	Not significant
JOHN-1	32	0	0	0	0	1	0	31	1	1	1	1	0	0.03125	0	0	0	0.0006331352575	0	0.03125	FALSE	FALSE	Not significant
LNUG	32	0	0	0	0	1	1	30	2	1	1	1	2	0.03125	0.0625	0	0	0.00042592883419375	0.000286277196405625	-0.03125	FALSE	FALSE	Not significant
LRFA	32	0	0	0	0	1	3	28	4	0.855132140584706	1	1	4	0.03125	0.125	0	0	0.00040636010315625	0.000434987802262625	-0.09375	FALSE	FALSE	Not significant
MEXG	32	0	0	0	0	1	0	31	1	1	1	1	0	0.03125	0	0	0	0.00043133361606875	0	0.03125	FALSE	FALSE	Not significant
MEXH	32	0	0	0	0	1	0	31	1	1	1	1	0	0.03125	0	0	0	7.28947269828125e-05	0	0.03125	FALSE	FALSE	Not significant
MEXM	32	0	0	0	0	1	0	31	1	1	1	1	0	0.03125	0	0	0	6.64572705740625e-05	0	0.03125	FALSE	FALSE	Not significant
MGRB	32	0	0	0	0	1	1	30	2	1	1	1	1	0.03125	0.03125	0	0	0.00126528592634375	5.92672057003125e-05	0	FALSE	FALSE	Not significant
MGTA	32	0	0	0	0	1	0	31	1	1	1	1	0	0.03125	0	0	0	0.000207878478190313	0	0.03125	FALSE	FALSE	Not significant
MOX	32	0	0	0	0	1	0	31	1	1	1	1	0	0.03125	0	0	0	0.000677337571421875	0	0.03125	FALSE	FALSE	Not significant
MPHE	32	0	0	0	0	1	0	31	1	1	1	1	0	0.03125	0	0	0	0.000549629383984375	0	0.03125	FALSE	FALSE	Not significant
OPME	32	0	0	0	0	1	0	31	1	1	1	1	0	0.03125	0	0	0	6.0558491383125e-05	0	0.03125	FALSE	FALSE	Not significant
PGPB	32	0	0	0	0	1	0	31	1	1	1	1	0	0.03125	0	0	0	0.000270497352450625	0	0.03125	FALSE	FALSE	Not significant
SRMB	32	0	0	0	0	1	1	30	2	1	1	1	1	0.03125	0.03125	0	0	6.20622703003125e-05	9.15329467471875e-06	0	FALSE	FALSE	Not significant
TCMA	32	0	0	0	0	1	0	31	1	1	1	1	0	0.03125	0	0	0	0.000416308501809375	0	0.03125	FALSE	FALSE	Not significant
TCR3	32	0	0	0	0	1	0	31	1	1	1	1	0	0.03125	0	0	0	3.20836736471875e-06	0	0.03125	FALSE	FALSE	Not significant
TETV	32	0	0	0	0	1	3	28	4	0.855132140584706	1	1	4	0.03125	0.125	0	0	0.000499525590221875	0.000250319838841437	-0.09375	FALSE	FALSE	Not significant
VANI	32	0	0	0	0	1	0	31	1	1	1	1	0	0.03125	0	0	0	0.000128720674697813	0	0.03125	FALSE	FALSE	Not significant
VANX	32	0	0	0	0	1	1	30	2	1	1	1	1	0.03125	0.03125	0	0	0.00253182461103125	7.06834084034375e-05	0	FALSE	FALSE	Not significant
VGAD	32	0	0	0	0	1	1	30	1	1	1	1	2	0.03125	0.0625	0	0	3.12892207759375e-06	7.30776112432813e-06	-0.03125	FALSE	FALSE	Not significant
ERM(33)	32	0.00036297694006	0	-0.00036297694006	-8.50350468106587	0	20	12	0	9.56917315705946e-05	0.00307283441051156	0	20	0	0.625	0	0.00036297694006	0	0.00110309048892856	-0.625	FALSE	FALSE	Lower in PMA
MSRE	32	0.000453266856296	0	-0.000453266856296	-8.79839328127984	0	19	13	0	0.000143020073393161	0.00346613354341072	0	19	0	0.59375	0	0.000453266856296	0	0.000990411910471519	-0.59375	FALSE	FALSE	Lower in PMA
FUSC	32	0.0002505487050475	0	-0.0002505487050475	-7.96941003255378	0	18	14	0	0.000214092025846018	0.00456472557723361	0	18	0	0.5625	0	0.0002505487050475	0	0.00113542603811544	-0.5625	FALSE	FALSE	Lower in PMA
TETL	32	0.0001444996955371	0	-0.0001444996955371	-7.09537273088163	0	17	15	0	0.000321048400688444	0.00551133087848496	0	17	0	0.53125	0	0.0001444996955371	0	0.00069079400739785	-0.53125	FALSE	FALSE	Lower in PMA
CARO	32	0	0	0	0	0	13	19	0	0.00166169445798351	0.0152137359264268	0	13	0	0.40625	0	0	0	0.000339117665295344	-0.40625	FALSE	FALSE	Not significant
DNA-BINDING_PROTEIN_H-NS	32	0	0	0	0	0	11	21	0	0.00385729282994253	0.0274000801023504	0	11	0	0.34375	0	0	0	0.00132356440088591	-0.34375	FALSE	FALSE	Not significant
TET(W/N/W)	32	0	0	0	0	0	11	21	0	0.00385729282994253	0.0274000801023504	0	11	0	0.34375	0	0	0	0.000147362238568875	-0.34375	FALSE	FALSE	Not significant
VANA	32	0	0	0	0	0	11	21	0	0.00385729282994253	0.0274000801023504	0	11	0	0.34375	0	0	0	0.000173791325762344	-0.34375	FALSE	FALSE	Not significant
DFRG	32	0	0	0	0	0	10	22	0	0.00592153702414871	0.0372658497337768	0	10	0	0.3125	0	0	0	0.000963840861971531	-0.3125	FALSE	FALSE	Not significant
EMRR	32	0	0	0	0	0	10	22	0	0.00592153702414871	0.0372658497337768	0	10	0	0.3125	0	0	0	0.000826615868313031	-0.3125	FALSE	FALSE	Not significant
VANU	32	0	0	0	0	0	10	22	0	0.00592153702414871	0.0372658497337768	0	10	0	0.3125	0	0	0	0.00261062434859375	-0.3125	FALSE	FALSE	Not significant
STREPTOMYCIN_RESISTANCE_PROTEIN	32	0	0	0	0	0	9	23	0	0.00915168885265007	0.0502732774305577	0	9	0	0.28125	0	0	0	0.00138358830713066	-0.28125	FALSE	FALSE	Not significant
YKKD	32	0	0	0	0	0	9	23	0	0.00915168885265007	0.0502732774305577	0	9	0	0.28125	0	0	0	0.00124824419373722	-0.28125	FALSE	FALSE	Not significant
CATQ	32	0	0	0	0	0	8	24	0	0.0142661867014469	0.0641624746833847	0	8	0	0.25	0	0	0	0.000801012280553906	-0.25	FALSE	FALSE	Not significant
CMEB	32	0	0	0	0	0	8	24	0	0.0142661867014469	0.0641624746833847	0	8	0	0.25	0	0	0	5.04859316550719e-05	-0.25	FALSE	FALSE	Not significant
ERMT	32	0	0	0	0	0	8	24	0	0.0142661867014469	0.0641624746833847	0	8	0	0.25	0	0	0	0.00017787007245125	-0.25	FALSE	FALSE	Not significant
LNUC	32	0	0	0	0	0	8	24	0	0.0142661867014469	0.0641624746833847	0	8	0	0.25	0	0	0	0.0008954059146505	-0.25	FALSE	FALSE	Not significant
LSAE	32	0	0	0	0	0	8	24	0	0.0142661867014469	0.0641624746833847	0	8	0	0.25	0	0	0	0.000273608559978656	-0.25	FALSE	FALSE	Not significant
TET40	32	0	0	0	0	0	8	24	0	0.0142661867014469	0.0641624746833847	0	8	0	0.25	0	0	0	0.00119086186044297	-0.25	FALSE	FALSE	Not significant
TETD	32	0	0	0	0	0	8	24	0	0.0142661867014469	0.0641624746833847	0	8	0	0.25	0	0	0	0.000221850098543906	-0.25	FALSE	FALSE	Not significant
VANSD	32	0	0	0	0	0	8	24	0	0.0142661867014469	0.0641624746833847	0	8	0	0.25	0	0	0	0.00039406708200225	-0.25	FALSE	FALSE	Not significant
ADC-23	32	0	0	0	0	0	7	25	0	0.0224942712224497	0.0866134555481239	0	7	0	0.21875	0	0	0	0.000139799095214187	-0.21875	FALSE	FALSE	Not significant
FARA	32	0	0	0	0	0	7	25	0	0.0224942712224497	0.0866134555481239	0	7	0	0.21875	0	0	0	0.0002412764006745	-0.21875	FALSE	FALSE	Not significant
TET44	32	0	0	0	0	0	7	25	0	0.0224942712224497	0.0866134555481239	0	7	0	0.21875	0	0	0	9.19230162439063e-05	-0.21875	FALSE	FALSE	Not significant
VANG	32	0	0	0	0	0	6	26	0	0.0360316862182336	0.117817894618351	0	6	0	0.1875	0	0	0	0.000175785837327531	-0.1875	FALSE	FALSE	Not significant
VGAC	32	0	0	0	0	0	6	26	0	0.0360316862182336	0.117817894618351	0	6	0	0.1875	0	0	0	0.000844084532386875	-0.1875	FALSE	FALSE	Not significant
EMRE	32	0	0	0	0	0	5	27	0	0.0590582290905367	0.163616724458081	0	5	0	0.15625	0	0	0	0.000317457299373938	-0.15625	FALSE	FALSE	Not significant
FLOR	32	0	0	0	0	0	5	27	0	0.0590582290905367	0.163616724458081	0	5	0	0.15625	0	0	0	0.0001694174614415	-0.15625	FALSE	FALSE	Not significant
OPTRA	32	0	0	0	0	0	5	27	0	0.0590582290905367	0.163616724458081	0	5	0	0.15625	0	0	0	2.15469113929375e-05	-0.15625	FALSE	FALSE	Not significant
VANB	32	0	0	0	0	0	5	27	0	0.0590582290905367	0.163616724458081	0	5	0	0.15625	0	0	0	6.75538595602813e-05	-0.15625	FALSE	FALSE	Not significant
VATF	32	0	0	0	0	0	5	27	0	0.0590582290905367	0.163616724458081	0	5	0	0.15625	0	0	0	0.000387696402457	-0.15625	FALSE	FALSE	Not significant
ABES	32	0	0	0	0	0	4	28	0	0.100348246462291	0.246092128228951	0	4	0	0.125	0	0	0	0.000283859777393438	-0.125	FALSE	FALSE	Not significant
CATD	32	0	0	0	0	0	4	28	0	0.100348246462291	0.246092128228951	0	4	0	0.125	0	0	0	0.000320130956760063	-0.125	FALSE	FALSE	Not significant
DFRE	32	0	0	0	0	0	4	28	0	0.100348246462291	0.246092128228951	0	4	0	0.125	0	0	0	0.000120259617498625	-0.125	FALSE	FALSE	Not significant
ERM(38)	32	0	0	0	0	0	4	28	0	0.100348246462291	0.246092128228951	0	4	0	0.125	0	0	0	2.94175883603438e-05	-0.125	FALSE	FALSE	Not significant
OLEC	32	0	0	0	0	0	4	28	0	0.100348246462291	0.246092128228951	0	4	0	0.125	0	0	0	0.000141934628951187	-0.125	FALSE	FALSE	Not significant
OMP36	32	0	0	0	0	0	4	28	0	0.100348246462291	0.246092128228951	0	4	0	0.125	0	0	0	5.22542999471812e-05	-0.125	FALSE	FALSE	Not significant
TET(40)	32	0	0	0	0	0	4	28	0	0.100348246462291	0.246092128228951	0	4	0	0.125	0	0	0	0.000187358206952031	-0.125	FALSE	FALSE	Not significant
VANY	32	0	0	0	0	0	4	28	0	0.100348246462291	0.246092128228951	0	4	0	0.125	0	0	0	0.000111567172564594	-0.125	FALSE	FALSE	Not significant
ADC-42	32	0	0	0	0	0	3	29	0	0.18144920772142	0.381413640720537	0	3	0	0.09375	0	0	0	2.30466775642875e-05	-0.09375	FALSE	FALSE	Not significant
APH(2'')-II	32	0	0	0	0	0	3	29	0	0.18144920772142	0.381413640720537	0	3	0	0.09375	0	0	0	7.07060691635e-05	-0.09375	FALSE	FALSE	Not significant
CATP	32	0	0	0	0	0	3	29	0	0.18144920772142	0.381413640720537	0	3	0	0.09375	0	0	0	0.0001540315346145	-0.09375	FALSE	FALSE	Not significant
CATS	32	0	0	0	0	0	3	29	0	0.18144920772142	0.381413640720537	0	3	0	0.09375	0	0	0	5.59460660927188e-05	-0.09375	FALSE	FALSE	Not significant
ERM(43)	32	0	0	0	0	0	3	29	0	0.18144920772142	0.381413640720537	0	3	0	0.09375	0	0	0	5.64330502314062e-05	-0.09375	FALSE	FALSE	Not significant
LISTERIA_MONOCYTOGENES_MPRF	32	0	0	0	0	0	3	29	0	0.18144920772142	0.381413640720537	0	3	0	0.09375	0	0	0	2.0748468816e-05	-0.09375	FALSE	FALSE	Not significant
MCR-4	32	0	0	0	0	0	3	29	0	0.18144920772142	0.381413640720537	0	3	0	0.09375	0	0	0	3.48505995649062e-05	-0.09375	FALSE	FALSE	Not significant
PORIN_OMPC	32	0	0	0	0	0	3	29	0	0.18144920772142	0.381413640720537	0	3	0	0.09375	0	0	0	1.55342056371687e-05	-0.09375	FALSE	FALSE	Not significant
QACH	32	0	0	0	0	0	3	29	0	0.18144920772142	0.381413640720537	0	3	0	0.09375	0	0	0	0.000252677863424031	-0.09375	FALSE	FALSE	Not significant
TET34	32	0	0	0	0	0	3	29	0	0.18144920772142	0.381413640720537	0	3	0	0.09375	0	0	0	8.71029387806562e-05	-0.09375	FALSE	FALSE	Not significant
VATG	32	0	0	0	0	0	3	29	0	0.18144920772142	0.381413640720537	0	3	0	0.09375	0	0	0	3.6094768857e-05	-0.09375	FALSE	FALSE	Not significant
VGAE	32	0	0	0	0	0	3	29	0	0.18144920772142	0.381413640720537	0	3	0	0.09375	0	0	0	7.08069224997906e-05	-0.09375	FALSE	FALSE	Not significant
AAC(6')-IB8	32	0	0	0	0	0	2	30	0	0.371093369522698	0.594904545693974	0	2	0	0.0625	0	0	0	3.41671136895937e-05	-0.0625	FALSE	FALSE	Not significant
ABEM	32	0	0	0	0	0	2	30	0	0.371093369522698	0.594904545693974	0	2	0	0.0625	0	0	0	5.5995875333e-05	-0.0625	FALSE	FALSE	Not significant
CFXA6	32	0	0	0	0	0	2	30	0	0.371093369522698	0.594904545693974	0	2	0	0.0625	0	0	0	3.02939690780937e-05	-0.0625	FALSE	FALSE	Not significant
CMLA	32	0	0	0	0	0	2	30	0	0.371093369522698	0.594904545693974	0	2	0	0.0625	0	0	0	5.87141437115e-05	-0.0625	FALSE	FALSE	Not significant
DFRD	32	0	0	0	0	0	2	30	0	0.371093369522698	0.594904545693974	0	2	0	0.0625	0	0	0	6.24938427473125e-05	-0.0625	FALSE	FALSE	Not significant
ERM(31)	32	0	0	0	0	0	2	30	0	0.371093369522698	0.594904545693974	0	2	0	0.0625	0	0	0	1.961598913475e-05	-0.0625	FALSE	FALSE	Not significant
GADW	32	0	0	0	0	0	2	30	0	0.371093369522698	0.594904545693974	0	2	0	0.0625	0	0	0	0.000139719175095625	-0.0625	FALSE	FALSE	Not significant
LPEB	32	0	0	0	0	0	2	30	0	0.371093369522698	0.594904545693974	0	2	0	0.0625	0	0	0	2.06745652748187e-05	-0.0625	FALSE	FALSE	Not significant
MCR-2	32	0	0	0	0	0	2	30	0	0.371093369522698	0.594904545693974	0	2	0	0.0625	0	0	0	4.10364024080313e-05	-0.0625	FALSE	FALSE	Not significant
MPHA	32	0	0	0	0	0	2	30	0	0.371093369522698	0.594904545693974	0	2	0	0.0625	0	0	0	1.94064761014062e-05	-0.0625	FALSE	FALSE	Not significant
MRX	32	0	0	0	0	0	2	30	0	0.371093369522698	0.594904545693974	0	2	0	0.0625	0	0	0	1.350224566425e-05	-0.0625	FALSE	FALSE	Not significant
OXY	32	0	0	0	0	0	2	30	0	0.371093369522698	0.594904545693974	0	2	0	0.0625	0	0	0	4.51127611786562e-05	-0.0625	FALSE	FALSE	Not significant
POXTA	32	0	0	0	0	0	2	30	0	0.371093369522698	0.594904545693974	0	2	0	0.0625	0	0	0	7.29300645183125e-06	-0.0625	FALSE	FALSE	Not significant
PUROMYCIN_RESISTANCE_PROTEIN	32	0	0	0	0	0	2	30	0	0.371093369522698	0.594904545693974	0	2	0	0.0625	0	0	0	5.3268891428875e-05	-0.0625	FALSE	FALSE	Not significant
PVRR	32	0	0	0	0	0	2	30	0	0.371093369522698	0.594904545693974	0	2	0	0.0625	0	0	0	5.83420501510312e-05	-0.0625	FALSE	FALSE	Not significant
QNRD2	32	0	0	0	0	0	2	30	0	0.371093369522698	0.594904545693974	0	2	0	0.0625	0	0	0	2.5898740914375e-05	-0.0625	FALSE	FALSE	Not significant
TET(33)	32	0	0	0	0	0	2	30	0	0.371093369522698	0.594904545693974	0	2	0	0.0625	0	0	0	3.46293476979687e-05	-0.0625	FALSE	FALSE	Not significant
TET41	32	0	0	0	0	0	2	30	0	0.371093369522698	0.594904545693974	0	2	0	0.0625	0	0	0	7.93747000896875e-05	-0.0625	FALSE	FALSE	Not significant
TETT	32	0	0	0	0	0	2	30	0	0.371093369522698	0.594904545693974	0	2	0	0.0625	0	0	0	6.27275434220625e-06	-0.0625	FALSE	FALSE	Not significant
VANE	32	0	0	0	0	0	2	30	0	0.371093369522698	0.594904545693974	0	2	0	0.0625	0	0	0	1.95739809325625e-05	-0.0625	FALSE	FALSE	Not significant
VANW	32	0	0	0	0	0	2	30	0	0.371093369522698	0.594904545693974	0	2	0	0.0625	0	0	0	2.8142003373875e-05	-0.0625	FALSE	FALSE	Not significant
VANYG1	32	0	0	0	0	0	2	30	0	0.371093369522698	0.594904545693974	0	2	0	0.0625	0	0	0	1.80127949545938e-05	-0.0625	FALSE	FALSE	Not significant
AAC(2')-I	32	0	0	0	0	0	1	31	0	1	1	0	1	0	0.03125	0	0	0	0.000104403859793125	-0.03125	FALSE	FALSE	Not significant
AAC(3)-IV	32	0	0	0	0	0	1	31	0	1	1	0	1	0	0.03125	0	0	0	1.07915369270625e-05	-0.03125	FALSE	FALSE	Not significant
ADC-22	32	0	0	0	0	0	1	31	0	1	1	0	1	0	0.03125	0	0	0	1.16665732471875e-05	-0.03125	FALSE	FALSE	Not significant
ADC-5	32	0	0	0	0	0	1	31	0	1	1	0	1	0	0.03125	0	0	0	7.25718826525e-06	-0.03125	FALSE	FALSE	Not significant
ADC-8	32	0	0	0	0	0	1	31	0	1	1	0	1	0	0.03125	0	0	0	5.49654531378125e-05	-0.03125	FALSE	FALSE	Not significant
ADC-82	32	0	0	0	0	0	1	31	0	1	1	0	1	0	0.03125	0	0	0	1.29120047596875e-05	-0.03125	FALSE	FALSE	Not significant
ANT(2'')-I	32	0	0	0	0	0	1	31	0	1	1	0	1	0	0.03125	0	0	0	3.8572664866875e-05	-0.03125	FALSE	FALSE	Not significant
ANTIBIOTIC_RESISTANCE_RRNA_ADENINE_METHYLTRANSFERASE	32	0	0	0	0	0	1	31	0	1	1	0	1	0	0.03125	0	0	0	3.6132865593125e-05	-0.03125	FALSE	FALSE	Not significant
BCR-1	32	0	0	0	0	0	1	31	0	1	1	0	1	0	0.03125	0	0	0	3.242598542375e-05	-0.03125	FALSE	FALSE	Not significant
BCRB	32	0	0	0	0	0	1	31	0	1	1	0	1	0	0.03125	0	0	0	0.00017548469067625	-0.03125	FALSE	FALSE	Not significant
BCRC	32	0	0	0	0	0	1	31	0	1	1	0	1	0	0.03125	0	0	0	8.99034868490625e-05	-0.03125	FALSE	FALSE	Not significant
BLAR1	32	0	0	0	0	0	1	31	0	1	1	0	1	0	0.03125	0	0	0	2.65083393162187e-05	-0.03125	FALSE	FALSE	Not significant
BMR	32	0	0	0	0	0	1	31	0	1	1	0	1	0	0.03125	0	0	0	1.40239620152812e-05	-0.03125	FALSE	FALSE	Not significant
CATB	32	0	0	0	0	0	1	31	0	1	1	0	1	0	0.03125	0	0	0	5.30114030784375e-06	-0.03125	FALSE	FALSE	Not significant
CFRC	32	0	0	0	0	0	1	31	0	1	1	0	1	0	0.03125	0	0	0	3.77326863040625e-06	-0.03125	FALSE	FALSE	Not significant
CHRYSEOBACTERIUM_MENINGOSEPTICUM_BLAB	32	0	0	0	0	0	1	31	0	1	1	0	1	0	0.03125	0	0	0	5.6558054979375e-05	-0.03125	FALSE	FALSE	Not significant
CLBA	32	0	0	0	0	0	1	31	0	1	1	0	1	0	0.03125	0	0	0	1.20442885310938e-05	-0.03125	FALSE	FALSE	Not significant
CRP	32	0	0	0	0	0	1	31	0	1	1	0	1	0	0.03125	0	0	0	1.21228375295938e-05	-0.03125	FALSE	FALSE	Not significant
DFRA12	32	0	0	0	0	0	1	31	0	1	1	0	1	0	0.03125	0	0	0	7.8666933870625e-06	-0.03125	FALSE	FALSE	Not significant
DFRA3	32	0	0	0	0	0	1	31	0	1	1	0	1	0	0.03125	0	0	0	2.59472635639062e-05	-0.03125	FALSE	FALSE	Not significant
DFRK	32	0	0	0	0	0	1	31	0	1	1	0	1	0	0.03125	0	0	0	2.73187598687188e-05	-0.03125	FALSE	FALSE	Not significant
ESP-1	32	0	0	0	0	0	1	31	0	1	1	0	1	0	0.03125	0	0	0	4.28045339328125e-05	-0.03125	FALSE	FALSE	Not significant
FOSA6	32	0	0	0	0	0	1	31	0	1	1	0	1	0	0.03125	0	0	0	1.29658657286875e-05	-0.03125	FALSE	FALSE	Not significant
FOSA7	32	0	0	0	0	0	1	31	0	1	1	0	1	0	0.03125	0	0	0	3.89665801709375e-05	-0.03125	FALSE	FALSE	Not significant
FOX	32	0	0	0	0	0	1	31	0	1	1	0	1	0	0.03125	0	0	0	9.790772825625e-06	-0.03125	FALSE	FALSE	Not significant
LEN	32	0	0	0	0	0	1	31	0	1	1	0	1	0	0.03125	0	0	0	4.23284967546875e-06	-0.03125	FALSE	FALSE	Not significant
LMRB	32	0	0	0	0	0	1	31	0	1	1	0	1	0	0.03125	0	0	0	0.000130827296275	-0.03125	FALSE	FALSE	Not significant
MCR-3	32	0	0	0	0	0	1	31	0	1	1	0	1	0	0.03125	0	0	0	3.3313407325e-06	-0.03125	FALSE	FALSE	Not significant
MDSC	32	0	0	0	0	0	1	31	0	1	1	0	1	0	0.03125	0	0	0	1.10517022090938e-05	-0.03125	FALSE	FALSE	Not significant
MSRC	32	0	0	0	0	0	1	31	0	1	1	0	1	0	0.03125	0	0	0	2.21761025363438e-05	-0.03125	FALSE	FALSE	Not significant
MYRA	32	0	0	0	0	0	1	31	0	1	1	0	1	0	0.03125	0	0	0	1.42490057537188e-05	-0.03125	FALSE	FALSE	Not significant
OKP-B-12	32	0	0	0	0	0	1	31	0	1	1	0	1	0	0.03125	0	0	0	6.85268188703125e-06	-0.03125	FALSE	FALSE	Not significant
QEPA	32	0	0	0	0	0	1	31	0	1	1	0	1	0	0.03125	0	0	0	9.8518827223125e-06	-0.03125	FALSE	FALSE	Not significant
RMTD	32	0	0	0	0	0	1	31	0	1	1	0	1	0	0.03125	0	0	0	2.00214486759688e-05	-0.03125	FALSE	FALSE	Not significant
SALA	32	0	0	0	0	0	1	31	0	1	1	0	1	0	0.03125	0	0	0	5.48413381875e-06	-0.03125	FALSE	FALSE	Not significant
SDEY	32	0	0	0	0	0	1	31	0	1	1	0	1	0	0.03125	0	0	0	1.7148005102625e-06	-0.03125	FALSE	FALSE	Not significant
TET39	32	0	0	0	0	0	1	31	0	1	1	0	1	0	0.03125	0	0	0	4.82911931971875e-05	-0.03125	FALSE	FALSE	Not significant
TYPE_A_NFXB	32	0	0	0	0	0	1	31	0	1	1	0	1	0	0.03125	0	0	0	2.69214549256563e-05	-0.03125	FALSE	FALSE	Not significant
VANH	32	0	0	0	0	0	1	31	0	1	1	0	1	0	0.03125	0	0	0	3.616730551e-05	-0.03125	FALSE	FALSE	Not significant
VANN	32	0	0	0	0	0	1	31	0	1	1	0	1	0	0.03125	0	0	0	6.41585799375e-05	-0.03125	FALSE	FALSE	Not significant
VANTG	32	0	0	0	0	0	1	31	0	1	1	0	1	0	0.03125	0	0	0	6.94564300978125e-06	-0.03125	FALSE	FALSE	Not significant
