Run	STATUS	SampleName	Pair_ID	DeepARG_total_16S	DeepARG_total_reads	ARG_subtype_richness	ARG_category_richness	HostRemoved_read_pairs	Assembly_total_bp
SRR17140442	PMA	F4_S5_P	F4_S5	3.31778323998777	263	56	13	198582	118405
SRR17140443	non-PMA	F4_S6	F4_S6	3.15868943613162	16119	206	26	8358448	43849510
SRR17140444	non-PMA	F4_S5	F4_S5	2.57892668280777	8532	186	24	8617463	24798247
SRR17140445	non-PMA	F6_S8	F6_S8	2.27833492180868	2318	144	24	12673520	63338485
SRR17140446	PMA	F6_S7_P	F6_S7	1.71030084045556	670	67	16	19315696	25689409
SRR17140447	non-PMA	F6_S7	F6_S7	2.96719167723471	7339	175	25	16866871	60145571
SRR17140448	PMA	F6_S6_P	F6_S6	2.7318172363701	146	57	14	493641	13926398
SRR17140449	non-PMA	F6_S6	F6_S6	4.51460405840113	22787	192	25	7597150	67718980
SRR17140450	PMA	F6_S5_P	F6_S5	3.17164197752168	1695	79	14	21648137	36290014
SRR17140451	non-PMA	F6_S5	F6_S5	1.7025321367463	10637	223	28	17537836	159121804
SRR17140452	non-PMA	F4_S3	F4_S3	5.02031941392444	3635	134	20	1820150	14268840
SRR17140453	PMA	F6_S4_P	F6_S4	3.45665974757605	8092	95	17	3229827	26762088
SRR17140454	non-PMA	F6_S4	F6_S4	3.09385110175411	29113	214	26	14480923	116590002
SRR17140455	PMA	F6_S3_P	F6_S3	1.02930827937468	19450	50	11	26885590	7528017
SRR17140456	non-PMA	F6_S3	F6_S3	1.12238548553229	14508	119	21	18521971	17073703
SRR17140457	PMA	F6_S2_P	F6_S2	3.11515484890407	570	104	18	341088	1611398
SRR17140458	non-PMA	F6_S2	F6_S2	3.54634433245986	15857	210	27	6290659	73078853
SRR17140459	PMA	F6_S1_P	F6_S1	11.358891931287	962	5	4	30173615	28815012
SRR17140460	non-PMA	F6_S1	F6_S1	8.86718771405456	1156	43	12	34503061	28920545
SRR17140461	PMA	F5_S8_P	F5_S8	0.7670134189899	157	36	10	270054	3201513
SRR17140462	non-PMA	F5_S8	F5_S8	2.47259928066295	9147	137	24	3554696	43769050
SRR17140463	PMA	F4_S2_P	F4_S2	1.77435242041064	14181	107	19	12124421	10316901
SRR17140464	PMA	F5_S7_P	F5_S7	2.43086500134413	584	59	17	395479	5721400
SRR17140465	PMA	F4_S4_P	F4_S4	1.381807235416	62	22	9	57855	95513
SRR17140466	PMA	F7_S8_P	F7_S8	1.8261430931262	51	30	9	75212	637640
SRR17140467	non-PMA	F7_S8	F7_S8	2.38100152082535	6581	168	23	5333466	52155834
SRR17140468	PMA	F7_S7_P	F7_S7	1.4481243645447	17	13	6	30111	11289
SRR17140469	non-PMA	F7_S7	F7_S7	3.2309235292741	14451	167	23	8560711	62810897
SRR17140470	non-PMA	F4_S4	F4_S4	3.22401717117586	2649	106	18	1535938	8782784
SRR17140471	PMA	F7_S6_P	F7_S6	2.51606282320389	185	37	12	150345	2323161
SRR17140472	non-PMA	F7_S6	F7_S6	4.93059328156544	10878	149	23	3920743	29556277
SRR17140473	PMA	F7_S5_P	F7_S5	3.4344349523404	65	38	11	54478	20164
SRR17140474	non-PMA	F7_S5	F7_S5	2.64515774858033	6543	193	26	5410282	56387570
SRR17140475	PMA	F7_S4_P	F7_S4	3.78918453438138	205	52	12	212040	306336
SRR17140476	non-PMA	F7_S4	F7_S4	2.80817993239353	11158	200	25	6571027	49817852
SRR17140477	PMA	F7_S3_P	F7_S3	4.52349263864277	1010	69	17	415685	5480573
SRR17140478	non-PMA	F7_S3	F7_S3	5.51483228078364	54933	193	25	14769515	94821941
SRR17140479	PMA	F7_S2_P	F7_S2	3.3645469234966	65	32	10	76026	42100
SRR17140480	non-PMA	F7_S2	F7_S2	1.81280378018322	18336	180	22	14960575	171230257
SRR17140481	PMA	F4_S3_P	F4_S3	2.98476345431987	433	75	17	353823	2831404
SRR17140482	PMA	F7_S1_P	F7_S1	5.7867114715247	61	29	10	64565	4401
SRR17140483	non-PMA	F7_S1	F7_S1	4.18180444329817	15756	186	27	14467541	77090209
SRR17140484	PMA	F6_S8_P	F6_S8	2.78453277827741	2265	76	17	24504358	90045671
SRR17140485	PMA	F4_S1_P	F4_S1	0.33641527397391	151	54	9	126103	23036
SRR17140486	non-PMA	F4_S1	F4_S1	5.46581715519914	4930	133	23	1795922	13304826
SRR17140487	non-PMA	F5_S7	F5_S7	3.7406739105551	3503	105	22	1380254	19324465
SRR17140488	PMA	F5_S6_P	F5_S6	1.42494781149103	485	61	16	782464	12209071
SRR17140489	non-PMA	F5_S6	F5_S6	3.21517254192148	4186	185	27	2076451	24830643
SRR17140490	PMA	F5_S5_P	F5_S5	1.98505786045283	322	54	13	395781	3510843
SRR17140491	non-PMA	F5_S5	F5_S5	3.71809125109841	11015	169	24	3781829	48183217
SRR17140492	PMA	F5_S4_P	F5_S4	1.40183467966937	260	77	15	498275	3456456
SRR17140493	non-PMA	F5_S4	F5_S4	2.27215740250177	2808	160	23	1714849	21480290
SRR17140494	PMA	F5_S3_P	F5_S3	3.49487562458519	1438	124	23	873971	8565846
SRR17140495	non-PMA	F5_S3	F5_S3	4.14428338699191	6755	184	25	2733611	34819645
SRR17140496	non-PMA	F4_S2	F4_S2	3.53936496384372	33063	165	24	9671164	52574907
SRR17140497	PMA	F5_S2_P	F5_S2	1.17895723851606	527	72	15	334157	2036148
SRR17140498	non-PMA	F5_S2	F5_S2	4.19321145206224	17279	200	25	5419601	54920847
SRR17140499	PMA	F5_S1_P	F5_S1	3.13603553300722	222	41	12	109518	400264
SRR17140500	non-PMA	F5_S1	F5_S1	2.6354735285198	7556	166	27	3387138	41564772
SRR17140501	PMA	F4_S8_P	F4_S8	2.79091075727133	157	38	10	118450	584322
SRR17140502	non-PMA	F4_S8	F4_S8	1.89141457505783	1916	117	22	1742847	10202488
SRR17140503	PMA	F4_S7_P	F4_S7	2.59587944240625	570	69	13	520325	3616169
SRR17140504	non-PMA	F4_S7	F4_S7	2.20438933234646	9037	121	20	6474533	15649154
SRR17140505	PMA	F4_S6_P	F4_S6	1.88786522443198	433	67	16	487255	2877088
