genus	lfc20	q20	prev20	lfc10	q10	prev10	same_direction	direction	mean_abs_lfc
Leptotrichia	-2.90165326874201	6.63355426097972e-08	0.890625	-3.44925186961964	2.91662559223495e-09	0.890625	TRUE	Higher in non-PMA	3.17545256918083
Lautropia	-3.42488745486058	8.43332764742901e-08	0.890625	-3.96423342304442	5.83705513334867e-09	0.890625	TRUE	Higher in non-PMA	3.6945604389525
Aggregatibacter	-2.83873284658698	1.1790410111916e-06	0.828125	-3.38365892978127	7.54271449252191e-08	0.828125	TRUE	Higher in non-PMA	3.11119588818412
Neisseria	-2.8190738010443	3.4012680069144e-06	0.890625	-3.35653613941842	1.88254108040085e-07	0.890625	TRUE	Higher in non-PMA	3.08780497023136
Blautia	-2.36455812645753	1.45846439755725e-05	0.796875	-2.92153850378802	9.59409712327245e-07	0.796875	TRUE	Higher in non-PMA	2.64304831512278
Thiobacillus	1.79571507891799	1.77548252031658e-05	0.734375	1.24545922035903	0.000647160131026361	0.734375	TRUE	Higher in PMA	1.52058714963851
Lachnoanaerobaculum	-2.59343026699308	2.37204793824672e-05	0.765625	-3.13059783980092	3.48699397839062e-06	0.765625	TRUE	Higher in non-PMA	2.862014053397
Campylobacter	-2.27782632560445	2.77578029020571e-05	0.8125	-2.81407319818764	3.14226381960495e-06	0.8125	TRUE	Higher in non-PMA	2.54594976189605
Phocaeicola	-2.003518240347	5.33718468040199e-05	0.78125	-2.55704068834488	3.29024742546823e-06	0.78125	TRUE	Higher in non-PMA	2.28027946434594
Aquabacterium	1.92920176247195	6.14792672893833e-05	0.578125	1.36067001597271	0.000944757560253305	0.578125	TRUE	Higher in PMA	1.64493588922233
Capnocytophaga	-2.2313936309903	6.69544459168508e-05	0.84375	-2.77631272027118	3.58465895158908e-06	0.84375	TRUE	Higher in non-PMA	2.50385317563074
Phascolarctobacterium	-3.14954294534559	7.2828773074916e-05	0.59375	-3.73197614625009	1.60091146630615e-05	0.59375	TRUE	Higher in non-PMA	3.44075954579784
Dolosigranulum	-2.1660964096968	9.97381068794174e-05	0.703125	-2.72053550885896	1.00356660314828e-05	0.703125	TRUE	Higher in non-PMA	2.44331595927788
Abiotrophia	-2.34730402979798	0.000109428372398875	0.75	-2.89542672532676	1.25018331424562e-05	0.75	TRUE	Higher in non-PMA	2.62136537756237
Dorea	-2.49590992367383	0.000151357169974294	0.6875	-3.07019231535017	2.28652085503281e-05	0.6875	TRUE	Higher in non-PMA	2.783051119512
Coprococcus	-2.6211914638558	0.00018590615274464	0.65625	-3.19773081559704	3.19939208339308e-05	0.65625	TRUE	Higher in non-PMA	2.90946113972642
Faecalibacillus	-2.93974390908748	0.00018590615274464	0.5625	-3.53079404395999	4.47406864509528e-05	0.5625	TRUE	Higher in non-PMA	3.23526897652374
Arachnia	-2.51518745154726	0.00020056957805699	0.734375	-3.0523477411812	4.18324530407327e-05	0.734375	TRUE	Higher in non-PMA	2.78376759636423
Varibaculum	-1.85622625214579	0.000254390791835956	0.65625	-2.40747940651467	2.44355107343336e-05	0.65625	TRUE	Higher in non-PMA	2.13185282933023
Solobacterium	-1.85516371749155	0.000293464179182945	0.609375	-2.38520269261706	9.4340991317861e-06	0.609375	TRUE	Higher in non-PMA	2.12018320505431
Anaerostipes	-1.9605817917374	0.000293464179182945	0.75	-2.51396063943923	2.44355107343336e-05	0.75	TRUE	Higher in non-PMA	2.23727121558831
Winkia	-1.69097182443617	0.000293464179182945	0.703125	-2.24026517433916	2.43087469043084e-05	0.703125	TRUE	Higher in non-PMA	1.96561849938767
Tannerella	-1.93738574998967	0.000300803475485268	0.71875	-2.48217112274317	1.65847464253672e-05	0.71875	TRUE	Higher in non-PMA	2.20977843636642
Faecalibacterium	-2.11348813657222	0.000310093065352806	0.75	-2.66527923036705	3.19939208339308e-05	0.75	TRUE	Higher in non-PMA	2.38938368346964
Latilactobacillus	-2.36678852688129	0.000565779050202623	0.609375	-2.92238211767403	7.82424327417829e-05	0.609375	TRUE	Higher in non-PMA	2.64458532227766
Comamonas	1.63102528916324	0.000600502043913893	0.796875	1.07395157621014	0.0145228011155893	0.796875	TRUE	Higher in PMA	1.35248843268669
Herbaspirillum	1.54980417250237	0.000653844624417306	0.59375	0.979879068631546	0.0145228011155893	0.59375	TRUE	Higher in PMA	1.26484162056696
Lactiplantibacillus	-2.08405288025981	0.000657414658274186	0.59375	-2.61890204986261	0.000131914195908814	0.59375	TRUE	Higher in non-PMA	2.35147746506121
Candidatus Nanosynbacter	-1.72984463993926	0.0006986825528149	0.6875	-2.25981960917617	6.43125429165325e-05	0.6875	TRUE	Higher in non-PMA	1.99483212455771
Ruminococcus	-2.08372091637704	0.00090664869932326	0.671875	-2.6536679988941	0.000104692004079674	0.671875	TRUE	Higher in non-PMA	2.36869445763557
Burkholderia	-1.63322946474506	0.00105282213517539	0.765625	-2.16248076664135	6.46802207430365e-05	0.765625	TRUE	Higher in non-PMA	1.89785511569321
Alistipes	-2.77595481981316	0.00167303235445618	0.53125	-3.35253463251183	0.000491570816150634	0.53125	TRUE	Higher in non-PMA	3.06424472616249
Selenomonas	-3.02145389803802	0.00178170551667033	0.5625	-3.55744539409506	0.000655570377510569	0.5625	TRUE	Higher in non-PMA	3.28944964606654
Collinsella	-2.31452282893655	0.00178170551667033	0.75	-2.86830718819875	0.000273306974665919	0.75	TRUE	Higher in non-PMA	2.59141500856765
Bacteroides	-1.69952061628774	0.00195336321240661	0.6875	-2.25386463412803	0.000172092772773325	0.6875	TRUE	Higher in non-PMA	1.97669262520789
Mogibacterium	-1.51373269488713	0.00217174445654522	0.65625	-2.03742752130667	6.46802207430365e-05	0.65625	TRUE	Higher in non-PMA	1.7755801080969
Cardiobacterium	-1.87023021953483	0.0021996317319423	0.65625	-2.39121895873882	0.000158818979369139	0.65625	TRUE	Higher in non-PMA	2.13072458913682
Porphyromonas	-1.60023353688354	0.00269939402868004	0.734375	-2.15282598733721	0.000153185043088376	0.734375	TRUE	Higher in non-PMA	1.87652976211038
Pantoea	-1.71465604468942	0.00276004305562901	0.71875	-2.24686224984162	0.000267088223647712	0.71875	TRUE	Higher in non-PMA	1.98075914726552
Lancefieldella	-1.73947151228826	0.00276004305562901	0.625	-2.27166056630846	0.000299298692699312	0.625	TRUE	Higher in non-PMA	2.00556603929836
Ezakiella	-1.51967050194169	0.00352367577753604	0.71875	-2.0772769181035	0.000267088223647712	0.71875	TRUE	Higher in non-PMA	1.79847371002259
Kingella	-1.78766052226025	0.00432527379309577	0.6875	-2.33294961093691	0.000338340628619364	0.6875	TRUE	Higher in non-PMA	2.06030506659858
Mediterraneibacter	-1.85933859752923	0.00472764374996943	0.65625	-2.41029277597858	0.000872691004137835	0.65625	TRUE	Higher in non-PMA	2.1348156867539
Pediococcus	-2.0886151611381	0.00762534502962846	0.515625	-2.6072746912267	0.00261681086932856	0.515625	TRUE	Higher in non-PMA	2.3479449261824
Bifidobacterium	-1.61680645556998	0.00815218670310754	0.71875	-2.17746225586101	0.000860646395831035	0.71875	TRUE	Higher in non-PMA	1.89713435571549
Morococcus	-1.65277350535572	0.0194391198258534	0.625	-2.17388862210836	0.00295547339402735	0.625	TRUE	Higher in non-PMA	1.91333106373204
Dermabacter	-1.17158952554391	0.0268533266065467	0.6875	-1.71991211188726	0.00279489438185103	0.6875	TRUE	Higher in non-PMA	1.44575081871558
Fenollaria	-1.22786394221875	0.039266062259	0.609375	-1.77352562827523	0.00494637321425612	0.609375	TRUE	Higher in non-PMA	1.50069478524699
