taxon	lfc_(Intercept)	lfc_STATUSPMA	se_(Intercept)	se_STATUSPMA	W_(Intercept)	W_STATUSPMA	p_(Intercept)	p_STATUSPMA	q_(Intercept)	q_STATUSPMA	diff_(Intercept)	diff_STATUSPMA	passed_ss_(Intercept)	passed_ss_STATUSPMA	diff_robust_(Intercept)	diff_robust_STATUSPMA	taxonomy_id	genus	prevalence	CI_low	CI_high	Direction	FDR_significant
1279|Staphylococcus	1.33745797716842	-2.45361787643839	0.283594384381339	0.283041114493188	4.71609471423802	-8.66876842550533	2.60164054600858e-05	8.64923938405594e-10	0.00101897588052003	5.66561088634903e-08	TRUE	TRUE	FALSE	FALSE	FALSE	FALSE	1279	Staphylococcus	1	-3.00837846084504	-1.89885729203174	Higher in non-PMA	TRUE
1301|Streptococcus	1.462049979839	-2.70280188177955	0.31222475096856	0.29547703354535	4.68268442941676	-9.1472486011835	3.11044744125874e-05	2.57602020368801e-10	0.00104422164099401	5.66561088634903e-08	TRUE	TRUE	FALSE	FALSE	FALSE	FALSE	1301	Streptococcus	1	-3.28193686752844	-2.12366689603067	Higher in non-PMA	TRUE
1378|Gemella	1.46556273800824	-2.78805540255791	0.311194754011694	0.315372934075723	4.70947122056296	-8.84050310382209	2.5788121450635e-05	9.64359299804091e-10	0.00101897588052003	5.66561088634903e-08	TRUE	TRUE	FALSE	FALSE	FALSE	FALSE	1378	Gemella	0.984375	-3.40618635334633	-2.16992445176949	Higher in non-PMA	TRUE
117563|Granulicatella	1.43825842362534	-2.80652002713981	0.285432573807937	0.311608777933472	5.03887276927656	-9.0065499622703	7.39740203511644e-06	8.4421646445712e-10	0.000434597369563091	5.66561088634903e-08	TRUE	TRUE	FALSE	FALSE	FALSE	FALSE	117563	Granulicatella	0.96875	-3.41727323188941	-2.1957668223902	Higher in non-PMA	TRUE
724|Haemophilus	1.65608822578067	-3.09087837366289	0.315279428600425	0.362494804142052	5.25276334435235	-8.52668324716637	2.52834022981432e-06	1.24646190862984e-09	0.000434597369563091	5.85837097056023e-08	TRUE	TRUE	FALSE	FALSE	FALSE	FALSE	724	Haemophilus	1	-3.80136818978131	-2.38038855754447	Higher in non-PMA	TRUE
32067|Leptotrichia	1.27528494538918	-2.90165326874201	0.315394823332614	0.310112710949561	4.04345553904121	-9.35676986556656	0.00025393852814019	1.69367342833525e-09	0.00459042723945729	6.63355426097972e-08	TRUE	TRUE	FALSE	TRUE	FALSE	TRUE	32067	Leptotrichia	0.890625	-3.50947418220314	-2.29383235528087	Higher in non-PMA	TRUE
848|Fusobacterium	1.50042927894623	-2.93338164363667	0.29136281362494	0.344993919596526	5.14969381397338	-8.50270534352399	3.73404203792757e-06	2.65380755050406e-09	0.000434597369563091	8.43332764742901e-08	TRUE	TRUE	FALSE	FALSE	FALSE	FALSE	848	Fusobacterium	0.96875	-3.60956972604586	-2.25719356122748	Higher in non-PMA	TRUE
47670|Lautropia	1.43095416202779	-3.42488745486058	0.363910815052952	0.377479304310097	3.93215618452991	-9.07304696113102	0.000325085905475851	2.8709200501886e-09	0.00545679912763035	8.43332764742901e-08	TRUE	TRUE	FALSE	TRUE	FALSE	TRUE	47670	Lautropia	0.890625	-4.16474689130837	-2.68502801841279	Higher in non-PMA	TRUE
1716|Corynebacterium	1.3135473548506	-2.40579663180274	0.295380860319806	0.314065094224961	4.44696163938459	-7.6601847070579	5.13280335280612e-05	1.22347339704661e-08	0.0015077609848868	3.19462498117725e-07	TRUE	TRUE	FALSE	FALSE	FALSE	FALSE	1716	Corynebacterium	1	-3.02136421648367	-1.79022904712182	Higher in non-PMA	TRUE
1654|Actinomyces	1.4511190247147	-2.71303471242133	0.292186555944104	0.3650805134775	4.96641270857205	-7.43133257532393	6.04467013812978e-06	2.88606207024982e-08	0.000434597369563091	6.78224586508708e-07	TRUE	TRUE	FALSE	FALSE	FALSE	FALSE	1654	Actinomyces	0.984375	-3.42859251883723	-1.99747690600543	Higher in non-PMA	TRUE
29465|Veillonella	1.31463381938035	-2.47322606823129	0.319688075639314	0.34239435521038	4.11223914670993	-7.22332605837398	0.000155049127123764	5.85858020962784e-08	0.00331241317037133	1.1790410111916e-06	TRUE	TRUE	FALSE	FALSE	FALSE	FALSE	29465	Veillonella	0.984375	-3.14431900444364	-1.80213313201895	Higher in non-PMA	TRUE
416916|Aggregatibacter	1.04625457953975	-2.83873284658698	0.318694989187913	0.367016303892494	3.28293388674162	-7.73462327553302	0.00207514358368867	6.0206349507656e-08	0.0232218448650875	1.1790410111916e-06	TRUE	TRUE	FALSE	TRUE	FALSE	TRUE	416916	Aggregatibacter	0.828125	-3.55808480221627	-2.11938089095769	Higher in non-PMA	TRUE
838|Prevotella	1.18114915018135	-2.20329241998958	0.281581671213326	0.304264468942087	4.19469472246478	-7.24137270332722	0.000122634123176676	7.30400630927587e-08	0.00294133173255409	1.30490744040405e-06	TRUE	TRUE	FALSE	FALSE	FALSE	FALSE	838	Prevotella	0.984375	-2.79965077911607	-1.60693406086309	Higher in non-PMA	TRUE
32207|Rothia	1.27891460984157	-2.3365311417847	0.320050385878011	0.334634777196105	3.99597896541527	-6.98233208563205	0.000223061246654595	7.7739166662369e-08	0.00436828274698581	1.30490744040405e-06	TRUE	TRUE	FALSE	FALSE	FALSE	FALSE	32207	Rothia	1	-2.99241530508906	-1.68064697848033	Higher in non-PMA	TRUE
482|Neisseria	1.23592319941178	-2.8190738010443	0.344652357107885	0.413410146964773	3.58599955556057	-6.81907258866705	0.000775901649709816	2.17102213207302e-07	0.0113960554801129	3.4012680069144e-06	TRUE	TRUE	FALSE	TRUE	FALSE	TRUE	482	Neisseria	0.890625	-3.62935768909526	-2.00878991299335	Higher in non-PMA	TRUE
1847725|Lawsonella	0.960512323793836	-2.06187120226299	0.281812930466961	0.30287545801079	3.40833304633069	-6.80765360060813	0.00142041185974531	2.44432547227044e-07	0.0175682519494815	3.59010303739722e-06	TRUE	TRUE	FALSE	FALSE	FALSE	FALSE	1847725	Lawsonella	0.921875	-2.65550709996414	-1.46823530456184	Higher in non-PMA	TRUE
2529408|Schaalia	1.31992798582536	-2.68450846789912	0.320125972809478	0.406615377451246	4.12315181502288	-6.60208299235068	0.00012516305244911	3.7399061714536e-07	0.00294133173255409	5.16987029583292e-06	TRUE	TRUE	FALSE	FALSE	FALSE	FALSE	2529408	Schaalia	0.9375	-3.48147460770356	-1.88754232809468	Higher in non-PMA	TRUE
572511|Blautia	0.395488823512956	-2.36455812645753	0.422846268768439	0.33193783927881	0.935301675156879	-7.12349677154893	0.356504114584155	1.11712166621406e-06	0.69226590942188	1.45846439755725e-05	FALSE	TRUE	FALSE	TRUE	FALSE	TRUE	572511	Blautia	0.796875	-3.015156291444	-1.71395996147106	Higher in non-PMA	TRUE
919|Thiobacillus	-0.838091945708513	1.79571507891799	0.291237209028615	0.27666086437597	-2.87769529348212	6.49067255308541	0.00742060904747878	1.43549650578788e-06	0.0622801116484826	1.77548252031658e-05	FALSE	TRUE	TRUE	TRUE	FALSE	TRUE	919	Thiobacillus	0.734375	1.25345978474109	2.33797037309489	Higher in PMA	TRUE
1164882|Lachnoanaerobaculum	0.759161752177279	-2.59343026699308	0.290418079045258	0.363206438983599	2.61403062327595	-7.14037524844155	0.0126859847307583	2.01876420276317e-06	0.0931627003665061	2.37204793824672e-05	FALSE	TRUE	FALSE	TRUE	FALSE	TRUE	1164882	Lachnoanaerobaculum	0.765625	-3.30531488740093	-1.88154564658523	Higher in non-PMA	TRUE
55193|Malassezia	1.01332041418533	-1.8053427504722	0.292422260993802	0.313484674057263	3.46526427482484	-5.7589505959147	0.0011154473178808	2.4401684252434e-06	0.0154194188059993	2.73066466634381e-05	TRUE	TRUE	FALSE	FALSE	FALSE	FALSE	55193	Malassezia	1	-2.41977271162444	-1.19091278931997	Higher in non-PMA	TRUE
194|Campylobacter	0.873991562561096	-2.27782632560445	0.273168309188832	0.364925303794059	3.19946177196175	-6.24189745660912	0.00241671104798626	2.59860282487343e-06	0.0258148680125805	2.77578029020571e-05	TRUE	TRUE	FALSE	TRUE	FALSE	TRUE	194	Campylobacter	0.8125	-2.99307992104081	-1.56257273016809	Higher in non-PMA	TRUE
1912216|Cutibacterium	1.05056855467171	-1.87983903144497	0.332145921366667	0.333334484455551	3.16297291970041	-5.6394976190819	0.00279168735647	3.43382716985284e-06	0.0285237621204544	3.50847558658877e-05	TRUE	TRUE	FALSE	FALSE	FALSE	FALSE	1912216	Cutibacterium	1	-2.53317462097785	-1.22650344191209	Higher in non-PMA	TRUE
909656|Phocaeicola	0.337495318745287	-2.003518240347	0.380274354374342	0.313142995157344	0.88750481031139	-6.39809375055731	0.381255198093734	5.4507418012616e-06	0.69226590942188	5.33718468040199e-05	FALSE	TRUE	FALSE	TRUE	FALSE	TRUE	909656	Phocaeicola	0.78125	-2.61727851085539	-1.3897579698386	Higher in non-PMA	TRUE
92793|Aquabacterium	-1.10211293861026	1.92920176247195	0.291021710884214	0.294926178060185	-3.78704714250252	6.54130391259559	0.000707413469466151	6.54034758397695e-06	0.0110828110216364	6.14792672893833e-05	TRUE	TRUE	FALSE	TRUE	FALSE	TRUE	92793	Aquabacterium	0.578125	1.35114645347399	2.50725707146991	Higher in PMA	TRUE
1016|Capnocytophaga	0.842231990176793	-2.2313936309903	0.325913400629616	0.390727682403905	2.58422019023988	-5.71086649725436	0.0131435016149796	7.40772593122604e-06	0.0935976630157636	6.69544459168508e-05	FALSE	TRUE	FALSE	TRUE	FALSE	TRUE	1016	Capnocytophaga	0.84375	-2.99721988850195	-1.46556737347865	Higher in non-PMA	TRUE
33024|Phascolarctobacterium	0.0709728522570096	-3.14954294534559	0.43476362462197	0.369515222280109	0.163244688004248	-8.52344573495836	0.871579722625917	8.36756116179886e-06	0.931005612804957	7.2828773074916e-05	FALSE	TRUE	TRUE	TRUE	FALSE	TRUE	33024	Phascolarctobacterium	0.59375	-3.8737927810146	-2.42529310967658	Higher in non-PMA	TRUE
29393|Dolosigranulum	0.412145368165536	-2.1660964096968	0.286568071005366	0.345748307571704	1.43821105652004	-6.26495159126002	0.159151801906023	1.20881937873188e-05	0.50430401321041	9.97381068794174e-05	FALSE	TRUE	FALSE	TRUE	FALSE	TRUE	29393	Dolosigranulum	0.703125	-2.84376309253734	-1.48842972685626	Higher in non-PMA	TRUE
150022|Finegoldia	0.987125844345073	-1.78451415292244	0.290687311452927	0.339701538922079	3.39583396128016	-5.25318242179577	0.00128353484390559	1.23081068063962e-05	0.0167572604621007	9.97381068794174e-05	TRUE	TRUE	FALSE	FALSE	FALSE	FALSE	150022	Finegoldia	0.984375	-2.45032916920971	-1.11869913663516	Higher in non-PMA	TRUE
543311|Parvimonas	0.471934995327977	-1.66149044296266	0.268498942686363	0.284904016479972	1.75767915734123	-5.83175507137666	0.0874251996071974	1.38284795335845e-05	0.3804615168091	0.000108323089679745	FALSE	TRUE	FALSE	FALSE	FALSE	FALSE	543311	Parvimonas	0.78125	-2.2199023152634	-1.10307857066191	Higher in non-PMA	TRUE
46123|Abiotrophia	0.471740594546794	-2.34730402979798	0.373174364151365	0.370004696740071	1.26412915747731	-6.3439844155464	0.21513395901761	1.44352321036814e-05	0.561738670768204	0.000109428372398875	FALSE	TRUE	FALSE	TRUE	FALSE	TRUE	46123	Abiotrophia	0.75	-3.07251323540852	-1.62209482418744	Higher in non-PMA	TRUE
1578|Lactobacillus	0.747253097770935	-1.95769410371346	0.389411212460322	0.359978771949126	1.91893061591562	-5.43835985970341	0.0635169637990318	1.88943635395288e-05	0.333596596640261	0.000138755482243414	FALSE	TRUE	TRUE	FALSE	FALSE	FALSE	1578	Lactobacillus	0.84375	-2.66325249673374	-1.25213571069317	Higher in non-PMA	TRUE
189330|Dorea	0.175586370306362	-2.49590992367383	0.400969345146959	0.371905761021742	0.437904723718985	-6.71113541456519	0.664475789844847	2.12544111027731e-05	0.808489805038601	0.000151357169974294	FALSE	TRUE	FALSE	TRUE	FALSE	TRUE	189330	Dorea	0.6875	-3.22484521527644	-1.76697463207122	Higher in non-PMA	TRUE
33042|Coprococcus	-0.0109215820941777	-2.6211914638558	0.434460092626753	0.384645170687064	-0.0251382860693732	-6.8145700599172	0.980113073893962	2.84792404204554e-05	0.992786949849487	0.00018590615274464	FALSE	TRUE	FALSE	TRUE	FALSE	TRUE	33042	Coprococcus	0.65625	-3.37509599840245	-1.86728692930916	Higher in non-PMA	TRUE
165779|Anaerococcus	0.903305950935674	-1.97711881895974	0.299330126857004	0.394898156350017	3.01775822039859	-5.0066549746242	0.00383898355926675	2.72894096925413e-05	0.0360864454571075	0.00018590615274464	TRUE	TRUE	FALSE	FALSE	FALSE	FALSE	165779	Anaerococcus	0.90625	-2.75111920540577	-1.2031184325137	Higher in non-PMA	TRUE
2678885|Faecalibacillus	-0.174533570131997	-2.93974390908748	0.468322775158578	0.348761985869102	-0.372677946471638	-8.4290835245755	0.712381715005664	2.83630343607219e-05	0.82295698346001	0.00018590615274464	FALSE	TRUE	TRUE	TRUE	FALSE	TRUE	2678885	Faecalibacillus	0.5625	-3.62331740139092	-2.25617041678404	Higher in non-PMA	TRUE
2801844|Arachnia	0.658345210433274	-2.51518745154726	0.295541084155967	0.40613707405768	2.22759286517959	-6.19295211446285	0.0317161818139315	3.15790399493983e-05	0.196139545428261	0.00020056957805699	FALSE	TRUE	FALSE	TRUE	FALSE	TRUE	2801844	Arachnia	0.734375	-3.31121611670031	-1.71915878639421	Higher in non-PMA	TRUE
184869|Varibaculum	0.137274930207126	-1.85622625214579	0.284589237239263	0.28387303645941	0.48236163650741	-6.53893119014565	0.632891501954731	4.1135532296878e-05	0.78692858708657	0.000254390791835956	FALSE	TRUE	FALSE	TRUE	FALSE	TRUE	184869	Varibaculum	0.65625	-2.41261740360624	-1.29983510068535	Higher in non-PMA	TRUE
123375|Solobacterium	0.0987368372000586	-1.85516371749155	0.252113692686416	0.40443415227395	0.391636154894885	-4.58705998754261	0.697573630065768	5.01217890226199e-05	0.819930201225142	0.000293464179182945	FALSE	TRUE	FALSE	TRUE	FALSE	TRUE	123375	Solobacterium	0.609375	-2.6478546559485	-1.06247277903461	Higher in non-PMA	TRUE
207244|Anaerostipes	0.174529933748194	-1.9605817917374	0.407271909895077	0.359444355041906	0.428534179519419	-5.45447929348849	0.671139938588194	4.93027586864585e-05	0.808809669580644	0.000293464179182945	FALSE	TRUE	TRUE	TRUE	FALSE	TRUE	207244	Anaerostipes	0.75	-2.66509272761954	-1.25607085585527	Higher in non-PMA	TRUE
2692118|Winkia	0.231530993677238	-1.69097182443617	0.280141316454162	0.292487869681292	0.826479280556685	-5.78134001344648	0.414374687968008	5.12001333893648e-05	0.69226590942188	0.000293464179182945	FALSE	TRUE	FALSE	TRUE	FALSE	TRUE	2692118	Winkia	0.703125	-2.2642480490115	-1.11769559986084	Higher in non-PMA	TRUE
195950|Tannerella	0.387276215339409	-1.93738574998967	0.300372436578332	0.39740324902779	1.28932008459576	-4.87511301110221	0.204401610973995	5.37606211505585e-05	0.553512369911426	0.000300803475485268	FALSE	TRUE	FALSE	TRUE	FALSE	TRUE	195950	Tannerella	0.71875	-2.71629611808414	-1.1584753818952	Higher in non-PMA	TRUE
216851|Faecalibacterium	0.290330701201276	-2.11348813657222	0.406464758369531	0.392599135826331	0.714282592089635	-5.38332345567652	0.480129120549001	5.67404332347688e-05	0.714116097019084	0.000310093065352806	FALSE	TRUE	FALSE	TRUE	FALSE	TRUE	216851	Faecalibacterium	0.75	-2.88298244279183	-1.34399383035261	Higher in non-PMA	TRUE
162289|Peptoniphilus	0.788087309681679	-1.78184854939092	0.277060853458842	0.369000062119528	2.84445564879757	-4.82885704451111	0.0062756216506916	6.22933340262523e-05	0.0567219649197126	0.000332703034003848	FALSE	TRUE	FALSE	FALSE	FALSE	FALSE	162289	Peptoniphilus	0.875	-2.50508867114519	-1.05860842763664	Higher in non-PMA	TRUE
51668|Tetragenococcus	0.367994064081952	-2.09340554409913	0.435626633834163	0.394872990591338	0.844746476685908	-5.30146551923993	0.404809333690745	7.88006630411157e-05	0.69226590942188	0.00041151457365916	FALSE	TRUE	TRUE	FALSE	FALSE	FALSE	51668	Tetragenococcus	0.734375	-2.86735660565816	-1.31945448254011	Higher in non-PMA	TRUE
2767885|Latilactobacillus	0.0843378891479125	-2.36678852688129	0.483698240145638	0.417115053121453	0.174360545786809	-5.67418631662795	0.862860964304151	0.00011074823961413	0.925901034755595	0.000565779050202623	FALSE	TRUE	TRUE	TRUE	FALSE	TRUE	2767885	Latilactobacillus	0.609375	-3.18433403099934	-1.54924302276324	Higher in non-PMA	TRUE
283|Comamonas	-0.846856152609614	1.63102528916324	0.308241521081225	0.355141718186856	-2.7473785804037	4.59260403843934	0.00849236887911059	0.000120100408782779	0.0688174719514134	0.000600502043913893	FALSE	TRUE	FALSE	TRUE	FALSE	TRUE	283	Comamonas	0.796875	0.934947521517002	2.32710305680948	Higher in PMA	TRUE
963|Herbaspirillum	-0.878891426024916	1.54980417250237	0.32156764937154	0.301656343134369	-2.73314628428136	5.13764821385517	0.0105241890288604	0.000133551242434173	0.0797801426381349	0.000653844624417306	FALSE	TRUE	FALSE	TRUE	FALSE	TRUE	963	Herbaspirillum	0.59375	0.958557739959011	2.14105060504574	Higher in PMA	TRUE
2767842|Lactiplantibacillus	0.0819881401039147	-2.08405288025981	0.345887457760286	0.332362554792957	0.237037042727163	-6.27042020891328	0.814379153642921	0.000137077950023128	0.902731608990974	0.000657414658274186	FALSE	TRUE	FALSE	TRUE	FALSE	TRUE	2767842	Lactiplantibacillus	0.59375	-2.735483487654	-1.43262227286561	Higher in non-PMA	TRUE
2093823|Candidatus Nanosynbacter	0.28899540714531	-1.72984463993926	0.282945759725366	0.333842578907323	1.02138094391595	-5.18161777206817	0.314345117468659	0.000148655862301043	0.677716537661788	0.0006986825528149	FALSE	TRUE	FALSE	TRUE	FALSE	TRUE	2093823	Candidatus Nanosynbacter	0.6875	-2.38417609459761	-1.0755131852809	Higher in non-PMA	TRUE
1357|Lactococcus	0.875805363893277	-1.71521252943696	0.406501217512927	0.393540123890456	2.15449628724771	-4.35841843134246	0.0369944702385416	0.000156914000647558	0.217342512651432	0.000723035101023062	FALSE	TRUE	TRUE	FALSE	FALSE	FALSE	1357	Lactococcus	0.953125	-2.48655117226225	-0.943873886611665	Higher in non-PMA	TRUE
1263|Ruminococcus	0.150321385664677	-2.08372091637704	0.424695218274138	0.414526403708751	0.353951208293675	-5.02675076360413	0.725840847860474	0.000200620137722594	0.824022218585563	0.00090664869932326	FALSE	TRUE	TRUE	TRUE	FALSE	TRUE	1263	Ruminococcus	0.671875	-2.89619266764619	-1.27124916510789	Higher in non-PMA	TRUE
32008|Burkholderia	0.332719926872374	-1.63322946474506	0.342349293250786	0.356516912336983	0.971872685096041	-4.58107149542831	0.337725158171394	0.000237444992188492	0.69226590942188	0.00105282213517539	FALSE	TRUE	FALSE	TRUE	FALSE	TRUE	32008	Burkholderia	0.765625	-2.33200261292555	-0.934456316564578	Higher in non-PMA	TRUE
2569097|Anaerobutyricum	0.082216307097207	-1.95083321684988	0.419320818250132	0.403217923003715	0.19607017710283	-4.83816096843471	0.845884519903108	0.00026155980452584	0.911847991638671	0.00113826951969579	FALSE	TRUE	TRUE	FALSE	FALSE	FALSE	2569097	Anaerobutyricum	0.6875	-2.74114034593716	-1.1605260877626	Higher in non-PMA	TRUE
4958|Debaryomyces	0.0797313870639121	-1.70142840916609	0.378420246554721	0.34266262255628	0.210695352032076	-4.96531660346656	0.834707572216904	0.000325449564772337	0.908130923476725	0.00139055723129998	FALSE	TRUE	TRUE	FALSE	FALSE	FALSE	4958	Debaryomyces	0.625	-2.3730471493764	-1.02980966895578	Higher in non-PMA	TRUE
239759|Alistipes	-0.0512633468882124	-2.77595481981316	0.369314962948996	0.44453002641403	-0.138806579833301	-6.24469586949266	0.890680302052481	0.000398680050423599	0.947103488607842	0.00167303235445618	FALSE	TRUE	FALSE	TRUE	FALSE	TRUE	239759	Alistipes	0.53125	-3.64723367158466	-1.90467596804166	Higher in non-PMA	TRUE
970|Selenomonas	0.0989278198936789	-3.02145389803802	0.297337811680317	0.420139559419358	0.332711871842392	-7.19154821367867	0.7416615357207	0.000438328973048223	0.834286873428483	0.00178170551667033	FALSE	TRUE	FALSE	TRUE	FALSE	TRUE	970	Selenomonas	0.5625	-3.84492743449997	-2.19798036157608	Higher in non-PMA	TRUE
102106|Collinsella	0.455171859958643	-2.31452282893655	0.382627232773097	0.533952221489715	1.18959608980202	-4.33470025179236	0.241060826737009	0.000439740084965444	0.591200305437641	0.00178170551667033	FALSE	TRUE	FALSE	TRUE	FALSE	TRUE	102106	Collinsella	0.75	-3.3610691830564	-1.26797647481671	Higher in non-PMA	TRUE
816|Bacteroides	0.169539028411719	-1.69952061628774	0.365132274702261	0.390787193613382	0.464322220077549	-4.34896701852807	0.645523911738554	0.000490418849072297	0.794358711423345	0.00195336321240661	FALSE	TRUE	TRUE	TRUE	FALSE	TRUE	816	Bacteroides	0.6875	-2.46546351576997	-0.933577716805514	Higher in non-PMA	TRUE
1485|Clostridium	0.600388430748489	-1.54372514993044	0.362109057767952	0.389928998010431	1.65803207036382	-3.95899037467621	0.104756027855796	0.000537602782374274	0.424442526657104	0.00210561089763257	FALSE	TRUE	TRUE	FALSE	FALSE	FALSE	1485	Clostridium	0.875	-2.30798598603088	-0.779464313829993	Higher in non-PMA	TRUE
86331|Mogibacterium	0.165850374124489	-1.51373269488713	0.263705627015243	0.404111317089913	0.628922393510026	-3.74583098980703	0.532975285376541	0.000566882920530537	0.740198448914998	0.00217174445654522	FALSE	TRUE	FALSE	TRUE	FALSE	TRUE	86331	Mogibacterium	0.65625	-2.30579087638336	-0.721674513390902	Higher in non-PMA	TRUE
577309|Paraprevotella	-0.36797438281203	-2.31426053618628	0.475901536475054	0.299368463565038	-0.773215370426356	-7.73047537682106	0.452193405966505	0.00058221234366957	0.699841131360644	0.00217174445654522	FALSE	TRUE	TRUE	FALSE	FALSE	FALSE	577309	Paraprevotella	0.328125	-2.90102272477375	-1.7274983475988	Higher in non-PMA	TRUE
1766253|Agathobacter	0.41702455286091	-1.58925185186754	0.381788699147709	0.392035636427333	1.09229150520134	-4.05384537576885	0.2820267351347	0.000575657170817213	0.629700095566613	0.00217174445654522	FALSE	TRUE	TRUE	FALSE	FALSE	FALSE	1766253	Agathobacter	0.796875	-2.35764169926511	-0.820862004469968	Higher in non-PMA	TRUE
2717|Cardiobacterium	0.243797740021414	-1.87023021953483	0.297085490540688	0.501797978308103	0.820631595227719	-3.72705809983656	0.416720039733654	0.00059904864189067	0.69226590942188	0.0021996317319423	FALSE	TRUE	FALSE	TRUE	FALSE	TRUE	2717	Cardiobacterium	0.65625	-2.85375425701871	-0.886706182050947	Higher in non-PMA	TRUE
323620|Shinella	-0.818955347322313	0.9515578056096	0.376051327438641	0.217202236309433	-2.17777544597536	4.38097609756643	0.0470160708162631	0.000627380209488589	0.268480064017102	0.00226822075738182	FALSE	TRUE	TRUE	FALSE	FALSE	FALSE	323620	Shinella	0.25	0.525841422443112	1.37727418877609	Higher in PMA	TRUE
1501226|Romboutsia	-1.1727796165176	1.65461054029417	0.419392959518779	0.390537631086318	-2.79637411620661	4.23675059351313	0.00935089847771794	0.000751244138929907	0.0732487047421239	0.00267488443406861	FALSE	TRUE	TRUE	TRUE	FALSE	TRUE	1501226	Romboutsia	0.625	0.889156783364986	2.42006429722335	Higher in PMA	TRUE
836|Porphyromonas	0.408966254812865	-1.60023353688354	0.293866300658849	0.41623149379956	1.39167456049217	-3.844575820719	0.170981993603993	0.000769614467751329	0.510998651234454	0.00269939402868004	FALSE	TRUE	FALSE	TRUE	FALSE	TRUE	836	Porphyromonas	0.734375	-2.41604726473068	-0.784419809036401	Higher in non-PMA	TRUE
53335|Pantoea	0.199180339799348	-1.71465604468942	0.349976451505294	0.405347946413195	0.569124976673853	-4.23008444932781	0.572956949912897	0.000805137496492539	0.75805372373665	0.00276004305562901	FALSE	TRUE	FALSE	TRUE	FALSE	TRUE	53335	Pantoea	0.71875	-2.50913801965928	-0.920174069719557	Higher in non-PMA	TRUE
2767353|Lancefieldella	0.148330388782411	-1.73947151228826	0.28953445930038	0.407906134379586	0.512306511428141	-4.26439164719586	0.611668014970663	0.000810395620588942	0.78547531977107	0.00276004305562901	FALSE	TRUE	FALSE	TRUE	FALSE	TRUE	2767353	Lancefieldella	0.625	-2.53896753567225	-0.939975488904271	Higher in non-PMA	TRUE
122277|Pectobacterium	-0.0336643261391296	-2.91245823593793	0.646783043677381	0.423167173549582	-0.0520488693515001	-6.88252401883598	0.959121303948348	0.000899714041013543	0.975729465055679	0.00298825404821865	FALSE	TRUE	TRUE	FALSE	FALSE	FALSE	122277	Pectobacterium	0.359375	-3.74186589609511	-2.08305057578075	Higher in non-PMA	TRUE
2974251|Segatella	0.435511916130892	-1.32086663014178	0.279544717749417	0.35070277680625	1.55793291190458	-3.76634209221421	0.125823455163924	0.000902834201802229	0.476911483282616	0.00298825404821865	FALSE	TRUE	TRUE	FALSE	FALSE	FALSE	2974251	Segatella	0.828125	-2.00824407268203	-0.633489187601534	Higher in non-PMA	TRUE
1582879|Ezakiella	0.266332978145635	-1.51967050194169	0.335214635072292	0.382542246431614	0.794514768390699	-3.97255601470767	0.432291441568517	0.001079594280777	0.69226590942188	0.00352367577753604	FALSE	TRUE	FALSE	TRUE	FALSE	TRUE	1582879	Ezakiella	0.71875	-2.26945330494766	-0.76988769893573	Higher in non-PMA	TRUE
1905344|Ruthenibacterium	-0.382571422873788	-2.87170682599634	0.449862807737079	0.355376169790511	-0.850417985870442	-8.08075236921252	0.405138041852026	0.00128536803540704	0.69226590942188	0.00413782860713225	FALSE	TRUE	TRUE	FALSE	FALSE	FALSE	1905344	Ruthenibacterium	0.40625	-3.56824411878574	-2.17516953320694	Higher in non-PMA	TRUE
239934|Akkermansia	-0.267761653150902	-1.75316221684777	0.416960337504705	0.379535252392657	-0.64217535594229	-4.6192341970753	0.526753002781663	0.00132173758359009	0.740198448914998	0.0041974098938334	FALSE	TRUE	TRUE	FALSE	FALSE	FALSE	239934	Akkermansia	0.546875	-2.49705131153738	-1.00927312215816	Higher in non-PMA	TRUE
32257|Kingella	0.35431809575529	-1.78766052226025	0.32604496427805	0.499064362819786	1.08671543674917	-3.58202399417925	0.283447316834309	0.00138040652971141	0.629700095566613	0.00432527379309577	FALSE	TRUE	FALSE	TRUE	FALSE	TRUE	32257	Kingella	0.6875	-2.76582667338703	-0.80949437113347	Higher in non-PMA	TRUE
2974257|Hoylesella	0.409259031373153	-1.37226150647818	0.288184476511512	0.384218070409808	1.42012864928484	-3.57156940852502	0.162233352404812	0.00141565741568371	0.50430401321041	0.0043773617458641	FALSE	TRUE	FALSE	FALSE	FALSE	FALSE	2974257	Hoylesella	0.78125	-2.12532892448141	-0.619194088474959	Higher in non-PMA	TRUE
2316020|Mediterraneibacter	-0.102439729311122	-1.85933859752923	0.397393363881956	0.440455786108694	-0.257779164479333	-4.2213966899061	0.79833377405451	0.00154905773935168	0.89029082515986	0.00472764374996943	FALSE	TRUE	FALSE	TRUE	FALSE	TRUE	2316020	Mediterraneibacter	0.65625	-2.72263193830227	-0.996045256756189	Higher in non-PMA	TRUE
946234|Flavonifractor	-0.165168501496678	-2.30232422850015	0.407374099048281	0.457788257213205	-0.405446742644044	-5.02923391376527	0.688976034754079	0.00164920629683621	0.819930201225142	0.00496876256098088	FALSE	TRUE	TRUE	FALSE	FALSE	FALSE	946234	Flavonifractor	0.484375	-3.19958921263803	-1.40505924436227	Higher in non-PMA	TRUE
227979|Jeotgalicoccus	0.253279386676687	-1.94585500447052	0.411629280047685	0.49865538976942	0.615309451862478	-3.90220389550044	0.543233022217661	0.00241627034477294	0.740198448914998	0.00718763963318534	FALSE	TRUE	TRUE	FALSE	FALSE	FALSE	227979	Jeotgalicoccus	0.546875	-2.92321956841859	-0.96849044052246	Higher in non-PMA	TRUE
507|Alcaligenes	-1.06211495434845	2.02483408310044	0.34947670193423	0.58197968032118	-3.0391581140317	3.47921783451784	0.00674953615376893	0.00251098409516808	0.0587459628198407	0.00737601577955624	FALSE	TRUE	TRUE	FALSE	FALSE	FALSE	507	Alcaligenes	0.328125	0.884153909670927	3.16551425652995	Higher in PMA	TRUE
2782229|Epilithonimonas	-0.691974370313377	1.3290075093928	0.280851268837201	0.379875075510142	-2.46384633823566	3.49853832238941	0.0185722649316872	0.00256505750581735	0.124699493112757	0.00744183350453181	FALSE	TRUE	TRUE	FALSE	FALSE	FALSE	2782229	Epilithonimonas	0.609375	0.584452361392925	2.07356265739268	Higher in PMA	TRUE
1253|Pediococcus	-0.296048826983878	-2.0886151611381	0.462626078825563	0.436130601563655	-0.639931124798318	-4.78896723515801	0.527932406308784	0.0026607586911895	0.740198448914998	0.00762534502962846	FALSE	TRUE	TRUE	TRUE	FALSE	TRUE	1253	Pediococcus	0.515625	-2.94343114020286	-1.23379918207333	Higher in non-PMA	TRUE
338|Xanthomonas	0.448175799768125	-1.26898098111512	0.306297851871726	0.382546353797015	1.46320255603952	-3.31719533729621	0.150220439069846	0.00279845442001735	0.490302821964082	0.00792333480366359	FALSE	TRUE	FALSE	FALSE	FALSE	FALSE	338	Xanthomonas	0.828125	-2.01877183455727	-0.519190127672973	Higher in non-PMA	TRUE
1678|Bifidobacterium	0.188099356554336	-1.61680645556998	0.329493670642937	0.460940736854241	0.570873959998383	-3.50762327192887	0.571347511273174	0.00291397311940865	0.75805372373665	0.00815218670310754	FALSE	TRUE	FALSE	TRUE	FALSE	TRUE	1678	Bifidobacterium	0.71875	-2.52025029980429	-0.713362611335666	Higher in non-PMA	TRUE
2282523|Methylorubrum	-0.395679233924171	1.00562296355853	0.363887707796991	0.311085902213372	-1.08736630956745	3.23262146051471	0.284081167979943	0.00315779452035199	0.629700095566613	0.00873037308567902	FALSE	TRUE	TRUE	TRUE	FALSE	TRUE	2282523	Methylorubrum	0.921875	0.395894595220316	1.61535133189673	Higher in PMA	TRUE
286|Pseudomonas	0.557427608201089	-0.987699360907861	0.369594796358762	0.309584037704934	1.50821281493368	-3.19040790419964	0.139860322951435	0.00329971416520463	0.479227616521226	0.00891468724138747	FALSE	TRUE	TRUE	FALSE	FALSE	FALSE	286	Pseudomonas	0.984375	-1.59448407480953	-0.380914647006191	Higher in non-PMA	TRUE
841|Roseburia	-0.201354773856419	-1.63528246894596	0.4158219704812	0.440005586363534	-0.484233128959988	-3.71650388000956	0.631911885931373	0.00330033102127962	0.78692858708657	0.00891468724138747	FALSE	TRUE	TRUE	FALSE	FALSE	FALSE	841	Roseburia	0.625	-2.49769341821848	-0.772871519673428	Higher in non-PMA	TRUE
375288|Parabacteroides	-0.328983664323917	-1.61354040385084	0.367920772274502	0.404662735668536	-0.894169856977972	-3.98737086869423	0.379552120556499	0.00504978568627244	0.69226590942188	0.0134852231394775	FALSE	TRUE	TRUE	FALSE	FALSE	FALSE	375288	Parabacteroides	0.53125	-2.40667936576117	-0.820401441940505	Higher in non-PMA	TRUE
2591381|Dysosmobacter	-0.250392281073062	-2.08057024208447	0.395973919349979	0.385308697532195	-0.632345386494392	-5.39974896858025	0.536095466846335	0.00640258331841372	0.740198448914998	0.0169056975261486	FALSE	TRUE	TRUE	FALSE	FALSE	FALSE	2591381	Dysosmobacter	0.34375	-2.83577528924757	-1.32536519492137	Higher in non-PMA	TRUE
2944193|Simiaoa	-0.209154640951345	-1.57970471115085	0.432014041783017	0.475420587778929	-0.484138524961174	-3.32275200476891	0.632338844010293	0.00721156111580681	0.78692858708657	0.01883018735794	FALSE	TRUE	TRUE	FALSE	FALSE	FALSE	2944193	Simiaoa	0.5625	-2.51152906319755	-0.647880359104148	Higher in non-PMA	TRUE
57493|Kocuria	0.659053737332023	-1.21268737192631	0.359307411150927	0.422747806341844	1.83423363080921	-2.86858347632845	0.0723071838588576	0.00756400013404606	0.346779351159827	0.0194391198258534	FALSE	TRUE	TRUE	FALSE	FALSE	FALSE	57493	Kocuria	0.953125	-2.04127307235633	-0.384101671496298	Higher in non-PMA	TRUE
212742|Morococcus	0.119869289429908	-1.65277350535572	0.333638779972386	0.567666450753502	0.359278646924165	-2.91152225600418	0.721400589756434	0.00761020861267451	0.82295698346001	0.0194391198258534	FALSE	TRUE	FALSE	TRUE	FALSE	TRUE	212742	Morococcus	0.625	-2.76539974883258	-0.540147261878857	Higher in non-PMA	TRUE
5506|Fusarium	-0.225399316778523	-1.3299465233102	0.519143539468265	0.425000896115668	-0.434175328483119	-3.12927933909166	0.667434136925483	0.00815567111608303	0.808489805038601	0.02060841626107	FALSE	TRUE	TRUE	FALSE	FALSE	FALSE	5506	Fusarium	0.640625	-2.16294827969691	-0.496944766923491	Higher in non-PMA	TRUE
28050|Lachnospira	-0.140539914622341	-1.58294974363903	0.385795229767473	0.501332201635907	-0.364286294330407	-3.15748666946523	0.718117438035962	0.00916487582680318	0.82295698346001	0.022912189567008	FALSE	TRUE	TRUE	FALSE	FALSE	FALSE	28050	Lachnospira	0.625	-2.56556085884541	-0.600338628432651	Higher in non-PMA	TRUE
1649459|Hungatella	-0.192267346835023	-2.19344666248719	0.384950369229853	0.579438620660588	-0.499460092010511	-3.78546852811875	0.625700178798977	0.00967692586665009	0.78692858708657	0.023937658722766	FALSE	TRUE	TRUE	FALSE	FALSE	FALSE	1649459	Hungatella	0.25	-3.32914635898195	-1.05774696599244	Higher in non-PMA	TRUE
2759736|Lacticaseibacillus	0.26064770165618	-1.76367634463469	0.370133232490127	0.605797173696596	0.704199674000178	-2.91133141786164	0.486287051838586	0.00982433506441631	0.718726145799168	0.0240491535431024	FALSE	TRUE	TRUE	FALSE	FALSE	FALSE	2759736	Lacticaseibacillus	0.546875	-2.95103880508002	-0.576313884189358	Higher in non-PMA	TRUE
59734|Empedobacter	-1.25679628315457	1.75393794911468	0.335609161128345	0.349391474375014	-3.74482114531414	5.01997924320305	0.00161493796053185	0.0103802160491929	0.0189755210362492	0.0246399067834377	TRUE	TRUE	FALSE	TRUE	FALSE	TRUE	59734	Empedobacter	0.296875	1.06913065933965	2.43874523888971	Higher in PMA	TRUE
670516|Mycobacteroides	0.641672730597923	-1.78490330151772	0.516469507729395	0.617080874756696	1.24242132593456	-2.89249492981204	0.223270043266152	0.0103098537724673	0.5711508252467	0.0246399067834377	FALSE	TRUE	TRUE	FALSE	FALSE	FALSE	670516	Mycobacteroides	0.578125	-2.99438181604085	-0.575424786994598	Higher in non-PMA	TRUE
1849822|Paraclostridium	-1.17507660895533	1.26210811383514	0.343006645091784	0.376584353871547	-3.42581295659999	3.35146189919948	0.00309475368274258	0.0102255110378391	0.0303027964768545	0.0246399067834377	TRUE	TRUE	FALSE	TRUE	FALSE	TRUE	1849822	Paraclostridium	0.3125	0.524002780246911	2.00021344742337	Higher in PMA	TRUE
36739|Dermabacter	0.0267350444114301	-1.17158952554391	0.341995845759389	0.403479659694946	0.0781735940448807	-2.90371397266891	0.938148829010566	0.0114269474921475	0.971211342808295	0.0268533266065467	FALSE	TRUE	FALSE	TRUE	FALSE	TRUE	36739	Dermabacter	0.6875	-1.96240965854601	-0.38076939254182	Higher in non-PMA	TRUE
489909|Nosocomiicoccus	-0.783048972596538	1.44163726664752	0.342536462263178	0.505638975795116	-2.2860310035984	2.85111974285714	0.030713171812673	0.0122150713234755	0.196139545428261	0.0284212055546212	FALSE	TRUE	TRUE	FALSE	FALSE	FALSE	489909	Nosocomiicoccus	0.4375	0.450584874089089	2.43268965920594	Higher in PMA	TRUE
28453|Sphingobacterium	-0.474602837473156	1.16629846403314	0.312738360094821	0.431124723567815	-1.5175715487197	2.70524606981786	0.142748651729727	0.0126276843207262	0.479227616521226	0.0289275467506366	FALSE	TRUE	TRUE	TRUE	FALSE	TRUE	28453	Sphingobacterium	0.390625	0.321294005840224	2.01130292222606	Higher in PMA	TRUE
283168|Odoribacter	-0.41999942896844	-1.88826574966346	0.36182791169281	0.466897560287089	-1.16077122686162	-4.04428275123646	0.258382132580984	0.0126788821928322	0.595292168201288	0.0289275467506366	FALSE	TRUE	TRUE	FALSE	FALSE	FALSE	283168	Odoribacter	0.421875	-2.80338496782616	-0.973146531500767	Higher in non-PMA	TRUE
3079925|Amygdalobacter	-0.875498347832176	1.3451061166181	0.328355339437813	0.489451346938114	-2.66631372381867	2.74819167427519	0.0148299542247618	0.014008273726534	0.10250115420056	0.0316533108243798	FALSE	TRUE	TRUE	TRUE	FALSE	TRUE	3079925	Amygdalobacter	0.34375	0.385781476619399	2.30443075661681	Higher in PMA	TRUE
80865|Delftia	-0.702868232807288	1.12810414407878	0.35587237842811	0.371408570733339	-1.97505700192822	3.03736702104466	0.0591396980964369	0.0150106122889063	0.323205326806109	0.033595179884695	FALSE	TRUE	TRUE	TRUE	FALSE	TRUE	80865	Delftia	0.453125	0.400143345441432	1.85606494271612	Higher in PMA	TRUE
1730|Eubacterium	-0.170738750697592	-1.71186925613569	0.443582813213524	0.531322387830949	-0.38490839954028	-3.22190311446157	0.70461627471166	0.0155266033325879	0.82295698346001	0.0344221866335675	FALSE	TRUE	TRUE	FALSE	FALSE	FALSE	1730	Eubacterium	0.4375	-2.75326113628435	-0.670477375987033	Higher in non-PMA	TRUE
1827|Rhodococcus	-0.729696013343483	1.31784307062445	0.381928094526138	0.50875860742017	-1.91055862033094	2.59031110511724	0.0638801993566457	0.0158904769951815	0.333596596640261	0.0345765008691449	FALSE	TRUE	TRUE	FALSE	FALSE	FALSE	1827	Rhodococcus	0.609375	0.320676200080915	2.31500994116798	Higher in PMA	TRUE
13687|Sphingomonas	0.537681854008621	-1.02299608094405	0.342646699465103	0.3972782561304	1.56920190636006	-2.57501150681719	0.122971404607826	0.0157579684403711	0.473742296439986	0.0345765008691449	FALSE	TRUE	TRUE	FALSE	FALSE	FALSE	13687	Sphingomonas	0.9375	-1.80166146295963	-0.244330698928462	Higher in non-PMA	TRUE
391952|Aquincola	-0.514191015081784	1.12755998935014	0.329954703137182	0.423828504142997	-1.55836849783591	2.66041565946614	0.133423111899399	0.0163252578280936	0.479227616521226	0.0351966567853394	FALSE	TRUE	TRUE	TRUE	FALSE	TRUE	391952	Aquincola	0.375	0.296856121229866	1.95826385747042	Higher in PMA	TRUE
1686313|Fenollaria	0.111980128088333	-1.22786394221875	0.309776671722757	0.465087205845926	0.361486639602585	-2.64007249992062	0.719893511751873	0.0183798589297447	0.82295698346001	0.039266062259	FALSE	TRUE	FALSE	TRUE	FALSE	TRUE	1686313	Fenollaria	0.609375	-2.13943486567676	-0.316293018760735	Higher in non-PMA	TRUE
85413|Bosea	-0.631777212059345	0.5758240358763	0.452221125083466	0.21711611469041	-1.39705373547673	2.65214784585372	0.184148582592996	0.0189494834123864	0.522146190224416	0.0401182756928901	FALSE	TRUE	TRUE	FALSE	FALSE	FALSE	85413	Bosea	0.25	0.150276451083096	1.0013716206695	Higher in PMA	TRUE
67575|Rheinheimera	-0.907035788214606	1.65642746090149	0.459518211670344	0.597030552657551	-1.97388431008543	2.77444337400869	0.065971942333297	0.0195975187536145	0.337030574963582	0.0407559018327382	FALSE	TRUE	FALSE	TRUE	FALSE	TRUE	67575	Rheinheimera	0.28125	0.486247577692688	2.82660734411029	Higher in PMA	TRUE
238749|Diaphorobacter	-0.542595964351057	1.04953930527407	0.31881903757371	0.414003186249845	-1.70189323849775	2.53509958409036	0.101181391008541	0.0194963706798945	0.420889593091402	0.0407559018327382	FALSE	TRUE	TRUE	TRUE	FALSE	TRUE	238749	Diaphorobacter	0.421875	0.238093060224371	1.86098555032376	Higher in PMA	TRUE
158846|Megamonas	-0.429471687216357	-2.08069963749174	0.797590526257479	0.568071115048301	-0.538461369684969	-3.66274500211972	0.601858027175256	0.0219198712550593	0.785085460081153	0.0451856995170083	FALSE	TRUE	TRUE	FALSE	FALSE	FALSE	158846	Megamonas	0.25	-3.19411902298641	-0.967280251997074	Higher in non-PMA	TRUE
191303|Turicibacter	-1.09162784175324	1.6303046885517	0.518173338170881	0.603639146729451	-2.10668469668203	2.700793507818	0.0479836710158225	0.0229110303382008	0.268480064017102	0.0468181924302363	FALSE	TRUE	TRUE	TRUE	FALSE	TRUE	191303	Turicibacter	0.359375	0.447171960961972	2.81343741614142	Higher in PMA	TRUE
2767327|Fannyhessea	-0.813090406432868	1.22046359103955	0.35024898020856	0.507052431959506	-2.32146402238974	2.40697709766041	0.0309375184205019	0.0258659527659566	0.196139545428261	0.0524008525862052	FALSE	FALSE	TRUE	FALSE	FALSE	FALSE	2767327	Fannyhessea	0.34375	0.226640824398913	2.21428635768018	Higher in PMA	FALSE
2701|Gardnerella	-0.428997406488	0.946596782918771	0.324849423952141	0.414899673117695	-1.32060387015248	2.28150766137203	0.192682588859168	0.0307240642175623	0.539052480736957	0.061710727274591	FALSE	FALSE	TRUE	FALSE	FALSE	FALSE	2701	Gardnerella	0.84375	0.13339342360809	1.75980014222945	Higher in PMA	FALSE
379|Rhizobium	-0.589244906087827	0.965483675373932	0.349401860325782	0.410369342079157	-1.68643894894668	2.35271882271288	0.102088114068978	0.0320005285546177	0.420889593091402	0.063729866189281	FALSE	FALSE	TRUE	FALSE	FALSE	FALSE	379	Rhizobium	0.5	0.161159764898784	1.76980758584908	Higher in PMA	FALSE
3025755|Thomasclavelia	-0.251130295023076	-1.90668385144584	0.439578614251438	0.71072425117042	-0.571297799486283	-2.68273363165238	0.573897844973482	0.0323520717313553	0.75805372373665	0.0638885450157017	FALSE	FALSE	TRUE	TRUE	FALSE	FALSE	3025755	Thomasclavelia	0.390625	-3.29970338373986	-0.513664319151815	Higher in non-PMA	FALSE
2740557|Pauljensenia	0.0375595777305056	-1.24051543684363	0.316101067359774	0.560532208320407	0.118821420136987	-2.21310286622198	0.906042764045569	0.032970186903955	0.954798428478515	0.0645666160202452	FALSE	FALSE	FALSE	FALSE	FALSE	FALSE	2740557	Pauljensenia	0.625	-2.33915856515162	-0.141872308535628	Higher in non-PMA	FALSE
830|Butyrivibrio	-0.306008921370113	-1.58885380526645	0.345596811536492	0.591865753843512	-0.885450649876153	-2.68448342373014	0.38652875237584	0.0369718044596001	0.69226590942188	0.0718047441983968	FALSE	FALSE	TRUE	TRUE	FALSE	FALSE	830	Butyrivibrio	0.359375	-2.74891068279974	-0.428796927733169	Higher in non-PMA	FALSE
2803850|Mammaliicoccus	-0.0366599518782114	-0.95117171944154	0.276229308439365	0.428146704409117	-0.132715648767801	-2.2216023378114	0.895218909116107	0.0389292794349798	0.947641638028311	0.0749867267804939	FALSE	FALSE	FALSE	FALSE	FALSE	FALSE	2803850	Mammaliicoccus	0.5625	-1.79033926008341	-0.112004178799671	Higher in non-PMA	FALSE
34072|Variovorax	-0.812492839072113	1.42212251354522	0.358055709105247	0.492970326027652	-2.26917995834354	2.88480348301015	0.0368980642245573	0.042282792960735	0.217342512651432	0.0807841979331116	FALSE	FALSE	TRUE	TRUE	FALSE	FALSE	34072	Variovorax	0.296875	0.455900674531023	2.38834435255942	Higher in PMA	FALSE
2053|Gordonia	-0.319025685127702	0.748556801716717	0.338302058512823	0.353333795187171	-0.943020230294015	2.11855421675752	0.351837651937605	0.0452386810497646	0.69226590942188	0.0857345971507636	FALSE	FALSE	TRUE	FALSE	FALSE	FALSE	2053	Gordonia	0.75	0.0560225631498625	1.44109104028357	Higher in PMA	FALSE
4951|Yarrowia	-0.487551693884506	1.04113928928982	0.495745710889596	0.46306004457264	-0.9834713305126	2.24838938598274	0.33985997495083	0.0472723174790188	0.69226590942188	0.0888719568605553	FALSE	FALSE	TRUE	FALSE	FALSE	FALSE	4951	Yarrowia	0.40625	0.133541601927442	1.94873697665219	Higher in PMA	FALSE
2172|Methanobrevibacter	-0.507207521151429	-1.35157918901255	0.463447933796298	0.522755255519058	-1.09442179835969	-2.58549134560211	0.286714511598415	0.04773730449065	0.629700095566613	0.0890338615500217	FALSE	FALSE	TRUE	TRUE	FALSE	FALSE	2172	Methanobrevibacter	0.390625	-2.3761794898299	-0.326978888195192	Higher in non-PMA	FALSE
133925|Olsenella	-0.124447751060717	-1.35157306865576	0.310847005528496	0.66674604322865	-0.400350490264924	-2.02711824446818	0.691402904345248	0.0505486980593441	0.819930201225142	0.0935349924720146	FALSE	FALSE	FALSE	FALSE	FALSE	FALSE	133925	Olsenella	0.5625	-2.65839531338392	-0.0447508239276107	Higher in non-PMA	FALSE
2767887|Ligilactobacillus	-0.135120350851165	-1.55410809430379	0.367358793863461	0.753438854787952	-0.367815751543941	-2.06268642030836	0.715881795659109	0.0515661986246155	0.82295698346001	0.09467231778738	FALSE	FALSE	TRUE	FALSE	FALSE	FALSE	2767887	Ligilactobacillus	0.453125	-3.03084824968818	-0.0773679389194075	Higher in non-PMA	FALSE
1763|Mycobacterium	-0.396980283440646	0.700237738368305	0.339645067227769	0.326536557183704	-1.16880921216037	2.14443903129157	0.251863719999121	0.0525522507448491	0.595292168201288	0.0957347203491438	FALSE	FALSE	FALSE	FALSE	FALSE	FALSE	1763	Mycobacterium	0.515625	0.0602260862882458	1.34024939044836	Higher in PMA	FALSE
165697|Sphingopyxis	-0.631361884682989	1.08346054406563	0.337571901318053	0.535367481515262	-1.87030342933707	2.02376980573995	0.0787613269269619	0.0590045366827243	0.357072458461691	0.106208063331003	FALSE	FALSE	TRUE	FALSE	FALSE	FALSE	165697	Sphingopyxis	0.296875	0.0341402802957156	2.13278080783554	Higher in PMA	FALSE
2901164|Stutzerimonas	-0.460268098051304	0.706787407420997	0.295902734885126	0.354780849795277	-1.55547091590751	1.99218026516606	0.128367235320441	0.0592053459419636	0.478830163496884	0.106208063331003	FALSE	FALSE	TRUE	TRUE	FALSE	FALSE	2901164	Stutzerimonas	0.65625	0.0114169418222537	1.40215787301974	Higher in PMA	FALSE
66831|Facklamia	0.0897352495898651	-0.979162262781219	0.350456144232991	0.490452655974601	0.256052721764259	-1.99644603990467	0.799367506845662	0.0612173376336809	0.89029082515986	0.108985411696326	FALSE	FALSE	TRUE	FALSE	FALSE	FALSE	66831	Facklamia	0.640625	-1.94044946849144	-0.0178750570710006	Higher in non-PMA	FALSE
1743|Propionibacterium	0.0159248078371866	-0.754536346940921	0.300769645367435	0.375793830251473	0.0529468584428859	-2.00784655361692	0.958071341180748	0.0625816477954984	0.975729465055679	0.109751397253299	FALSE	FALSE	TRUE	FALSE	FALSE	FALSE	1743	Propionibacterium	0.6875	-1.49109225423381	-0.0179804396480334	Higher in non-PMA	FALSE
63265|Sporisorium	-0.920308226926215	1.38571489224513	0.502836739868756	0.623145869796737	-1.83023266590747	2.22374079554943	0.0835102838827912	0.0621306816509753	0.370281447404829	0.109751397253299	FALSE	FALSE	TRUE	FALSE	FALSE	FALSE	63265	Sporisorium	0.34375	0.16434898744353	2.60708079704674	Higher in PMA	FALSE
2039302|Monoglobus	-0.221740048601137	-1.5019378771358	0.473442732257359	0.67149276309028	-0.468356642721893	-2.23671491294072	0.645627718646208	0.0642383598711916	0.794358711423345	0.111822330146148	FALSE	FALSE	TRUE	TRUE	FALSE	FALSE	2039302	Monoglobus	0.328125	-2.81806369279274	-0.185812061478849	Higher in non-PMA	FALSE
1433995|Cruoricaptor	-0.300463234470058	-1.03268282870273	0.390547964351959	0.485365006310214	-0.769337602280479	-2.12764170320657	0.448554531061756	0.0650780861144895	0.699841131360644	0.112451104683125	FALSE	FALSE	TRUE	TRUE	FALSE	FALSE	1433995	Cruoricaptor	0.515625	-1.98399824107075	-0.0813674163347136	Higher in non-PMA	FALSE
83618|Pseudoxanthomonas	-0.483756843985611	1.0195342825545	0.370930289447002	0.534608290351883	-1.30417185586762	1.90706784940323	0.201775844668252	0.0658156803312373	0.553512369911426	0.112895510057232	FALSE	FALSE	TRUE	FALSE	FALSE	FALSE	83618	Pseudoxanthomonas	0.515625	-0.0282979665351879	2.06736653164419	Higher in PMA	FALSE
1506553|Lachnoclostridium	-0.333333839234767	-1.74072381672496	0.426485906109638	0.663383241931491	-0.781582308956947	-2.62400933080056	0.443807803920395	0.0678714439828911	0.699841131360644	0.115578183594054	FALSE	FALSE	TRUE	TRUE	FALSE	FALSE	1506553	Lachnoclostridium	0.421875	-3.04095497091068	-0.440492662539238	Higher in non-PMA	FALSE
2719313|Enterocloster	-0.376265113205806	-1.54778734352554	0.449572940720223	0.678136821676342	-0.836938968352997	-2.28241159313461	0.41170495376366	0.0705343505918114	0.69226590942188	0.119248722223566	FALSE	FALSE	TRUE	TRUE	FALSE	FALSE	2719313	Enterocloster	0.453125	-2.87693551401117	-0.218639173039913	Higher in non-PMA	FALSE
1870884|Clostridioides	-0.205511792135257	-0.91780433507585	0.324146258059642	0.471797265649049	-0.634009454144133	-1.94533627449755	0.530566525255898	0.0746634459840003	0.740198448914998	0.125327927187429	FALSE	FALSE	TRUE	TRUE	FALSE	FALSE	1870884	Clostridioides	0.578125	-1.84252697574799	0.00691830559628492	Higher in non-PMA	FALSE
5052|Aspergillus	0.122303313534342	-0.876462089604795	0.560356569103184	0.476999844277653	0.218259801486902	-1.83744732858785	0.82848308186153	0.0792839757148275	0.905551275523068	0.132139959524713	FALSE	FALSE	TRUE	TRUE	FALSE	FALSE	5052	Aspergillus	0.828125	-1.811381784389	0.0584576051794051	Higher in non-PMA	FALSE
2892396|Vescimonas	-0.251471170959413	-1.45279967330147	0.390754721194344	0.631038716709589	-0.643552482720592	-2.30223540146121	0.525900035811601	0.0818598888371286	0.740198448914998	0.135472351244544	FALSE	FALSE	TRUE	FALSE	FALSE	FALSE	2892396	Vescimonas	0.515625	-2.68963555805226	-0.215963788550673	Higher in non-PMA	FALSE
75|Caulobacter	-0.371359746974406	0.868440697393603	0.386469840634598	0.472595461336982	-0.960902269539634	1.83759847150619	0.34344467440124	0.0825685492316292	0.69226590942188	0.135689573912118	FALSE	FALSE	TRUE	FALSE	FALSE	FALSE	75	Caulobacter	0.578125	-0.057846406826882	1.79472780161409	Higher in PMA	FALSE
114248|Tepidimonas	-0.591048143620702	1.38354330945837	0.355706644919396	0.773739751003452	-1.66161681841686	1.78812489298123	0.109598387672988	0.0863896126062531	0.436535950900883	0.140983048350483	FALSE	FALSE	TRUE	TRUE	FALSE	FALSE	114248	Tepidimonas	0.40625	-0.132986602508397	2.90007322142513	Higher in PMA	FALSE
244127|Anaerotruncus	-0.310429032705789	-1.43925699824501	0.386569491342537	0.568872370584636	-0.803035520541686	-2.53001740401958	0.435235943361435	0.0874673180705228	0.69226590942188	0.141757377562571	FALSE	FALSE	TRUE	TRUE	FALSE	FALSE	244127	Anaerotruncus	0.3125	-2.55424684459089	-0.324267151899121	Higher in non-PMA	FALSE
234|Brucella	-0.5400166587583	1.35777016597127	0.366937741462527	0.442386842850139	-1.471684696717	3.06919201580147	0.168411965410326	0.0890022707855262	0.510998651234454	0.142282541731964	FALSE	FALSE	TRUE	FALSE	FALSE	FALSE	234	Brucella	0.25	0.490691953984996	2.22484837795754	Higher in PMA	FALSE
1298|Deinococcus	-0.535072735798736	0.80615967530155	0.307120564265637	0.415176168663024	-1.74222373248812	1.94172916498939	0.0940078561440245	0.0886552430797072	0.401669930797196	0.142282541731964	FALSE	FALSE	TRUE	TRUE	FALSE	FALSE	1298	Deinococcus	0.4375	-0.00758561527797807	1.61990496588108	Higher in PMA	FALSE
1269|Micrococcus	0.418831141479875	-0.636344799578153	0.306226624954969	0.368666739014437	1.36771628378644	-1.72607054620469	0.176898888770717	0.0946579695679317	0.519640485763982	0.149457598978796	FALSE	FALSE	TRUE	TRUE	FALSE	FALSE	1269	Micrococcus	0.96875	-1.35893160804645	0.0862420088901437	Higher in non-PMA	FALSE
43668|Brachybacterium	-0.47052307050602	1.12660773467185	0.401686510633308	0.643319276486155	-1.17136886116535	1.75124199732587	0.252494410087272	0.0947624776503854	0.595292168201288	0.149457598978796	FALSE	FALSE	TRUE	TRUE	FALSE	FALSE	43668	Brachybacterium	0.421875	-0.134298047241018	2.38751351658471	Higher in PMA	FALSE
1707|Cellulomonas	-0.554884230164544	1.54670464582963	0.543602011979274	0.890846295246353	-1.02075455560621	1.73621942874209	0.320246029569765	0.106184736864243	0.684161972262679	0.16635608775398	FALSE	FALSE	TRUE	TRUE	FALSE	FALSE	1707	Cellulomonas	0.328125	-0.199354092853225	3.29276338451248	Higher in PMA	FALSE
157|Treponema	-0.217025015769688	-0.853682133602937	0.27152560166824	0.51542473253978	-0.799280121050454	-1.65626924691094	0.430209926182784	0.107756553519815	0.69226590942188	0.16770059653746	FALSE	FALSE	FALSE	FALSE	FALSE	FALSE	157	Treponema	0.515625	-1.86391460938091	0.156550342175033	Higher in non-PMA	FALSE
1742991|Pseudoglutamicibacter	-0.64727305623938	0.971401530901193	0.345176865643129	0.58375319929841	-1.87519246121373	1.66406202495966	0.0754439470779601	0.111690511778673	0.354586551266412	0.172679409657816	FALSE	FALSE	TRUE	TRUE	FALSE	FALSE	1742991	Pseudoglutamicibacter	0.34375	-0.17275473972369	2.11555780152608	Higher in PMA	FALSE
1851468|Vanrija	-0.962073209410511	1.28717673649108	0.640322231214278	0.661403778370245	-1.50248291018427	1.94612849001679	0.163094063846771	0.112661855455979	0.50430401321041	0.173042719164413	FALSE	FALSE	TRUE	FALSE	FALSE	FALSE	1851468	Vanrija	0.234375	-0.00917466911459686	2.58352814209676	Higher in PMA	FALSE
561|Escherichia	-0.437065973416477	0.678193673133762	0.289205559587013	0.424891479409929	-1.51126407818926	1.59615738605916	0.13820930354956	0.117951624124716	0.479227616521226	0.179991114735768	FALSE	FALSE	TRUE	TRUE	FALSE	FALSE	561	Escherichia	0.6875	-0.154593626509699	1.51098097277722	Higher in PMA	FALSE
1505657|Intestinibacter	-0.600811145609837	0.828495832622921	0.44173204496096	0.506575753003618	-1.36012578771127	1.63548260592923	0.1844175905899	0.120432840050498	0.522146190224416	0.182591725237852	FALSE	FALSE	TRUE	FALSE	FALSE	FALSE	1505657	Intestinibacter	0.53125	-0.16439264326417	1.82138430851001	Higher in PMA	FALSE
1350|Enterococcus	0.175505593068871	-0.677778817442208	0.308477263160744	0.423673978257	0.568941747182894	-1.59976503685829	0.572029768586789	0.121436606773907	0.75805372373665	0.182933349947873	FALSE	FALSE	TRUE	TRUE	FALSE	FALSE	1350	Enterococcus	0.796875	-1.50817981482593	0.152622179941512	Higher in non-PMA	FALSE
12916|Acidovorax	-0.237386054391571	0.464068733677831	0.283574903532816	0.298359513730736	-0.83711940455302	1.5554011597453	0.407909951454024	0.137471893498291	0.69226590942188	0.204467689696826	FALSE	FALSE	TRUE	FALSE	FALSE	FALSE	12916	Acidovorax	0.71875	-0.120715913234411	1.04885338059007	Higher in PMA	FALSE
1330546|Pluralibacter	-0.659092002362383	0.854224439908216	0.421597056300649	0.532230118994962	-1.56332211649118	1.60499079142926	0.146270346446313	0.136798207867777	0.484134245280049	0.204467689696826	FALSE	FALSE	FALSE	FALSE	FALSE	FALSE	1330546	Pluralibacter	0.203125	-0.18894659332191	1.89739547313834	Higher in PMA	FALSE
44259|Filifactor	-0.516708292697814	0.787657051732913	0.272772543020866	0.524142926542535	-1.89428263921083	1.50275242084946	0.0698126341491457	0.14543066101725	0.346779351159827	0.214944687667004	FALSE	FALSE	TRUE	TRUE	FALSE	FALSE	44259	Filifactor	0.421875	-0.239663084290455	1.81497718775628	Higher in PMA	FALSE
497|Psychrobacter	-0.566223638614064	0.831448956401775	0.40143874378123	0.546830083781449	-1.41048577743317	1.52048868755011	0.171782525308604	0.152322856418339	0.510998651234454	0.221414598698714	FALSE	FALSE	TRUE	FALSE	FALSE	FALSE	497	Psychrobacter	0.390625	-0.240338007809865	1.90323592061341	Higher in PMA	FALSE
662|Vibrio	-0.0857411853750758	-0.819560614624911	0.374499062654662	0.526170674546534	-0.228948998609752	-1.55759462522541	0.820709266321049	0.151718092108855	0.905477359556087	0.221414598698714	FALSE	FALSE	TRUE	TRUE	FALSE	FALSE	662	Vibrio	0.5	-1.85085513673612	0.211733907486296	Higher in non-PMA	FALSE
72763|Tessaracoccus	-0.654856220189714	1.05638997159233	0.357571132830666	0.692196512429143	-1.83140125156533	1.52614171355056	0.079011778042587	0.152634744634858	0.357072458461691	0.221414598698714	FALSE	FALSE	TRUE	TRUE	FALSE	FALSE	72763	Tessaracoccus	0.421875	-0.300315192768787	2.41309513595345	Higher in PMA	FALSE
34037|Rahnella	-0.281717370933775	-1.41329587592126	0.539730565083254	0.882905187448965	-0.521959268492271	-1.60073346041242	0.607862631911411	0.153679888813505	0.785085460081153	0.221563029884501	FALSE	FALSE	TRUE	TRUE	FALSE	FALSE	34037	Rahnella	0.34375	-3.14379004332123	0.317198291478711	Higher in non-PMA	FALSE
1847|Pseudonocardia	-0.569685333581691	0.882798381964526	0.356795584527722	0.485839505843093	-1.59667147881262	1.81705763188726	0.134378349053328	0.161249476617652	0.479227616521226	0.229658345485747	FALSE	FALSE	TRUE	FALSE	FALSE	FALSE	1847	Pseudonocardia	0.234375	-0.069447049487936	1.83504381341699	Higher in PMA	FALSE
33882|Microbacterium	0.265204432347723	-0.593705177132607	0.406691437460051	0.412639378608251	0.652102326038703	-1.4387991256071	0.517683482003606	0.161236749215192	0.740198448914998	0.229658345485747	FALSE	FALSE	TRUE	TRUE	FALSE	FALSE	33882	Microbacterium	0.890625	-1.40247835920478	0.215068004939565	Higher in non-PMA	FALSE
41275|Brevundimonas	-0.291462225145291	0.535596891746661	0.319772910585366	0.379115424208495	-0.911466279653741	1.4127541575626	0.367091639893092	0.169587755104417	0.69226590942188	0.240079050900831	FALSE	FALSE	TRUE	FALSE	FALSE	FALSE	41275	Brevundimonas	0.71875	-0.20746933970199	1.27866312319531	Higher in PMA	FALSE
261933|Pleomorphomonas	-0.251127233886441	0.873989813054276	0.471967802022451	0.624089921551577	-0.532085521110391	1.40042289239572	0.601977753368878	0.18048057973619	0.785085460081153	0.253969678071884	FALSE	FALSE	TRUE	FALSE	FALSE	FALSE	261933	Pleomorphomonas	0.28125	-0.349226433186816	2.09720605929537	Higher in PMA	FALSE
590|Salmonella	-0.364431284668096	0.65004381862508	0.30476038862861	0.473554609226591	-1.19579610167843	1.37269030004107	0.240904464186712	0.18431974362748	0.591200305437641	0.257828212812249	FALSE	FALSE	TRUE	TRUE	FALSE	FALSE	590	Salmonella	0.515625	-0.278123215459038	1.5782108527092	Higher in PMA	FALSE
53457|Janibacter	-0.533542447293655	0.626355855840988	0.353265465708581	0.464683559780799	-1.5103158929602	1.34791912185672	0.141959771028886	0.19527964376859	0.479227616521226	0.269945389915405	FALSE	FALSE	TRUE	FALSE	FALSE	FALSE	53457	Janibacter	0.484375	-0.284423921329379	1.53713563301135	Higher in PMA	FALSE
125287|Ornithinimicrobium	-0.586761148183792	0.63776001077451	0.311976597145445	0.45639107234025	-1.88078578185863	1.39739808560288	0.0718977916661398	0.194348726205732	0.346779351159827	0.269945389915405	FALSE	FALSE	TRUE	TRUE	FALSE	FALSE	125287	Ornithinimicrobium	0.4375	-0.25676649101238	1.5322865125614	Higher in PMA	FALSE
1649486|Rhizorhabdus	-0.497832542960174	0.687461562585123	0.378492359736644	0.513398999613187	-1.31530407458308	1.33903954449284	0.20491734545657	0.197223537248208	0.553512369911426	0.271038194463912	FALSE	FALSE	TRUE	FALSE	FALSE	FALSE	1649486	Rhizorhabdus	0.3125	-0.318800476656724	1.69372360182697	Higher in PMA	FALSE
20|Phenylobacterium	-0.088179489561971	0.691483500886426	0.396110620018688	0.518246277376779	-0.22261329311951	1.33427586665268	0.826653396305119	0.20079376099156	0.905551275523068	0.274340312982655	FALSE	FALSE	TRUE	FALSE	FALSE	FALSE	20	Phenylobacterium	0.28125	-0.324279202772061	1.70724620454491	Higher in PMA	FALSE
414371|Aureimonas	-0.700055666762085	1.31229141258195	0.411665413934042	0.639371082618765	-1.70054525609054	2.0524722625975	0.113608655347323	0.205420709040095	0.44496723344368	0.27903969147065	FALSE	FALSE	TRUE	FALSE	FALSE	FALSE	414371	Aureimonas	0.25	0.0591240906491692	2.56545873451473	Higher in PMA	FALSE
1213720|Stomatobaculum	-0.196811189761978	-0.786915799451935	0.283734140300187	0.492084420960571	-0.693646487355219	-1.59914796309918	0.493602455373776	0.221257355956918	0.724978606330233	0.298824589941815	FALSE	FALSE	FALSE	FALSE	FALSE	FALSE	1213720	Stomatobaculum	0.546875	-1.75140126453465	0.177569665630784	Higher in non-PMA	FALSE
37914|Dietzia	-0.553967170823689	0.6232520943271	0.351797449869626	0.519648848731389	-1.57467648224564	1.19937164461855	0.134895075953113	0.247844145015899	0.479227616521226	0.332819280449921	FALSE	FALSE	TRUE	FALSE	FALSE	FALSE	37914	Dietzia	0.28125	-0.395259649186423	1.64176383784062	Higher in PMA	FALSE
44249|Paenibacillus	-0.262697222058488	0.661451406508386	0.328273637302769	0.565790076255738	-0.800238557737733	1.16907565944902	0.433482610978161	0.264967795773271	0.69226590942188	0.353792227310901	FALSE	FALSE	TRUE	TRUE	FALSE	FALSE	44249	Paenibacillus	0.328125	-0.44749714295286	1.77039995596963	Higher in PMA	FALSE
68287|Mesorhizobium	-0.288302383378454	-1.03885719209163	0.43746313026455	0.836683511961956	-0.65903241538117	-1.24163698368526	0.515556815400195	0.270343814220614	0.740198448914998	0.358931052778781	FALSE	FALSE	TRUE	FALSE	FALSE	FALSE	68287	Mesorhizobium	0.484375	-2.67875687553707	0.601042491353802	Higher in non-PMA	FALSE
1838142|Cutaneotrichosporon	-0.829114620411506	0.855318315763932	0.684719018461268	0.709906124269534	-1.21088300172344	1.20483298639524	0.250501385803469	0.279791749151341	0.595292168201288	0.369387983430141	FALSE	FALSE	TRUE	FALSE	FALSE	FALSE	1838142	Cutaneotrichosporon	0.21875	-0.536097687804355	2.24673431933222	Higher in PMA	FALSE
48736|Ralstonia	-0.501934018994538	0.636462712004401	0.441774536554913	0.579386469079432	-1.13617688993297	1.09851152205134	0.262939239982633	0.286149308504164	0.59990991646523	0.375670879879768	FALSE	FALSE	TRUE	FALSE	FALSE	FALSE	48736	Ralstonia	0.71875	-0.499134767391287	1.77206019140009	Higher in PMA	FALSE
227873|Pannonibacter	-0.542305890889285	0.807639785380608	0.422570333952933	0.732316316869578	-1.28335059826914	1.10285646622352	0.223599472011474	0.291716108372558	0.5711508252467	0.38085158593084	FALSE	FALSE	TRUE	FALSE	FALSE	FALSE	227873	Pannonibacter	0.21875	-0.627700195683765	2.24297976644498	Higher in PMA	FALSE
40323|Stenotrophomonas	0.292218384517349	-0.434472677968972	0.32969362366926	0.411140050758058	0.886333139431581	-1.05675104424367	0.379271177629699	0.299215534641412	0.69226590942188	0.38845933280875	FALSE	FALSE	TRUE	FALSE	FALSE	FALSE	40323	Stenotrophomonas	0.921875	-1.24030717745477	0.371361821516822	Higher in non-PMA	FALSE
2742598|Limosilactobacillus	-0.255888167794879	0.45947045810862	0.299694286546208	0.434230896350535	-0.853830651040539	1.05812474876894	0.39886312923587	0.300849355622096	0.69226590942188	0.38845933280875	FALSE	FALSE	TRUE	TRUE	FALSE	FALSE	2742598	Limosilactobacillus	0.59375	-0.391622098738429	1.31056301495567	Higher in PMA	FALSE
501783|Cloacibacterium	0.033055227414652	-0.361384247830086	0.296494052370633	0.349827992526576	0.111486983129534	-1.03303410690507	0.911828744732039	0.314590687461935	0.956606049160844	0.403982576795382	FALSE	FALSE	TRUE	TRUE	FALSE	FALSE	501783	Cloacibacterium	0.71875	-1.04704711318218	0.324278617522003	Higher in non-PMA	FALSE
407|Methylobacterium	-0.252975745024649	0.370953700175951	0.513083817345136	0.385326433169965	-0.493049549552408	0.962699851978038	0.624782941039823	0.345122196955164	0.78692858708657	0.439093252103525	FALSE	FALSE	TRUE	FALSE	FALSE	FALSE	407	Methylobacterium	0.859375	-0.384286108837181	1.12619350918908	Higher in PMA	FALSE
5094|Talaromyces	-0.892706790259211	0.711361519534224	0.638360290463293	0.663954869780734	-1.3984372204783	1.07140040974343	0.181467153975839	0.349406119758976	0.522146190224416	0.439093252103525	FALSE	FALSE	TRUE	TRUE	FALSE	FALSE	5094	Talaromyces	0.3125	-0.589990025236015	2.01271306430446	Higher in PMA	FALSE
70774|Hydrogenophilus	-0.378371545815493	0.457605144477238	0.325380902409078	0.479050054782681	-1.16285726363803	0.955234510274359	0.254054243835538	0.347093617702173	0.595292168201288	0.439093252103525	FALSE	FALSE	TRUE	FALSE	FALSE	FALSE	70774	Hydrogenophilus	0.5	-0.481332962896815	1.39654325185129	Higher in PMA	FALSE
1822464|Paraburkholderia	-0.229376899217829	-0.56044346779811	0.458183590858767	0.549203974644928	-0.500622247924487	-1.0204650615656	0.623776279247015	0.348553295440038	0.78692858708657	0.439093252103525	FALSE	FALSE	TRUE	FALSE	FALSE	FALSE	1822464	Paraburkholderia	0.28125	-1.63688325810217	0.515996322505949	Higher in non-PMA	FALSE
34448|Marasmius	-0.435363573028885	0.527118701262999	0.571573549490954	0.52031388923796	-0.761693002443205	1.01307828248638	0.466960118517621	0.358208953594794	0.699841131360644	0.447761191993492	FALSE	FALSE	TRUE	FALSE	FALSE	FALSE	34448	Marasmius	0.203125	-0.492696521643402	1.5469339241694	Higher in PMA	FALSE
42255|Rubrobacter	-0.242579711458784	-0.637030862817354	0.326419262171357	0.68641005453115	-0.743153788918986	-0.928061671900299	0.464601628106075	0.362615837292147	0.699841131360644	0.45087154372304	FALSE	FALSE	TRUE	TRUE	FALSE	FALSE	42255	Rubrobacter	0.40625	-1.98239456969841	0.708332844063699	Higher in non-PMA	FALSE
265|Paracoccus	-0.120912013808889	0.364104299574764	0.309811394306357	0.404067132157425	-0.390276200394764	0.901098531896696	0.697812937212887	0.371395076178023	0.819930201225142	0.459357067904397	FALSE	FALSE	FALSE	FALSE	FALSE	FALSE	265	Paracoccus	0.90625	-0.427867279453789	1.15607587860332	Higher in PMA	FALSE
469|Acinetobacter	0.250193479706305	-0.27908888151416	0.277520807000428	0.317745918446311	0.901530528144936	-0.878339784437915	0.371269408492765	0.386516653249133	0.69226590942188	0.473080278716387	FALSE	FALSE	FALSE	FALSE	FALSE	FALSE	469	Acinetobacter	1	-0.90187088166893	0.34369311864061	Higher in non-PMA	FALSE
1243|Leuconostoc	-0.297120969744	0.671225790808407	0.46510660055315	0.763840357036446	-0.638823378104363	0.878751410062482	0.526872891321071	0.385207388935661	0.740198448914998	0.473080278716387	FALSE	FALSE	TRUE	TRUE	FALSE	FALSE	1243	Leuconostoc	0.609375	-0.825901308983028	2.16835289059984	Higher in PMA	FALSE
124426|Ustilaginoidea	-0.875826796971713	0.685837063014416	0.681912526087108	0.715226597077644	-1.28436824880943	0.958908779143126	0.227635393092201	0.391185454300763	0.575207713727605	0.473858668869481	FALSE	FALSE	TRUE	FALSE	FALSE	FALSE	124426	Ustilaginoidea	0.21875	-0.716007067257767	2.0876811932866	Higher in PMA	FALSE
366614|Haematobacter	-0.46896655959071	0.724272402540857	0.58692725320497	0.819686531508559	-0.799019907543694	0.883596807681955	0.435980232316758	0.38999792226688	0.69226590942188	0.473858668869481	FALSE	FALSE	TRUE	FALSE	FALSE	FALSE	366614	Haematobacter	0.28125	-0.882313199215918	2.33085800429763	Higher in PMA	FALSE
1386|Bacillus	0.0209568389710449	-0.386632598783921	0.340011097653119	0.445419139560586	0.0616357498790382	-0.868019724445027	0.95111446227073	0.393707174678134	0.975729465055679	0.474467620765957	FALSE	FALSE	TRUE	TRUE	FALSE	FALSE	1386	Bacillus	0.796875	-1.25965411232267	0.486388914754827	Higher in non-PMA	FALSE
5453|Ascochyta	-0.87777567598339	0.630196309699533	0.592448131357892	0.672137790502889	-1.48160763706272	0.937599876995496	0.152503447882804	0.396513296004165	0.490935756882999	0.475411349800913	FALSE	FALSE	TRUE	TRUE	FALSE	FALSE	5453	Ascochyta	0.40625	-0.68719375968613	1.9475863790852	Higher in PMA	FALSE
1866885|Mycolicibacterium	-0.324312796109498	0.317517061066898	0.395517075166634	0.364968358226183	-0.819971668664023	0.869985175180918	0.419081825520709	0.408028609959202	0.69226590942188	0.486734636245749	FALSE	FALSE	TRUE	TRUE	FALSE	FALSE	1866885	Mycolicibacterium	0.5	-0.397820921056421	1.03285504319022	Higher in PMA	FALSE
90243|Oligella	-0.320422230016622	0.504821659293543	0.50981527007744	0.584526243869632	-0.628506537216804	0.863642419118027	0.544912049626786	0.43934237111614	0.740198448914998	0.521441703092388	FALSE	FALSE	FALSE	FALSE	FALSE	FALSE	90243	Oligella	0.203125	-0.640849778690936	1.65049309727802	Higher in PMA	FALSE
1839|Nocardioides	-0.490261044185202	0.542855443230244	0.456325138174672	0.730282397085112	-1.07436782059887	0.743350031983553	0.291835109767296	0.465094099327278	0.635011581438098	0.549231725336232	FALSE	FALSE	TRUE	TRUE	FALSE	FALSE	1839	Nocardioides	0.46875	-0.888498055056575	1.97420894151706	Higher in PMA	FALSE
547|Enterobacter	-0.297963473121361	0.300415884292782	0.318288436873679	0.452426328064382	-0.936142940183579	0.664010614895142	0.35543865866024	0.512432155561914	0.69226590942188	0.602107782785249	FALSE	FALSE	TRUE	TRUE	FALSE	FALSE	547	Enterobacter	0.59375	-0.586339718713408	1.18717148729897	Higher in PMA	FALSE
570|Klebsiella	0.0906894309841327	-0.235093349798271	0.273858236489381	0.356720338143736	0.331154659237899	-0.659041060068581	0.741982793815119	0.51550300791865	0.834286873428483	0.602702521695935	FALSE	FALSE	TRUE	TRUE	FALSE	FALSE	570	Klebsiella	0.796875	-0.934265212559994	0.464078512963452	Higher in non-PMA	FALSE
150366|Akanthomyces	-0.796202807097636	0.486860910743268	0.783781957453	0.688396140199807	-1.01584732785251	0.707239454599435	0.334444146239563	0.523057669221106	0.69226590942188	0.6085076844899	FALSE	FALSE	TRUE	FALSE	FALSE	FALSE	150366	Akanthomyces	0.21875	-0.862395524048354	1.83611734553489	Higher in PMA	FALSE
5269|Ustilago	-0.625338713183593	0.338393396465113	0.505093708413178	0.555628161085628	-1.23806474475436	0.609028519727896	0.241511614136228	0.568395854377207	0.591200305437641	0.656848083080926	FALSE	FALSE	TRUE	FALSE	FALSE	FALSE	5269	Ustilago	0.21875	-0.750637799262718	1.42742459219294	Higher in PMA	FALSE
5455|Colletotrichum	-0.763685886815728	0.475122921749339	0.989375909169568	0.757563237585368	-0.771886478878111	0.627172621606785	0.461020481315649	0.570200038078762	0.699841131360644	0.656848083080926	FALSE	FALSE	TRUE	FALSE	FALSE	FALSE	5455	Colletotrichum	0.203125	-1.00970102391798	1.95994686741666	Higher in PMA	FALSE
1883|Streptomyces	-0.267808725459013	0.260292875000512	0.322479751322966	0.489470724606059	-0.83046679476877	0.53178435791028	0.411476352581694	0.60013259011494	0.69226590942188	0.687956871595175	FALSE	FALSE	TRUE	TRUE	FALSE	FALSE	1883	Streptomyces	0.625	-0.699069745227363	1.21965549522839	Higher in PMA	FALSE
106589|Cupriavidus	0.022695765469631	-0.19508064960969	0.342593007688668	0.398696103271038	0.0662470189416588	-0.489296604629898	0.947491928803739	0.629066795034802	0.975729465055679	0.714157955715838	FALSE	FALSE	TRUE	TRUE	FALSE	FALSE	106589	Cupriavidus	0.78125	-0.976525012020924	0.586363712801544	Higher in non-PMA	FALSE
2800373|Priestia	-0.395693105057339	0.355348371415697	0.414287167961263	0.715553929048652	-0.95511793668284	0.496605995704812	0.358363737416913	0.628439137334978	0.69226590942188	0.714157955715838	FALSE	FALSE	TRUE	FALSE	FALSE	FALSE	2800373	Priestia	0.21875	-1.04713732951966	1.75783407235106	Higher in PMA	FALSE
475|Moraxella	0.181440447902946	-0.166659698373897	0.297425591787421	0.370733314529191	0.610036435710036	-0.449540658587817	0.544241408980439	0.656287325024518	0.740198448914998	0.737930724309865	FALSE	FALSE	TRUE	FALSE	FALSE	FALSE	475	Moraxella	0.953125	-0.893296994851112	0.559977598103318	Higher in non-PMA	FALSE
165695|Sphingobium	-0.00320827992278046	0.159572049450903	0.27594317730139	0.355032996807825	-0.0116265962947738	0.449456954383531	0.990766376100015	0.654900944557542	0.995000420442323	0.737930724309865	FALSE	FALSE	TRUE	FALSE	FALSE	FALSE	165695	Sphingobium	0.875	-0.536292624292435	0.855436723194241	Higher in PMA	FALSE
1955413|Abyssicoccus	-0.281912912836381	-0.338296775345786	0.443266745321861	0.744065710422275	-0.635989313007636	-0.454659811098935	0.530832755421651	0.662874300892782	0.740198448914998	0.741787908141922	FALSE	FALSE	TRUE	TRUE	FALSE	FALSE	1955413	Abyssicoccus	0.4375	-1.79666556777345	1.12007201708187	Higher in non-PMA	FALSE
219181|Ottowia	-0.387048728757509	0.328634282862065	0.334333089043057	0.7666925282741	-1.15767401266006	0.428638953351812	0.256443246726835	0.671353191313332	0.595292168201288	0.747715639614374	FALSE	FALSE	FALSE	FALSE	FALSE	FALSE	219181	Ottowia	0.484375	-1.17408307255517	1.8313516382793	Higher in PMA	FALSE
57495|Dermacoccus	-0.141138661456498	-0.222463874957076	0.346588055507985	0.518609299478751	-0.407223097315442	-0.428962371443535	0.686750614331299	0.676064251821899	0.819930201225142	0.749410845179935	FALSE	FALSE	TRUE	TRUE	FALSE	FALSE	57495	Dermacoccus	0.53125	-1.23893810193543	0.794010352021277	Higher in non-PMA	FALSE
98402|Drechmeria	-0.745528930773824	0.257923946202608	0.743771085963747	0.634712076365108	-1.00236342181519	0.406363697504696	0.339501703328655	0.705907197331727	0.69226590942188	0.778817799873032	FALSE	FALSE	TRUE	FALSE	FALSE	FALSE	98402	Drechmeria	0.21875	-0.986111723473003	1.50195961587822	Higher in PMA	FALSE
237|Flavobacterium	-0.0378852601289018	0.188417433749787	0.368835240378836	0.543457266810219	-0.102715944631509	0.346701470854716	0.919324105845918	0.732835731517879	0.960182954994626	0.801006497240472	FALSE	FALSE	TRUE	TRUE	FALSE	FALSE	237	Flavobacterium	0.3125	-0.876758809198242	1.25359367669781	Higher in PMA	FALSE
5206|Cryptococcus	-0.26311589712548	-0.215908132451317	0.499400041743882	0.583768991261806	-0.526863987048723	-0.369852005987224	0.608023632913914	0.731929168858342	0.785085460081153	0.801006497240472	FALSE	FALSE	TRUE	FALSE	FALSE	FALSE	5206	Cryptococcus	0.21875	-1.36009535532446	0.928279090421823	Higher in non-PMA	FALSE
357|Agrobacterium	0.00417709447565655	0.101257651665859	0.277345063749335	0.314625950277953	0.0150610016965429	0.321835028472395	0.988049516337705	0.750020327950393	0.995000420442323	0.815994338279362	FALSE	FALSE	TRUE	FALSE	FALSE	FALSE	357	Agrobacterium	0.859375	-0.515409210878929	0.717924514210647	Higher in PMA	FALSE
374|Bradyrhizobium	-0.226923897887432	0.11648653356722	0.302622391593189	0.372142243792024	-0.749858253028687	0.313016153125361	0.458566084263873	0.758461347246736	0.699841131360644	0.821375191718816	FALSE	FALSE	TRUE	TRUE	FALSE	FALSE	374	Bradyrhizobium	0.640625	-0.612912264265147	0.845885331399586	Higher in PMA	FALSE
551|Erwinia	-0.286199463049508	0.162952837169957	0.348392138747359	0.537228605969812	-0.821486569928174	0.303321221839616	0.41945527750343	0.764258883249817	0.69226590942188	0.823857053044528	FALSE	FALSE	TRUE	FALSE	FALSE	FALSE	551	Erwinia	0.40625	-0.890015230530875	1.21592090487079	Higher in PMA	FALSE
222|Achromobacter	-0.579830280232814	1.63901860625482	0.378766795474983	0.389453574504431	-1.53083714612759	4.20850831409219	0.209928996199607	0.790602758733533	0.554306900077614	0.834055955532204	FALSE	FALSE	TRUE	FALSE	FALSE	FALSE	222	Achromobacter	0.234375	0.875689600226136	2.40234761228351	Higher in PMA	FALSE
1375|Aerococcus	-0.158365416870596	-0.146281907451729	0.362063019318308	0.546936394217261	-0.437397382281035	-0.26745689077992	0.664307205829467	0.791465864185879	0.808489805038601	0.834055955532204	FALSE	FALSE	TRUE	TRUE	FALSE	FALSE	1375	Aerococcus	0.625	-1.21827724011756	0.925713425214102	Higher in non-PMA	FALSE
33196|Botrytis	-0.833650849641951	0.251485803856057	0.968198895362322	0.861422168254206	-0.861032638681105	0.291942572555021	0.409636284372915	0.79022763211957	0.69226590942188	0.834055955532204	FALSE	FALSE	TRUE	FALSE	FALSE	FALSE	33196	Botrytis	0.203125	-1.43690164592219	1.9398732536343	Higher in PMA	FALSE
150247|Anoxybacillus	-0.288991637960175	0.135807869491684	0.310710603218461	0.487460409471514	-0.930099053481558	0.278602870823749	0.362889179106536	0.783274588755334	0.69226590942188	0.834055955532204	FALSE	FALSE	TRUE	TRUE	FALSE	FALSE	150247	Anoxybacillus	0.359375	-0.819614533072483	1.09123027205585	Higher in PMA	FALSE
1920207|Thermothelomyces	-0.632049544762171	0.173864642349112	0.755782742342667	0.597035172219526	-0.836284701080941	0.291213399878531	0.424998608726585	0.783784759733047	0.69226590942188	0.834055955532204	FALSE	FALSE	TRUE	FALSE	FALSE	FALSE	1920207	Thermothelomyces	0.21875	-0.996324295201158	1.34405357989938	Higher in PMA	FALSE
125216|Roseomonas	-0.363407407974852	0.213264138981167	0.435787488760619	0.8196231114068	-0.833909686137121	0.260197810448659	0.412909207468351	0.797026423226506	0.69226590942188	0.836166113652807	FALSE	FALSE	TRUE	TRUE	FALSE	FALSE	125216	Roseomonas	0.390625	-1.39319715937616	1.81972543733849	Higher in PMA	FALSE
1696|Brevibacterium	-0.223805004394123	0.0908576880772912	0.304116169274975	0.462162046994151	-0.735919451200779	0.196592707402564	0.465969349140055	0.845117542223851	0.699841131360644	0.882678321878244	FALSE	FALSE	TRUE	TRUE	FALSE	FALSE	1696	Brevibacterium	0.671875	-0.814979924031244	0.996695300185827	Higher in PMA	FALSE
110932|Leifsonia	-0.332698411747745	0.134034863087891	0.583265968513205	0.798879376267638	-0.570406006364165	0.167778599710637	0.574185373723931	0.869105893354803	0.75805372373665	0.903716305037074	FALSE	FALSE	TRUE	FALSE	FALSE	FALSE	110932	Leifsonia	0.375	-1.43176871439668	1.69983844057246	Higher in PMA	FALSE
29002|Cercospora	-0.632292379549256	0.074580244869483	0.682427239969961	0.449777046527995	-0.926534497036033	0.165816031398661	0.369420537768944	0.875700348383947	0.69226590942188	0.906562034670606	FALSE	FALSE	TRUE	TRUE	FALSE	FALSE	29002	Cercospora	0.3125	-0.806982766325387	0.956143256064353	Higher in PMA	FALSE
149698|Massilia	-0.0607382268867373	0.054917244413266	0.296247029444542	0.411040332930658	-0.205025606503534	0.133605488351262	0.838618464645459	0.894401600157006	0.908181286597617	0.92186129840744	FALSE	FALSE	TRUE	TRUE	FALSE	FALSE	149698	Massilia	0.640625	-0.750721808130823	0.860556296957355	Higher in PMA	FALSE
1912215|Acidipropionibacterium	-0.485446229573303	0.098423711501533	0.376750798121994	0.811483507278036	-1.28850750149204	0.121288615996246	0.209871855653972	0.904748058768139	0.554306900077614	0.928453248080841	FALSE	FALSE	TRUE	TRUE	FALSE	FALSE	1912215	Acidipropionibacterium	0.40625	-1.49208396276342	1.68893138576648	Higher in PMA	FALSE
59732|Chryseobacterium	-0.0238900389202891	0.0434127037075963	0.286232376223486	0.390043611678565	-0.0834637899300257	0.111302178545543	0.93385295511691	0.911871695569686	0.971041789612716	0.931694993299462	FALSE	FALSE	TRUE	TRUE	FALSE	FALSE	59732	Chryseobacterium	0.734375	-0.721072775182392	0.807898182597584	Higher in PMA	FALSE
57499|Kytococcus	-0.273671944242898	-0.049034739017594	0.342719351788823	0.521678313872415	-0.798530759393856	-0.09399420622569	0.432442222020192	0.926718601499564	0.69226590942188	0.938702031691369	FALSE	FALSE	TRUE	TRUE	FALSE	FALSE	57499	Kytococcus	0.40625	-1.07152423420753	0.97345475617234	Higher in non-PMA	FALSE
196013|Caldimonas	-0.234081637051318	0.0411911535758977	0.318913135025821	0.420712544049163	-0.733998105886627	0.097908070863426	0.46755343669626	0.923095345308994	0.699841131360644	0.938702031691369	FALSE	FALSE	TRUE	TRUE	FALSE	FALSE	196013	Caldimonas	0.640625	-0.783405432760461	0.865787739912257	Higher in PMA	FALSE
5073|Penicillium	-0.751192299543041	-0.0496390658939123	0.788491001426831	0.70962527610056	-0.952696096954441	-0.0699510961146739	0.354246045512606	0.94630279863666	0.69226590942188	0.954425569440408	FALSE	FALSE	TRUE	TRUE	FALSE	FALSE	5073	Penicillium	0.34375	-1.44050460705101	1.34122647526319	Higher in non-PMA	FALSE
165696|Novosphingobium	-0.243314484804824	0.0241081170814613	0.277470761228936	0.389074349828351	-0.876901348910307	0.0619627510579845	0.388890200014569	0.951264523395916	0.69226590942188	0.955329756401882	FALSE	FALSE	TRUE	TRUE	FALSE	FALSE	165696	Novosphingobium	0.421875	-0.738477608582107	0.78669384274503	Higher in PMA	FALSE
1276290|Caldibacillus	NA	NA	NA	NA	NA	NA	1	1	1	1	FALSE	FALSE	TRUE	FALSE	FALSE	FALSE	1276290	Caldibacillus	0.234375	NA	NA	NA	FALSE
